{"textures":{"0":"bettermodel:item/lr_yeti_lr_yeti","particle":"bettermodel:item/lr_yeti_lr_yeti"},"elements":[{"from":[6.561322,-4.2287636,-0.63206863],"to":[19.509424,13.035374,16.632069],"faces":{"north":{"uv":[5.375,10.25,4.8125,11.0],"tintindex":0,"texture":"#0"},"east":{"uv":[10.4375,2.0625,9.6875,2.8125],"tintindex":0,"texture":"#0"},"south":{"uv":[8.1875,10.3125,7.625,11.0625],"tintindex":0,"texture":"#0"},"west":{"uv":[2.25,9.6875,1.5,10.4375],"tintindex":0,"texture":"#0"},"up":{"uv":[10.3125,9.5,10.875,8.75],"tintindex":0,"texture":"#0"},"down":{"uv":[5.9375,10.375,6.5,11.125],"tintindex":0,"texture":"#0"}}},{"from":[16.457527,-4.2287636,15.367931],"to":[16.457527,13.035374,24.0],"faces":{"north":{"uv":[0.0,0.0,0.0,0.75],"tintindex":0,"texture":"#0"},"east":{"uv":[10.875,5.0625,10.5,5.8125],"tintindex":0,"texture":"#0"},"south":{"uv":[0.0,0.0,0.0,0.75],"tintindex":0,"texture":"#0"},"west":{"uv":[10.5,5.0625,10.875,5.8125],"tintindex":0,"texture":"#0"},"up":{"uv":[0.0,0.375,0.0,0.0],"tintindex":0,"texture":"#0"},"down":{"uv":[0.0,0.0,0.0,0.375],"tintindex":0,"texture":"#0"}},"rotation":{"angle":-45.0,"axis":"y","origin":[16.457527,4.403305,19.683966]}}]}