{"textures":{"0":"bettermodel:item/lr_yeti_icespikes_lr_yeti_icespikes","particle":"bettermodel:item/lr_yeti_icespikes_lr_yeti_icespikes"},"elements":[{"from":[-8.0,-8.0,-8.0],"to":[24.0,24.0,24.0],"faces":{"north":{"uv":[0.0,0.0,4.0,4.0],"tintindex":0,"texture":"#0"},"east":{"uv":[0.0,0.0,4.0,4.0],"tintindex":0,"texture":"#0"},"south":{"uv":[0.0,0.0,4.0,4.0],"tintindex":0,"texture":"#0"},"west":{"uv":[0.0,0.0,4.0,4.0],"tintindex":0,"texture":"#0"},"up":{"uv":[0.0,0.0,4.0,4.0],"tintindex":0,"texture":"#0"},"down":{"uv":[0.0,0.0,4.0,4.0],"tintindex":0,"texture":"#0"}}}]}