{"textures":{"0":"bettermodel:item/lr_yeti_lr_yeti","particle":"bettermodel:item/lr_yeti_lr_yeti"},"elements":[{"from":[2.5632038,-0.15519428,8.0],"to":[13.436796,8.0,18.873592],"faces":{"north":{"uv":[6.75,10.6875,7.25,11.0625],"tintindex":0,"texture":"#0"},"east":{"uv":[10.625,10.75,11.125,11.125],"tintindex":0,"texture":"#0"},"south":{"uv":[10.8125,3.1875,11.3125,3.5625],"tintindex":0,"texture":"#0"},"west":{"uv":[10.8125,3.5625,11.3125,3.9375],"tintindex":0,"texture":"#0"},"up":{"uv":[9.75,11.0,9.25,10.5],"tintindex":0,"texture":"#0"},"down":{"uv":[10.25,10.5,9.75,11.0],"tintindex":0,"texture":"#0"}}},{"from":[5.482832,-4.232791,15.844806],"to":[5.482832,8.0,24.0],"faces":{"north":{"uv":[0.0,0.0,0.0,0.5625],"tintindex":0,"texture":"#0"},"east":{"uv":[11.0,9.875,10.625,10.4375],"tintindex":0,"texture":"#0"},"south":{"uv":[0.0,0.0,0.0,0.5625],"tintindex":0,"texture":"#0"},"west":{"uv":[10.625,9.875,11.0,10.4375],"tintindex":0,"texture":"#0"},"up":{"uv":[0.0,0.375,0.0,0.0],"tintindex":0,"texture":"#0"},"down":{"uv":[0.0,0.0,0.0,0.375],"tintindex":0,"texture":"#0"}},"rotation":{"angle":22.5,"axis":"y","origin":[5.482832,1.8836045,19.922403]}},{"from":[3.9224029,-6.951189,8.0],"to":[12.077597,-0.15519428,16.155193],"faces":{"north":{"uv":[6.6875,4.375,7.0625,4.6875],"tintindex":0,"texture":"#0"},"east":{"uv":[10.8125,6.9375,11.1875,7.25],"tintindex":0,"texture":"#0"},"south":{"uv":[10.875,5.5,11.25,5.8125],"tintindex":0,"texture":"#0"},"west":{"uv":[8.875,10.875,9.25,11.1875],"tintindex":0,"texture":"#0"},"up":{"uv":[7.625,11.0625,7.25,10.6875],"tintindex":0,"texture":"#0"},"down":{"uv":[11.1875,6.5625,10.8125,6.9375],"tintindex":0,"texture":"#0"}}}]}