{"textures":{"0":"bettermodel:item/lr_yeti_snowball_parts_lr_yeti_snowball","1":"bettermodel:item/lr_yeti_snowball_parts_lr_yeti","2":"bettermodel:item/lr_yeti_snowball_parts_lr_yeti_damage","3":"bettermodel:item/lr_yeti_snowball_parts_lr_yeti_damage_e","particle":"bettermodel:item/lr_yeti_snowball_parts_lr_yeti_snowball"},"elements":[{"from":[0.55140495,-0.15519524,-5.0624666],"to":[15.955663,8.0,8.529527],"faces":{"north":{"uv":[9.0625,1.5,10.125,2.0625],"tintindex":0,"texture":"#2"},"east":{"uv":[8.625,9.75,7.6875,10.3125],"tintindex":0,"texture":"#2"},"south":{"uv":[9.125,3.5,10.1875,4.0625],"tintindex":0,"texture":"#2"},"west":{"uv":[7.6875,9.75,8.625,10.3125],"tintindex":0,"texture":"#2"},"up":{"uv":[8.0625,8.9375,7.0,8.0],"tintindex":0,"texture":"#2"},"down":{"uv":[9.125,3.5,8.0625,4.4375],"tintindex":0,"texture":"#2"}}},{"from":[0.55140495,-8.0,-3.502036],"to":[15.955663,0.15519524,-3.502036],"faces":{"north":{"uv":[10.1875,7.4375,9.125,8.0],"tintindex":0,"texture":"#2"},"east":{"uv":[0.0,0.0,0.0,0.5625],"tintindex":0,"texture":"#2"},"south":{"uv":[9.125,7.4375,10.1875,8.0],"tintindex":0,"texture":"#2"},"west":{"uv":[0.0,0.0,0.0,0.5625],"tintindex":0,"texture":"#2"},"up":{"uv":[1.0625,0.0,0.0,0.0],"tintindex":0,"texture":"#2"},"down":{"uv":[1.0625,0.0,0.0,0.0],"tintindex":0,"texture":"#2"}},"rotation":{"angle":-22.5,"axis":"x","origin":[8.253533,-3.9224024,-3.502036]}},{"from":[-1.0090246,-2.8735943,0.06394243],"to":[-1.0090246,8.0,10.937536],"faces":{"north":{"uv":[0.0,0.0,0.0,0.75],"tintindex":0,"texture":"#2"},"east":{"uv":[10.375,8.0,9.625,8.75],"tintindex":0,"texture":"#2"},"south":{"uv":[0.0,0.0,0.0,0.75],"tintindex":0,"texture":"#2"},"west":{"uv":[9.625,8.0,10.375,8.75],"tintindex":0,"texture":"#2"},"up":{"uv":[0.0,0.75,0.0,0.0],"tintindex":0,"texture":"#2"},"down":{"uv":[0.0,0.0,0.0,0.75],"tintindex":0,"texture":"#2"}},"rotation":{"angle":-22.5,"axis":"y","origin":[-1.0090246,3.9224024,6.859939]}},{"from":[-0.83564377,-7.128357,-4.156333],"to":[-0.83564377,0.12071228,8.529527],"faces":{"north":{"uv":[0.0,0.0,0.0,0.5],"tintindex":0,"texture":"#2"},"east":{"uv":[11.125,4.1875,10.25,4.6875],"tintindex":0,"texture":"#2"},"south":{"uv":[0.0,0.0,0.0,0.5],"tintindex":0,"texture":"#2"},"west":{"uv":[10.25,4.1875,11.125,4.6875],"tintindex":0,"texture":"#2"},"up":{"uv":[0.0,0.875,0.0,0.0],"tintindex":0,"texture":"#2"},"down":{"uv":[0.0,0.0,0.0,0.875],"tintindex":0,"texture":"#2"}},"rotation":{"angle":-22.5,"axis":"z","origin":[-0.83564377,-3.5038261,3.5457964]}},{"from":[17.516092,-2.8735943,0.06394243],"to":[17.516092,8.0,10.937536],"faces":{"north":{"uv":[0.0,0.0,0.0,0.75],"tintindex":0,"texture":"#2"},"east":{"uv":[10.375,8.0,9.625,8.75],"tintindex":0,"texture":"#2"},"south":{"uv":[0.0,0.0,0.0,0.75],"tintindex":0,"texture":"#2"},"west":{"uv":[9.625,8.0,10.375,8.75],"tintindex":0,"texture":"#2"},"up":{"uv":[0.0,0.75,0.0,0.0],"tintindex":0,"texture":"#2"},"down":{"uv":[0.0,0.0,0.0,0.75],"tintindex":0,"texture":"#2"}},"rotation":{"angle":22.5,"axis":"y","origin":[17.516092,3.9224024,6.859939]}},{"from":[17.342712,-7.128357,-4.156333],"to":[17.342712,0.12071228,8.529527],"faces":{"north":{"uv":[0.0,0.0,0.0,0.5],"tintindex":0,"texture":"#2"},"east":{"uv":[11.125,4.1875,10.25,4.6875],"tintindex":0,"texture":"#2"},"south":{"uv":[0.0,0.0,0.0,0.5],"tintindex":0,"texture":"#2"},"west":{"uv":[10.25,4.1875,11.125,4.6875],"tintindex":0,"texture":"#2"},"up":{"uv":[0.0,0.875,0.0,0.0],"tintindex":0,"texture":"#2"},"down":{"uv":[0.0,0.0,0.0,0.875],"tintindex":0,"texture":"#2"}},"rotation":{"angle":22.5,"axis":"z","origin":[17.342712,-3.5038261,3.5457964]}},{"from":[0.55140495,8.0,-5.0624666],"to":[4.1759357,12.530664,-1.4379339],"faces":{"north":{"uv":[5.8125,6.5,6.0625,6.8125],"tintindex":0,"texture":"#2"},"east":{"uv":[1.75,7.0625,2.0,7.375],"tintindex":0,"texture":"#2"},"south":{"uv":[1.5,8.75,1.75,9.0625],"tintindex":0,"texture":"#2"},"west":{"uv":[6.75,9.0,7.0,9.3125],"tintindex":0,"texture":"#2"},"up":{"uv":[1.75,9.5625,1.5,9.3125],"tintindex":0,"texture":"#2"},"down":{"uv":[7.0,9.5625,6.75,9.8125],"tintindex":0,"texture":"#2"}}},{"from":[12.331131,8.0,-5.0624666],"to":[15.955663,16.155195,-1.4379339],"faces":{"north":{"uv":[6.0625,6.5,5.8125,7.0625],"tintindex":0,"texture":"#2"},"east":{"uv":[7.0,9.0,6.75,9.5625],"tintindex":0,"texture":"#2"},"south":{"uv":[1.75,8.75,1.5,9.3125],"tintindex":0,"texture":"#2"},"west":{"uv":[2.0,7.0625,1.75,7.625],"tintindex":0,"texture":"#2"},"up":{"uv":[1.5,9.5625,1.75,9.3125],"tintindex":0,"texture":"#2"},"down":{"uv":[6.75,9.5625,7.0,9.8125],"tintindex":0,"texture":"#2"}}}]}