{"textures":{"0":"bettermodel:item/lr_yeti_snowball_parts_lr_yeti_snowball","1":"bettermodel:item/lr_yeti_snowball_parts_lr_yeti","2":"bettermodel:item/lr_yeti_snowball_parts_lr_yeti_damage","3":"bettermodel:item/lr_yeti_snowball_parts_lr_yeti_damage_e","particle":"bettermodel:item/lr_yeti_snowball_parts_lr_yeti_snowball"},"elements":[{"from":[4.676153,-4.3457155,-1.0218687],"to":[12.273518,8.0,8.949671],"faces":{"north":{"uv":[7.0625,4.6875,6.0625,6.3125],"tintindex":0,"texture":"#2"},"east":{"uv":[3.3125,5.0625,2.0,6.6875],"tintindex":0,"texture":"#2"},"south":{"uv":[7.0625,6.3125,6.0625,7.9375],"tintindex":0,"texture":"#2"},"west":{"uv":[5.3125,3.5,4.0,5.125],"tintindex":0,"texture":"#2"},"up":{"uv":[2.0,8.0,3.0,6.6875],"tintindex":0,"texture":"#2"},"down":{"uv":[6.6875,3.0625,7.6875,4.375],"tintindex":0,"texture":"#2"}}},{"from":[6.6131353,-7.493314,-0.07219887],"to":[11.836323,-3.2197971,8.0],"faces":{"north":{"uv":[11.0625,7.8125,10.375,8.375],"tintindex":0,"texture":"#2"},"east":{"uv":[10.25,4.625,9.1875,5.1875],"tintindex":0,"texture":"#2"},"south":{"uv":[1.375,10.4375,0.6875,11.0],"tintindex":0,"texture":"#2"},"west":{"uv":[10.25,4.0625,9.1875,4.625],"tintindex":0,"texture":"#2"},"up":{"uv":[8.625,9.9375,9.3125,8.875],"tintindex":0,"texture":"#2"},"down":{"uv":[7.0,8.9375,7.6875,10.0],"tintindex":0,"texture":"#2"}},"rotation":{"angle":-22.5,"axis":"z","origin":[9.224729,-4.8817205,3.4890656]}},{"from":[5.188629,-7.968149,-0.54703426],"to":[8.037641,-3.2197971,3.7264829],"faces":{"north":{"uv":[10.625,10.5,10.25,11.125],"tintindex":0,"texture":"#2"},"east":{"uv":[2.5,10.4375,1.9375,11.0625],"tintindex":0,"texture":"#2"},"south":{"uv":[0.375,10.625,0.0,11.25],"tintindex":0,"texture":"#2"},"west":{"uv":[1.9375,10.4375,1.375,11.0625],"tintindex":0,"texture":"#2"},"up":{"uv":[10.625,3.1875,11.0,2.625],"tintindex":0,"texture":"#2"},"down":{"uv":[3.625,10.625,4.0,11.1875],"tintindex":0,"texture":"#2"}},"rotation":{"angle":-22.5,"axis":"z","origin":[9.224729,-4.8817205,3.4890656]}},{"from":[12.273043,-4.3457155,8.949671],"to":[12.273043,8.0,11.798681],"faces":{"north":{"uv":[0.0,0.0,0.0,1.625],"tintindex":0,"texture":"#2"},"east":{"uv":[4.4375,8.6875,4.8125,10.3125],"tintindex":0,"texture":"#2"},"south":{"uv":[0.0,0.0,0.0,1.625],"tintindex":0,"texture":"#2"},"west":{"uv":[4.8125,8.6875,4.4375,10.3125],"tintindex":0,"texture":"#2"},"up":{"uv":[0.0,0.375,0.0,0.0],"tintindex":0,"texture":"#2"},"down":{"uv":[0.0,0.0,0.0,0.375],"tintindex":0,"texture":"#2"}}},{"from":[12.909508,-7.5430574,-1.0218687],"to":[12.909508,-4.2192106,8.949671],"faces":{"north":{"uv":[0.0,0.0,0.0,0.4375],"tintindex":0,"texture":"#2"},"east":{"uv":[10.5,5.625,9.1875,6.0625],"tintindex":0,"texture":"#2"},"south":{"uv":[0.0,0.0,0.0,0.4375],"tintindex":0,"texture":"#2"},"west":{"uv":[9.1875,5.625,10.5,6.0625],"tintindex":0,"texture":"#2"},"up":{"uv":[0.0,1.3125,0.0,0.0],"tintindex":0,"texture":"#2"},"down":{"uv":[0.0,0.0,0.0,1.3125],"tintindex":0,"texture":"#2"}},"rotation":{"angle":22.5,"axis":"z","origin":[12.909508,-5.881134,3.9639006]}},{"from":[4.676153,-8.0,9.676078],"to":[12.273518,-4.201318,9.676078],"faces":{"north":{"uv":[9.9375,6.0625,10.9375,6.5625],"tintindex":0,"texture":"#2"},"east":{"uv":[0.0,0.0,0.0,0.5],"tintindex":0,"texture":"#2"},"south":{"uv":[10.9375,6.0625,9.9375,6.5625],"tintindex":0,"texture":"#2"},"west":{"uv":[0.0,0.0,0.0,0.5],"tintindex":0,"texture":"#2"},"up":{"uv":[0.0,0.0,1.0,0.0],"tintindex":0,"texture":"#2"},"down":{"uv":[0.0,0.0,1.0,0.0],"tintindex":0,"texture":"#2"}},"rotation":{"angle":-22.5,"axis":"x","origin":[8.474835,-6.1006594,9.676078]}},{"from":[4.676153,-8.0,-1.7482767],"to":[12.273518,-4.201318,-1.7482767],"faces":{"north":{"uv":[9.625,10.0,8.625,10.5],"tintindex":0,"texture":"#2"},"east":{"uv":[0.0,0.0,0.0,0.5],"tintindex":0,"texture":"#2"},"south":{"uv":[8.625,10.0,9.625,10.5],"tintindex":0,"texture":"#2"},"west":{"uv":[0.0,0.0,0.0,0.5],"tintindex":0,"texture":"#2"},"up":{"uv":[0.0,0.0,1.0,0.0],"tintindex":0,"texture":"#2"},"down":{"uv":[0.0,0.0,1.0,0.0],"tintindex":0,"texture":"#2"}},"rotation":{"angle":22.5,"axis":"x","origin":[8.474835,-6.1006594,-1.7482767]}},{"from":[4.040163,-7.5430574,-1.0218687],"to":[4.040163,-4.2192106,8.949671],"faces":{"north":{"uv":[0.0,0.0,0.0,0.4375],"tintindex":0,"texture":"#2"},"east":{"uv":[9.3125,0.0,10.625,0.4375],"tintindex":0,"texture":"#2"},"south":{"uv":[0.0,0.0,0.0,0.4375],"tintindex":0,"texture":"#2"},"west":{"uv":[10.625,0.0,9.3125,0.4375],"tintindex":0,"texture":"#2"},"up":{"uv":[0.0,1.3125,0.0,0.0],"tintindex":0,"texture":"#2"},"down":{"uv":[0.0,0.0,0.0,1.3125],"tintindex":0,"texture":"#2"}},"rotation":{"angle":-22.5,"axis":"z","origin":[4.040163,-5.881134,3.9639006]}}]}