{"textures":{"0":"bettermodel:item/lr_yeti_icespikes_lr_yeti_icespikes","particle":"bettermodel:item/lr_yeti_icespikes_lr_yeti_icespikes"},"elements":[{"from":[6.2978725,-8.0,5.957447],"to":[8.3404255,-3.2340422,9.021276],"faces":{"north":{"uv":[10.25,7.0,11.75,10.5],"tintindex":0,"texture":"#0"},"east":{"uv":[10.25,0.0,12.5,3.5],"tintindex":0,"texture":"#0"},"south":{"uv":[10.25,10.5,11.75,14.0],"tintindex":0,"texture":"#0"},"west":{"uv":[10.25,3.5,12.5,7.0],"tintindex":0,"texture":"#0"},"up":{"uv":[1.5,13.75,0.0,11.5],"tintindex":0,"texture":"#0"},"down":{"uv":[3.0,11.5,1.5,13.75],"tintindex":0,"texture":"#0"}}},{"from":[8.0,-8.0,5.6170216],"to":[9.702127,0.8510637,9.021276],"faces":{"north":{"uv":[9.0,0.0,10.25,6.5],"tintindex":0,"texture":"#0"},"east":{"uv":[4.5,0.0,7.0,6.5],"tintindex":0,"texture":"#0"},"south":{"uv":[9.0,6.5,10.25,13.0],"tintindex":0,"texture":"#0"},"west":{"uv":[4.5,6.5,7.0,13.0],"tintindex":0,"texture":"#0"},"up":{"uv":[4.25,14.0,3.0,11.5],"tintindex":0,"texture":"#0"},"down":{"uv":[8.25,11.5,7.0,14.0],"tintindex":0,"texture":"#0"}}},{"from":[7.319149,-8.0,6.638298],"to":[8.680851,7.6595745,9.702127],"faces":{"north":{"uv":[7.0,0.0,8.0,11.5],"tintindex":0,"texture":"#0"},"east":{"uv":[0.0,0.0,2.25,11.5],"tintindex":0,"texture":"#0"},"south":{"uv":[8.0,0.0,9.0,11.5],"tintindex":0,"texture":"#0"},"west":{"uv":[2.25,0.0,4.5,11.5],"tintindex":0,"texture":"#0"},"up":{"uv":[12.75,9.25,11.75,7.0],"tintindex":0,"texture":"#0"},"down":{"uv":[12.75,9.25,11.75,11.5],"tintindex":0,"texture":"#0"}}}]}