{"textures":{"0":"bettermodel:item/lr_yeti_snowball_parts_lr_yeti_snowball","1":"bettermodel:item/lr_yeti_snowball_parts_lr_yeti","2":"bettermodel:item/lr_yeti_snowball_parts_lr_yeti_damage","3":"bettermodel:item/lr_yeti_snowball_parts_lr_yeti_damage_e","particle":"bettermodel:item/lr_yeti_snowball_parts_lr_yeti_snowball"},"elements":[{"from":[2.7703705,-1.6888895,5.6444445],"to":[13.466667,2.814815,10.148148],"faces":{"north":{"uv":[12.75,3.5,15.125,4.5],"tintindex":0,"texture":"#0"},"east":{"uv":[9.375,12.875,10.375,13.875],"tintindex":0,"texture":"#0"},"south":{"uv":[12.375,12.625,14.75,13.625],"tintindex":0,"texture":"#0"},"west":{"uv":[8.375,12.875,9.375,13.875],"tintindex":0,"texture":"#0"},"up":{"uv":[15.125,5.5,12.75,4.5],"rotation":180.0,"tintindex":0,"texture":"#0"},"down":{"uv":[15.125,5.5,12.75,6.5],"rotation":180.0,"tintindex":0,"texture":"#0"}}},{"from":[8.962963,-1.6888895,4.5185184],"to":[14.592592,0.562963,8.459259],"faces":{"north":{"uv":[2.25,12.0,3.5,12.5],"tintindex":0,"texture":"#0"},"east":{"uv":[13.25,13.625,14.125,14.125],"tintindex":0,"texture":"#0"},"south":{"uv":[6.5,8.0,7.75,8.5],"tintindex":0,"texture":"#0"},"west":{"uv":[12.375,13.625,13.25,14.125],"tintindex":0,"texture":"#0"},"up":{"uv":[14.0,8.5,12.75,7.625],"rotation":180.0,"tintindex":0,"texture":"#0"},"down":{"uv":[8.375,12.875,7.125,13.75],"rotation":180.0,"tintindex":0,"texture":"#0"}}},{"from":[1.644444,-1.6888895,4.5185184],"to":[5.0222225,0.562963,8.459259],"faces":{"north":{"uv":[7.125,13.75,7.875,14.25],"tintindex":0,"texture":"#0"},"east":{"uv":[13.75,7.0,14.625,7.5],"tintindex":0,"texture":"#0"},"south":{"uv":[12.0,3.5,12.75,4.0],"tintindex":0,"texture":"#0"},"west":{"uv":[13.75,6.5,14.625,7.0],"tintindex":0,"texture":"#0"},"up":{"uv":[13.75,11.25,13.0,10.375],"rotation":180.0,"tintindex":0,"texture":"#0"},"down":{"uv":[13.75,11.25,13.0,12.125],"rotation":180.0,"tintindex":0,"texture":"#0"}}},{"from":[9.525927,-1.6888895,8.459259],"to":[14.029629,0.562963,13.525927],"faces":{"north":{"uv":[13.5,9.5,14.5,10.0],"tintindex":0,"texture":"#0"},"east":{"uv":[13.5,8.5,14.625,9.0],"tintindex":0,"texture":"#0"},"south":{"uv":[13.5,9.0,14.5,9.5],"tintindex":0,"texture":"#0"},"west":{"uv":[13.0,12.125,14.125,12.625],"tintindex":0,"texture":"#0"},"up":{"uv":[13.75,7.625,12.75,6.5],"rotation":180.0,"tintindex":0,"texture":"#0"},"down":{"uv":[7.125,12.875,6.125,14.0],"rotation":180.0,"tintindex":0,"texture":"#0"}}},{"from":[1.4814816,-8.0,4.4444447],"to":[15.111111,-1.4814816,13.925926],"faces":{"north":{"uv":[4.375,5.625,7.375,6.375],"tintindex":0,"texture":"#0"},"east":{"uv":[4.375,5.625,5.625,6.375],"tintindex":0,"texture":"#0"},"south":{"uv":[4.375,5.625,7.375,6.375],"tintindex":0,"texture":"#0"},"west":{"uv":[4.375,5.625,5.625,6.375],"tintindex":0,"texture":"#0"},"up":{"uv":[4.375,5.625,7.375,7.625],"tintindex":0,"texture":"#0"},"down":{"uv":[4.375,5.625,7.375,7.625],"tintindex":0,"texture":"#0"}}}]}