{"textures":{"0":"bettermodel:item/lr_yeti_lr_yeti","particle":"bettermodel:item/lr_yeti_lr_yeti"},"elements":[{"from":[9.333333,-8.0,7.333333],"to":[11.555555,-0.8888893,8.666667],"faces":{"north":{"uv":[11.75,1.625,12.0625,2.625],"tintindex":0,"texture":"#0"},"east":{"uv":[12.25,1.625,12.4375,2.625],"tintindex":0,"texture":"#0"},"south":{"uv":[11.4375,1.625,11.75,2.625],"tintindex":0,"texture":"#0"},"west":{"uv":[12.0625,1.625,12.25,2.625],"tintindex":0,"texture":"#0"},"up":{"uv":[12.4375,1.8125,12.75,2.0],"tintindex":0,"texture":"#0"},"down":{"uv":[12.4375,1.625,12.75,1.8125],"tintindex":0,"texture":"#0"}}},{"from":[4.4444447,-8.0,7.333333],"to":[6.6666665,-0.8888893,8.666667],"faces":{"north":{"uv":[13.5,0.625,13.8125,1.625],"tintindex":0,"texture":"#0"},"east":{"uv":[14.0,0.625,14.1875,1.625],"tintindex":0,"texture":"#0"},"south":{"uv":[13.1875,0.625,13.5,1.625],"tintindex":0,"texture":"#0"},"west":{"uv":[13.8125,0.625,14.0,1.625],"tintindex":0,"texture":"#0"},"up":{"uv":[13.5,1.625,13.8125,1.8125],"tintindex":0,"texture":"#0"},"down":{"uv":[13.1875,1.625,13.5,1.8125],"tintindex":0,"texture":"#0"}}},{"from":[6.6666665,-8.0,7.333333],"to":[9.333333,-5.7777767,8.666667],"faces":{"north":{"uv":[13.25,0.3125,13.625,0.625],"tintindex":0,"texture":"#0"},"east":{"uv":[13.0625,0.3125,13.25,0.625],"tintindex":0,"texture":"#0"},"south":{"uv":[13.25,0.0,13.625,0.3125],"tintindex":0,"texture":"#0"},"west":{"uv":[13.0625,0.0,13.25,0.3125],"tintindex":0,"texture":"#0"},"up":{"uv":[13.625,0.1875,14.0,0.375],"tintindex":0,"texture":"#0"},"down":{"uv":[13.625,0.0,14.0,0.1875],"tintindex":0,"texture":"#0"}}},{"from":[6.6666665,-3.5555544,6.888889],"to":[9.333333,-0.44444466,9.111111],"faces":{"north":{"uv":[11.8125,0.75,12.1875,1.1875],"tintindex":0,"texture":"#0"},"east":{"uv":[12.875,0.75,13.1875,1.1875],"tintindex":0,"texture":"#0"},"south":{"uv":[11.4375,0.75,11.8125,1.1875],"tintindex":0,"texture":"#0"},"west":{"uv":[12.5625,0.75,12.875,1.1875],"tintindex":0,"texture":"#0"},"up":{"uv":[12.1875,1.0625,12.5625,1.375],"tintindex":0,"texture":"#0"},"down":{"uv":[12.1875,0.75,12.5625,1.0625],"tintindex":0,"texture":"#0"}}},{"from":[3.1111112,-1.7777767,8.0],"to":[12.888889,8.0,8.0],"faces":{"north":{"uv":[14.625,0.0,16.0,1.375],"tintindex":0,"texture":"#0"},"east":{"uv":[0.0,0.0,0.0,1.375],"tintindex":0,"texture":"#0"},"south":{"uv":[14.625,0.0,16.0,1.375],"tintindex":0,"texture":"#0"},"west":{"uv":[0.0,0.0,0.0,1.375],"tintindex":0,"texture":"#0"},"up":{"uv":[0.0,0.0,1.375,0.0],"tintindex":0,"texture":"#0"},"down":{"uv":[0.0,0.0,1.375,0.0],"tintindex":0,"texture":"#0"}}},{"from":[3.1111112,0.0,7.333333],"to":[12.888889,1.3333335,8.666667],"faces":{"north":{"uv":[11.4375,0.0,12.8125,0.1875],"tintindex":0,"texture":"#0"},"east":{"uv":[12.8125,0.1875,13.0,0.375],"tintindex":0,"texture":"#0"},"south":{"uv":[11.4375,0.5625,12.8125,0.75],"tintindex":0,"texture":"#0"},"west":{"uv":[12.8125,0.0,13.0,0.1875],"tintindex":0,"texture":"#0"},"up":{"uv":[11.4375,0.375,12.8125,0.5625],"tintindex":0,"texture":"#0"},"down":{"uv":[11.4375,0.1875,12.8125,0.375],"tintindex":0,"texture":"#0"}}}]}