{"textures":{"0":"bettermodel:item/concussion_concussion","1":"bettermodel:item/concussion_concussion_e","particle":"bettermodel:item/concussion_concussion"},"elements":[{"from":[23.600723,5.6426764,11.109248],"to":[23.600723,10.357324,17.395447],"faces":{"north":{"uv":[0.0,0.0,0.0,3.0],"tintindex":-2,"texture":"#0"},"east":{"uv":[12.0,2.0,16.0,5.0],"tintindex":-2,"texture":"#0"},"south":{"uv":[0.0,0.0,0.0,3.0],"tintindex":-2,"texture":"#0"},"west":{"uv":[12.0,2.0,16.0,5.0],"tintindex":-2,"texture":"#0"},"up":{"uv":[0.0,4.0,0.0,0.0],"tintindex":-2,"texture":"#0"},"down":{"uv":[0.0,0.0,0.0,4.0],"tintindex":-2,"texture":"#0"}},"rotation":{"angle":-22.5,"axis":"y","origin":[23.600723,8.0,11.109248]}},{"from":[21.195478,5.6426764,16.982735],"to":[21.195478,10.357324,23.268932],"faces":{"north":{"uv":[0.0,0.0,0.0,3.0],"tintindex":-2,"texture":"#0"},"east":{"uv":[12.0,2.0,16.0,5.0],"tintindex":-2,"texture":"#0"},"south":{"uv":[0.0,0.0,0.0,3.0],"tintindex":-2,"texture":"#0"},"west":{"uv":[12.0,2.0,16.0,5.0],"tintindex":-2,"texture":"#0"},"up":{"uv":[0.0,4.0,0.0,0.0],"tintindex":-2,"texture":"#0"},"down":{"uv":[0.0,0.0,0.0,4.0],"tintindex":-2,"texture":"#0"}},"rotation":{"angle":-45.0,"axis":"y","origin":[21.195478,8.0,16.982735]}},{"from":[-1.6283827,5.6426764,23.832859],"to":[4.6578145,10.357324,23.832859],"faces":{"north":{"uv":[12.0,2.0,16.0,5.0],"tintindex":-2,"texture":"#0"},"east":{"uv":[0.0,0.0,0.0,3.0],"tintindex":-2,"texture":"#0"},"south":{"uv":[12.0,2.0,16.0,5.0],"tintindex":-2,"texture":"#0"},"west":{"uv":[0.0,0.0,0.0,3.0],"tintindex":-2,"texture":"#0"},"up":{"uv":[0.0,4.0,0.0,0.0],"rotation":90.0,"tintindex":-2,"texture":"#0"},"down":{"uv":[0.0,0.0,0.0,4.0],"rotation":270.0,"tintindex":-2,"texture":"#0"}},"rotation":{"angle":-22.5,"axis":"y","origin":[4.6578145,8.0,23.832859]}},{"from":[10.464835,5.6426764,21.427368],"to":[16.751034,10.357324,21.427368],"faces":{"north":{"uv":[12.0,2.0,16.0,5.0],"tintindex":-2,"texture":"#0"},"east":{"uv":[0.0,0.0,0.0,3.0],"tintindex":-2,"texture":"#0"},"south":{"uv":[12.0,2.0,16.0,5.0],"tintindex":-2,"texture":"#0"},"west":{"uv":[0.0,0.0,0.0,3.0],"tintindex":-2,"texture":"#0"},"up":{"uv":[0.0,4.0,0.0,0.0],"rotation":90.0,"tintindex":-2,"texture":"#0"},"down":{"uv":[0.0,0.0,0.0,4.0],"rotation":270.0,"tintindex":-2,"texture":"#0"}},"rotation":{"angle":22.5,"axis":"y","origin":[16.751034,8.0,21.427368]}},{"from":[10.465346,5.6426764,-5.363262],"to":[16.751545,10.357324,-5.363262],"faces":{"north":{"uv":[16.0,2.0,12.0,5.0],"tintindex":-2,"texture":"#0"},"east":{"uv":[0.0,0.0,0.0,3.0],"tintindex":-2,"texture":"#0"},"south":{"uv":[16.0,2.0,12.0,5.0],"tintindex":-2,"texture":"#0"},"west":{"uv":[0.0,0.0,0.0,3.0],"tintindex":-2,"texture":"#0"},"up":{"uv":[0.0,4.0,0.0,0.0],"rotation":90.0,"tintindex":-2,"texture":"#0"},"down":{"uv":[0.0,0.0,0.0,4.0],"rotation":270.0,"tintindex":-2,"texture":"#0"}},"rotation":{"angle":-22.5,"axis":"y","origin":[16.751545,8.0,-5.363262]}},{"from":[-1.6278715,5.6426764,-7.768753],"to":[4.658326,10.357324,-7.768753],"faces":{"north":{"uv":[16.0,2.0,12.0,5.0],"tintindex":-2,"texture":"#0"},"east":{"uv":[0.0,0.0,0.0,3.0],"tintindex":-2,"texture":"#0"},"south":{"uv":[16.0,2.0,12.0,5.0],"tintindex":-2,"texture":"#0"},"west":{"uv":[0.0,0.0,0.0,3.0],"tintindex":-2,"texture":"#0"},"up":{"uv":[0.0,4.0,0.0,0.0],"rotation":90.0,"tintindex":-2,"texture":"#0"},"down":{"uv":[0.0,0.0,0.0,4.0],"rotation":270.0,"tintindex":-2,"texture":"#0"}},"rotation":{"angle":22.5,"axis":"y","origin":[4.658326,8.0,-7.768753]}},{"from":[21.195322,5.6426764,-7.2032137],"to":[21.195322,10.357324,-0.9170151],"faces":{"north":{"uv":[0.0,0.0,0.0,3.0],"tintindex":-2,"texture":"#0"},"east":{"uv":[16.0,2.0,12.0,5.0],"tintindex":-2,"texture":"#0"},"south":{"uv":[0.0,0.0,0.0,3.0],"tintindex":-2,"texture":"#0"},"west":{"uv":[16.0,2.0,12.0,5.0],"tintindex":-2,"texture":"#0"},"up":{"uv":[0.0,0.0,0.0,4.0],"tintindex":-2,"texture":"#0"},"down":{"uv":[0.0,4.0,0.0,0.0],"tintindex":-2,"texture":"#0"}},"rotation":{"angle":45.0,"axis":"y","origin":[21.195322,8.0,-0.9170151]}},{"from":[23.600567,5.6426764,-1.3960905],"to":[23.600567,10.357324,4.890107],"faces":{"north":{"uv":[0.0,0.0,0.0,3.0],"tintindex":-2,"texture":"#0"},"east":{"uv":[16.0,2.0,12.0,5.0],"tintindex":-2,"texture":"#0"},"south":{"uv":[0.0,0.0,0.0,3.0],"tintindex":-2,"texture":"#0"},"west":{"uv":[16.0,2.0,12.0,5.0],"tintindex":-2,"texture":"#0"},"up":{"uv":[0.0,0.0,0.0,4.0],"tintindex":-2,"texture":"#0"},"down":{"uv":[0.0,4.0,0.0,0.0],"tintindex":-2,"texture":"#0"}},"rotation":{"angle":22.5,"axis":"y","origin":[23.600567,8.0,4.890107]}},{"from":[23.60059,5.6426764,4.82372],"to":[23.60059,10.357324,11.109917],"faces":{"north":{"uv":[0.0,0.0,0.0,3.0],"tintindex":-2,"texture":"#0"},"east":{"uv":[16.0,2.0,12.0,5.0],"tintindex":-2,"texture":"#0"},"south":{"uv":[0.0,0.0,0.0,3.0],"tintindex":-2,"texture":"#0"},"west":{"uv":[16.0,2.0,12.0,5.0],"tintindex":-2,"texture":"#0"},"up":{"uv":[0.0,0.0,0.0,4.0],"tintindex":-2,"texture":"#0"},"down":{"uv":[0.0,4.0,0.0,0.0],"tintindex":-2,"texture":"#0"}}},{"from":[23.60059,5.6426764,4.82372],"to":[23.60059,10.357324,11.109917],"faces":{"north":{"uv":[0.0,0.0,0.0,3.0],"tintindex":-2,"texture":"#0"},"east":{"uv":[16.0,2.0,12.0,5.0],"tintindex":-2,"texture":"#0"},"south":{"uv":[0.0,0.0,0.0,3.0],"tintindex":-2,"texture":"#0"},"west":{"uv":[16.0,2.0,12.0,5.0],"tintindex":-2,"texture":"#0"},"up":{"uv":[0.0,0.0,0.0,4.0],"tintindex":-2,"texture":"#0"},"down":{"uv":[0.0,4.0,0.0,0.0],"tintindex":-2,"texture":"#0"}}},{"from":[23.600723,5.6426764,11.175612],"to":[23.600723,10.357324,17.46181],"faces":{"north":{"uv":[0.0,0.0,0.0,3.0],"tintindex":-2,"texture":"#0"},"east":{"uv":[12.0,2.0,16.0,5.0],"tintindex":-2,"texture":"#0"},"south":{"uv":[0.0,0.0,0.0,3.0],"tintindex":-2,"texture":"#0"},"west":{"uv":[12.0,2.0,16.0,5.0],"tintindex":-2,"texture":"#0"},"up":{"uv":[0.0,4.0,0.0,0.0],"tintindex":-2,"texture":"#0"},"down":{"uv":[0.0,0.0,0.0,4.0],"tintindex":-2,"texture":"#0"}},"rotation":{"angle":-22.5,"axis":"y","origin":[23.600723,8.0,11.175612]}},{"from":[21.195478,5.6426764,16.982735],"to":[21.195478,10.357324,23.268932],"faces":{"north":{"uv":[0.0,0.0,0.0,3.0],"tintindex":-2,"texture":"#0"},"east":{"uv":[12.0,2.0,16.0,5.0],"tintindex":-2,"texture":"#0"},"south":{"uv":[0.0,0.0,0.0,3.0],"tintindex":-2,"texture":"#0"},"west":{"uv":[12.0,2.0,16.0,5.0],"tintindex":-2,"texture":"#0"},"up":{"uv":[0.0,4.0,0.0,0.0],"tintindex":-2,"texture":"#0"},"down":{"uv":[0.0,0.0,0.0,4.0],"tintindex":-2,"texture":"#0"}},"rotation":{"angle":-45.0,"axis":"y","origin":[21.195478,8.0,16.982735]}},{"from":[10.464835,5.6426764,21.427368],"to":[16.751034,10.357324,21.427368],"faces":{"north":{"uv":[12.0,2.0,16.0,5.0],"tintindex":-2,"texture":"#0"},"east":{"uv":[0.0,0.0,0.0,3.0],"tintindex":-2,"texture":"#0"},"south":{"uv":[12.0,2.0,16.0,5.0],"tintindex":-2,"texture":"#0"},"west":{"uv":[0.0,0.0,0.0,3.0],"tintindex":-2,"texture":"#0"},"up":{"uv":[0.0,4.0,0.0,0.0],"rotation":90.0,"tintindex":-2,"texture":"#0"},"down":{"uv":[0.0,0.0,0.0,4.0],"rotation":270.0,"tintindex":-2,"texture":"#0"}},"rotation":{"angle":22.5,"axis":"y","origin":[16.751034,8.0,21.427368]}},{"from":[-7.434458,5.6426764,21.426567],"to":[-1.1482611,10.357324,21.426567],"faces":{"north":{"uv":[12.0,2.0,16.0,5.0],"tintindex":-2,"texture":"#0"},"east":{"uv":[0.0,0.0,0.0,3.0],"tintindex":-2,"texture":"#0"},"south":{"uv":[12.0,2.0,16.0,5.0],"tintindex":-2,"texture":"#0"},"west":{"uv":[0.0,0.0,0.0,3.0],"tintindex":-2,"texture":"#0"},"up":{"uv":[0.0,4.0,0.0,0.0],"rotation":90.0,"tintindex":-2,"texture":"#0"},"down":{"uv":[0.0,0.0,0.0,4.0],"rotation":270.0,"tintindex":-2,"texture":"#0"}},"rotation":{"angle":-45.0,"axis":"y","origin":[-1.1482611,8.0,21.426567]}},{"from":[-5.594509,5.6426764,10.696592],"to":[-5.594509,10.357324,16.982788],"faces":{"north":{"uv":[0.0,0.0,0.0,3.0],"tintindex":-2,"texture":"#0"},"east":{"uv":[12.0,2.0,16.0,5.0],"tintindex":-2,"texture":"#0"},"south":{"uv":[0.0,0.0,0.0,3.0],"tintindex":-2,"texture":"#0"},"west":{"uv":[12.0,2.0,16.0,5.0],"tintindex":-2,"texture":"#0"},"up":{"uv":[0.0,4.0,0.0,0.0],"rotation":180.0,"tintindex":-2,"texture":"#0"},"down":{"uv":[0.0,0.0,0.0,4.0],"rotation":180.0,"tintindex":-2,"texture":"#0"}},"rotation":{"angle":22.5,"axis":"y","origin":[-5.594509,8.0,16.982788]}},{"from":[-8.0,5.6426764,-1.3966255],"to":[-8.0,10.357324,4.889572],"faces":{"north":{"uv":[0.0,0.0,0.0,3.0],"tintindex":-2,"texture":"#0"},"east":{"uv":[12.0,2.0,16.0,5.0],"tintindex":-2,"texture":"#0"},"south":{"uv":[0.0,0.0,0.0,3.0],"tintindex":-2,"texture":"#0"},"west":{"uv":[12.0,2.0,16.0,5.0],"tintindex":-2,"texture":"#0"},"up":{"uv":[0.0,4.0,0.0,0.0],"rotation":180.0,"tintindex":-2,"texture":"#0"},"down":{"uv":[0.0,0.0,0.0,4.0],"rotation":180.0,"tintindex":-2,"texture":"#0"}},"rotation":{"angle":-22.5,"axis":"y","origin":[-8.0,8.0,4.889572]}},{"from":[-5.5943756,5.6426764,-7.204314],"to":[-5.5943756,10.357324,-0.91811657],"faces":{"north":{"uv":[0.0,0.0,0.0,3.0],"tintindex":-2,"texture":"#0"},"east":{"uv":[12.0,2.0,16.0,5.0],"tintindex":-2,"texture":"#0"},"south":{"uv":[0.0,0.0,0.0,3.0],"tintindex":-2,"texture":"#0"},"west":{"uv":[12.0,2.0,16.0,5.0],"tintindex":-2,"texture":"#0"},"up":{"uv":[0.0,4.0,0.0,0.0],"rotation":180.0,"tintindex":-2,"texture":"#0"},"down":{"uv":[0.0,0.0,0.0,4.0],"rotation":180.0,"tintindex":-2,"texture":"#0"}},"rotation":{"angle":-45.0,"axis":"y","origin":[-5.5943756,8.0,-0.91811657]}},{"from":[-1.5410547,3.2853522,23.993479],"to":[9.45979,14.286198,23.993479],"faces":{"north":{"uv":[0.0,4.0,11.0,16.0],"tintindex":-2,"texture":"#0"},"east":{"uv":[0.0,0.0,0.0,7.0],"tintindex":-2,"texture":"#0"},"south":{"uv":[0.0,4.0,11.0,16.0],"tintindex":-2,"texture":"#0"},"west":{"uv":[0.0,0.0,0.0,7.0],"tintindex":-2,"texture":"#0"},"up":{"uv":[0.0,7.0,0.0,0.0],"rotation":90.0,"tintindex":-2,"texture":"#0"},"down":{"uv":[0.0,0.0,0.0,7.0],"rotation":270.0,"tintindex":-2,"texture":"#0"}},"rotation":{"angle":-22.5,"axis":"y","origin":[3.9593673,8.785774,25.565027]}},{"from":[-1.5410547,3.2853522,-7.993479],"to":[9.45979,14.286198,-7.993479],"faces":{"north":{"uv":[11.0,4.0,0.0,16.0],"tintindex":-2,"texture":"#0"},"east":{"uv":[0.0,0.0,0.0,7.0],"tintindex":-2,"texture":"#0"},"south":{"uv":[11.0,4.0,0.0,16.0],"tintindex":-2,"texture":"#0"},"west":{"uv":[0.0,0.0,0.0,7.0],"tintindex":-2,"texture":"#0"},"up":{"uv":[0.0,7.0,0.0,0.0],"rotation":90.0,"tintindex":-2,"texture":"#0"},"down":{"uv":[0.0,0.0,0.0,7.0],"rotation":270.0,"tintindex":-2,"texture":"#0"}},"rotation":{"angle":22.5,"axis":"y","origin":[3.9593673,8.785774,-9.565027]}}]}