{"textures":{"0":"bettermodel:item/concussion_concussion","1":"bettermodel:item/concussion_concussion_e","particle":"bettermodel:item/concussion_concussion"},"elements":[{"from":[23.600723,5.642676,11.109249],"to":[23.600723,10.357325,17.395447],"faces":{"north":{"uv":[0.0,0.0,0.0,3.0],"tintindex":-2,"texture":"#0"},"east":{"uv":[12.0,2.0,16.0,5.0],"tintindex":-2,"texture":"#0"},"south":{"uv":[0.0,0.0,0.0,3.0],"tintindex":-2,"texture":"#0"},"west":{"uv":[12.0,2.0,16.0,5.0],"tintindex":-2,"texture":"#0"},"up":{"uv":[0.0,4.0,0.0,0.0],"tintindex":-2,"texture":"#0"},"down":{"uv":[0.0,0.0,0.0,4.0],"tintindex":-2,"texture":"#0"}},"rotation":{"angle":-22.5,"axis":"y","origin":[23.600723,8.0,11.109249]}},{"from":[21.19548,5.642676,16.982735],"to":[21.19548,10.357325,23.268932],"faces":{"north":{"uv":[0.0,0.0,0.0,3.0],"tintindex":-2,"texture":"#0"},"east":{"uv":[12.0,2.0,16.0,5.0],"tintindex":-2,"texture":"#0"},"south":{"uv":[0.0,0.0,0.0,3.0],"tintindex":-2,"texture":"#0"},"west":{"uv":[12.0,2.0,16.0,5.0],"tintindex":-2,"texture":"#0"},"up":{"uv":[0.0,4.0,0.0,0.0],"tintindex":-2,"texture":"#0"},"down":{"uv":[0.0,0.0,0.0,4.0],"tintindex":-2,"texture":"#0"}},"rotation":{"angle":-45.0,"axis":"y","origin":[21.19548,8.0,16.982735]}},{"from":[-1.6283827,5.642676,23.832859],"to":[4.6578145,10.357325,23.832859],"faces":{"north":{"uv":[12.0,2.0,16.0,5.0],"tintindex":-2,"texture":"#0"},"east":{"uv":[0.0,0.0,0.0,3.0],"tintindex":-2,"texture":"#0"},"south":{"uv":[12.0,2.0,16.0,5.0],"tintindex":-2,"texture":"#0"},"west":{"uv":[0.0,0.0,0.0,3.0],"tintindex":-2,"texture":"#0"},"up":{"uv":[0.0,4.0,0.0,0.0],"rotation":90.0,"tintindex":-2,"texture":"#0"},"down":{"uv":[0.0,0.0,0.0,4.0],"rotation":270.0,"tintindex":-2,"texture":"#0"}},"rotation":{"angle":-22.5,"axis":"y","origin":[4.6578145,8.0,23.832859]}},{"from":[10.464835,5.642676,21.427368],"to":[16.751032,10.357325,21.427368],"faces":{"north":{"uv":[12.0,2.0,16.0,5.0],"tintindex":-2,"texture":"#0"},"east":{"uv":[0.0,0.0,0.0,3.0],"tintindex":-2,"texture":"#0"},"south":{"uv":[12.0,2.0,16.0,5.0],"tintindex":-2,"texture":"#0"},"west":{"uv":[0.0,0.0,0.0,3.0],"tintindex":-2,"texture":"#0"},"up":{"uv":[0.0,4.0,0.0,0.0],"rotation":90.0,"tintindex":-2,"texture":"#0"},"down":{"uv":[0.0,0.0,0.0,4.0],"rotation":270.0,"tintindex":-2,"texture":"#0"}},"rotation":{"angle":22.5,"axis":"y","origin":[16.751032,8.0,21.427368]}},{"from":[10.465347,5.642676,-5.363263],"to":[16.751545,10.357325,-5.363263],"faces":{"north":{"uv":[16.0,2.0,12.0,5.0],"tintindex":-2,"texture":"#0"},"east":{"uv":[0.0,0.0,0.0,3.0],"tintindex":-2,"texture":"#0"},"south":{"uv":[16.0,2.0,12.0,5.0],"tintindex":-2,"texture":"#0"},"west":{"uv":[0.0,0.0,0.0,3.0],"tintindex":-2,"texture":"#0"},"up":{"uv":[0.0,4.0,0.0,0.0],"rotation":90.0,"tintindex":-2,"texture":"#0"},"down":{"uv":[0.0,0.0,0.0,4.0],"rotation":270.0,"tintindex":-2,"texture":"#0"}},"rotation":{"angle":-22.5,"axis":"y","origin":[16.751545,8.0,-5.363263]}},{"from":[-1.6278715,5.642676,-7.768754],"to":[4.658326,10.357325,-7.768754],"faces":{"north":{"uv":[16.0,2.0,12.0,5.0],"tintindex":-2,"texture":"#0"},"east":{"uv":[0.0,0.0,0.0,3.0],"tintindex":-2,"texture":"#0"},"south":{"uv":[16.0,2.0,12.0,5.0],"tintindex":-2,"texture":"#0"},"west":{"uv":[0.0,0.0,0.0,3.0],"tintindex":-2,"texture":"#0"},"up":{"uv":[0.0,4.0,0.0,0.0],"rotation":90.0,"tintindex":-2,"texture":"#0"},"down":{"uv":[0.0,0.0,0.0,4.0],"rotation":270.0,"tintindex":-2,"texture":"#0"}},"rotation":{"angle":22.5,"axis":"y","origin":[4.658326,8.0,-7.768754]}},{"from":[21.195322,5.642676,-7.2032127],"to":[21.195322,10.357325,-0.917016],"faces":{"north":{"uv":[0.0,0.0,0.0,3.0],"tintindex":-2,"texture":"#0"},"east":{"uv":[16.0,2.0,12.0,5.0],"tintindex":-2,"texture":"#0"},"south":{"uv":[0.0,0.0,0.0,3.0],"tintindex":-2,"texture":"#0"},"west":{"uv":[16.0,2.0,12.0,5.0],"tintindex":-2,"texture":"#0"},"up":{"uv":[0.0,0.0,0.0,4.0],"tintindex":-2,"texture":"#0"},"down":{"uv":[0.0,4.0,0.0,0.0],"tintindex":-2,"texture":"#0"}},"rotation":{"angle":45.0,"axis":"y","origin":[21.195322,8.0,-0.917016]}},{"from":[23.600567,5.642676,-1.3960905],"to":[23.600567,10.357325,4.890107],"faces":{"north":{"uv":[0.0,0.0,0.0,3.0],"tintindex":-2,"texture":"#0"},"east":{"uv":[16.0,2.0,12.0,5.0],"tintindex":-2,"texture":"#0"},"south":{"uv":[0.0,0.0,0.0,3.0],"tintindex":-2,"texture":"#0"},"west":{"uv":[16.0,2.0,12.0,5.0],"tintindex":-2,"texture":"#0"},"up":{"uv":[0.0,0.0,0.0,4.0],"tintindex":-2,"texture":"#0"},"down":{"uv":[0.0,4.0,0.0,0.0],"tintindex":-2,"texture":"#0"}},"rotation":{"angle":22.5,"axis":"y","origin":[23.600567,8.0,4.890107]}},{"from":[23.600592,5.642676,4.8237195],"to":[23.600592,10.357325,11.109917],"faces":{"north":{"uv":[0.0,0.0,0.0,3.0],"tintindex":-2,"texture":"#0"},"east":{"uv":[16.0,2.0,12.0,5.0],"tintindex":-2,"texture":"#0"},"south":{"uv":[0.0,0.0,0.0,3.0],"tintindex":-2,"texture":"#0"},"west":{"uv":[16.0,2.0,12.0,5.0],"tintindex":-2,"texture":"#0"},"up":{"uv":[0.0,0.0,0.0,4.0],"tintindex":-2,"texture":"#0"},"down":{"uv":[0.0,4.0,0.0,0.0],"tintindex":-2,"texture":"#0"}}},{"from":[23.600592,5.642676,4.8237195],"to":[23.600592,10.357325,11.109917],"faces":{"north":{"uv":[0.0,0.0,0.0,3.0],"tintindex":-2,"texture":"#0"},"east":{"uv":[16.0,2.0,12.0,5.0],"tintindex":-2,"texture":"#0"},"south":{"uv":[0.0,0.0,0.0,3.0],"tintindex":-2,"texture":"#0"},"west":{"uv":[16.0,2.0,12.0,5.0],"tintindex":-2,"texture":"#0"},"up":{"uv":[0.0,0.0,0.0,4.0],"tintindex":-2,"texture":"#0"},"down":{"uv":[0.0,4.0,0.0,0.0],"tintindex":-2,"texture":"#0"}}},{"from":[23.600723,5.642676,11.175612],"to":[23.600723,10.357325,17.461811],"faces":{"north":{"uv":[0.0,0.0,0.0,3.0],"tintindex":-2,"texture":"#0"},"east":{"uv":[12.0,2.0,16.0,5.0],"tintindex":-2,"texture":"#0"},"south":{"uv":[0.0,0.0,0.0,3.0],"tintindex":-2,"texture":"#0"},"west":{"uv":[12.0,2.0,16.0,5.0],"tintindex":-2,"texture":"#0"},"up":{"uv":[0.0,4.0,0.0,0.0],"tintindex":-2,"texture":"#0"},"down":{"uv":[0.0,0.0,0.0,4.0],"tintindex":-2,"texture":"#0"}},"rotation":{"angle":-22.5,"axis":"y","origin":[23.600723,8.0,11.175612]}},{"from":[21.19548,5.642676,16.982735],"to":[21.19548,10.357325,23.268932],"faces":{"north":{"uv":[0.0,0.0,0.0,3.0],"tintindex":-2,"texture":"#0"},"east":{"uv":[12.0,2.0,16.0,5.0],"tintindex":-2,"texture":"#0"},"south":{"uv":[0.0,0.0,0.0,3.0],"tintindex":-2,"texture":"#0"},"west":{"uv":[12.0,2.0,16.0,5.0],"tintindex":-2,"texture":"#0"},"up":{"uv":[0.0,4.0,0.0,0.0],"tintindex":-2,"texture":"#0"},"down":{"uv":[0.0,0.0,0.0,4.0],"tintindex":-2,"texture":"#0"}},"rotation":{"angle":-45.0,"axis":"y","origin":[21.19548,8.0,16.982735]}},{"from":[10.464835,5.642676,21.427368],"to":[16.751032,10.357325,21.427368],"faces":{"north":{"uv":[12.0,2.0,16.0,5.0],"tintindex":-2,"texture":"#0"},"east":{"uv":[0.0,0.0,0.0,3.0],"tintindex":-2,"texture":"#0"},"south":{"uv":[12.0,2.0,16.0,5.0],"tintindex":-2,"texture":"#0"},"west":{"uv":[0.0,0.0,0.0,3.0],"tintindex":-2,"texture":"#0"},"up":{"uv":[0.0,4.0,0.0,0.0],"rotation":90.0,"tintindex":-2,"texture":"#0"},"down":{"uv":[0.0,0.0,0.0,4.0],"rotation":270.0,"tintindex":-2,"texture":"#0"}},"rotation":{"angle":22.5,"axis":"y","origin":[16.751032,8.0,21.427368]}},{"from":[-7.4344587,5.642676,21.426567],"to":[-1.1482611,10.357325,21.426567],"faces":{"north":{"uv":[12.0,2.0,16.0,5.0],"tintindex":-2,"texture":"#0"},"east":{"uv":[0.0,0.0,0.0,3.0],"tintindex":-2,"texture":"#0"},"south":{"uv":[12.0,2.0,16.0,5.0],"tintindex":-2,"texture":"#0"},"west":{"uv":[0.0,0.0,0.0,3.0],"tintindex":-2,"texture":"#0"},"up":{"uv":[0.0,4.0,0.0,0.0],"rotation":90.0,"tintindex":-2,"texture":"#0"},"down":{"uv":[0.0,0.0,0.0,4.0],"rotation":270.0,"tintindex":-2,"texture":"#0"}},"rotation":{"angle":-45.0,"axis":"y","origin":[-1.1482611,8.0,21.426567]}},{"from":[-5.594509,5.642676,10.696592],"to":[-5.594509,10.357325,16.98279],"faces":{"north":{"uv":[0.0,0.0,0.0,3.0],"tintindex":-2,"texture":"#0"},"east":{"uv":[12.0,2.0,16.0,5.0],"tintindex":-2,"texture":"#0"},"south":{"uv":[0.0,0.0,0.0,3.0],"tintindex":-2,"texture":"#0"},"west":{"uv":[12.0,2.0,16.0,5.0],"tintindex":-2,"texture":"#0"},"up":{"uv":[0.0,4.0,0.0,0.0],"rotation":180.0,"tintindex":-2,"texture":"#0"},"down":{"uv":[0.0,0.0,0.0,4.0],"rotation":180.0,"tintindex":-2,"texture":"#0"}},"rotation":{"angle":22.5,"axis":"y","origin":[-5.594509,8.0,16.98279]}},{"from":[-8.0,5.642676,-1.3966255],"to":[-8.0,10.357325,4.8895717],"faces":{"north":{"uv":[0.0,0.0,0.0,3.0],"tintindex":-2,"texture":"#0"},"east":{"uv":[12.0,2.0,16.0,5.0],"tintindex":-2,"texture":"#0"},"south":{"uv":[0.0,0.0,0.0,3.0],"tintindex":-2,"texture":"#0"},"west":{"uv":[12.0,2.0,16.0,5.0],"tintindex":-2,"texture":"#0"},"up":{"uv":[0.0,4.0,0.0,0.0],"rotation":180.0,"tintindex":-2,"texture":"#0"},"down":{"uv":[0.0,0.0,0.0,4.0],"rotation":180.0,"tintindex":-2,"texture":"#0"}},"rotation":{"angle":-22.5,"axis":"y","origin":[-8.0,8.0,4.8895717]}},{"from":[-5.5943756,5.642676,-7.204314],"to":[-5.5943756,10.357325,-0.9181175],"faces":{"north":{"uv":[0.0,0.0,0.0,3.0],"tintindex":-2,"texture":"#0"},"east":{"uv":[12.0,2.0,16.0,5.0],"tintindex":-2,"texture":"#0"},"south":{"uv":[0.0,0.0,0.0,3.0],"tintindex":-2,"texture":"#0"},"west":{"uv":[12.0,2.0,16.0,5.0],"tintindex":-2,"texture":"#0"},"up":{"uv":[0.0,4.0,0.0,0.0],"rotation":180.0,"tintindex":-2,"texture":"#0"},"down":{"uv":[0.0,0.0,0.0,4.0],"rotation":180.0,"tintindex":-2,"texture":"#0"}},"rotation":{"angle":-45.0,"axis":"y","origin":[-5.5943756,8.0,-0.9181175]}},{"from":[-1.5410547,3.2853518,23.993479],"to":[9.45979,14.286198,23.993479],"faces":{"north":{"uv":[0.0,4.0,11.0,16.0],"tintindex":-2,"texture":"#0"},"east":{"uv":[0.0,0.0,0.0,7.0],"tintindex":-2,"texture":"#0"},"south":{"uv":[0.0,4.0,11.0,16.0],"tintindex":-2,"texture":"#0"},"west":{"uv":[0.0,0.0,0.0,7.0],"tintindex":-2,"texture":"#0"},"up":{"uv":[0.0,7.0,0.0,0.0],"rotation":90.0,"tintindex":-2,"texture":"#0"},"down":{"uv":[0.0,0.0,0.0,7.0],"rotation":270.0,"tintindex":-2,"texture":"#0"}},"rotation":{"angle":-22.5,"axis":"y","origin":[3.9593673,8.785774,25.565027]}},{"from":[-1.5410547,3.2853518,-7.993479],"to":[9.45979,14.286198,-7.993479],"faces":{"north":{"uv":[11.0,4.0,0.0,16.0],"tintindex":-2,"texture":"#0"},"east":{"uv":[0.0,0.0,0.0,7.0],"tintindex":-2,"texture":"#0"},"south":{"uv":[11.0,4.0,0.0,16.0],"tintindex":-2,"texture":"#0"},"west":{"uv":[0.0,0.0,0.0,7.0],"tintindex":-2,"texture":"#0"},"up":{"uv":[0.0,7.0,0.0,0.0],"rotation":90.0,"tintindex":-2,"texture":"#0"},"down":{"uv":[0.0,0.0,0.0,7.0],"rotation":270.0,"tintindex":-2,"texture":"#0"}},"rotation":{"angle":22.5,"axis":"y","origin":[3.9593673,8.785774,-9.565027]}}]}