{"textures":{"0":"bettermodel:item/lr_yeti_lr_yeti","particle":"bettermodel:item/lr_yeti_lr_yeti"},"elements":[{"from":[4.6777954,8.22148,3.1274328],"to":[11.322205,10.879242,8.0],"faces":{"north":{"uv":[10.25,4.6875,11.1875,5.0625],"tintindex":-2,"texture":"#0"},"east":{"uv":[10.4375,2.25,11.125,2.625],"tintindex":-2,"texture":"#0"},"south":{"uv":[10.3125,9.5,11.25,9.875],"tintindex":-2,"texture":"#0"},"west":{"uv":[8.5625,10.5,9.25,10.875],"tintindex":-2,"texture":"#0"},"up":{"uv":[9.0,6.875,8.0625,6.1875],"tintindex":-2,"texture":"#0"},"down":{"uv":[9.9375,6.1875,9.0,6.875],"tintindex":-2,"texture":"#0"}}},{"from":[-7.5570393,9.165218,7.594259],"to":[7.060662,13.151866,9.809062],"faces":{"north":{"uv":[7.0625,6.875,9.125,7.4375],"tintindex":-2,"texture":"#0"},"east":{"uv":[3.0,6.6875,3.3125,7.25],"tintindex":-2,"texture":"#0"},"south":{"uv":[7.0625,7.4375,9.125,8.0],"tintindex":-2,"texture":"#0"},"west":{"uv":[0.375,10.625,0.6875,11.1875],"tintindex":-2,"texture":"#0"},"up":{"uv":[11.125,1.1875,9.0625,0.875],"tintindex":-2,"texture":"#0"},"down":{"uv":[11.125,1.1875,9.0625,1.5],"tintindex":-2,"texture":"#0"}},"rotation":{"angle":22.5,"axis":"y","origin":[-0.41625214,11.100723,9.107402]}},{"from":[-7.5570393,13.151866,7.594259],"to":[-5.3422365,16.25259,9.809062],"faces":{"north":{"uv":[10.875,5.0625,11.1875,5.5],"tintindex":-2,"texture":"#0"},"east":{"uv":[5.375,10.875,5.6875,11.3125],"tintindex":-2,"texture":"#0"},"south":{"uv":[8.5625,10.875,8.875,11.3125],"tintindex":-2,"texture":"#0"},"west":{"uv":[10.875,8.6875,11.1875,9.125],"tintindex":-2,"texture":"#0"},"up":{"uv":[3.3125,7.5625,3.0,7.25],"tintindex":-2,"texture":"#0"},"down":{"uv":[11.1875,9.125,10.875,9.4375],"tintindex":-2,"texture":"#0"}},"rotation":{"angle":22.5,"axis":"y","origin":[-0.41625214,11.100723,9.107402]}},{"from":[9.382298,9.165218,7.594259],"to":[24.0,13.151866,9.809062],"faces":{"north":{"uv":[9.125,6.875,7.0625,7.4375],"tintindex":-2,"texture":"#0"},"east":{"uv":[0.6875,10.625,0.375,11.1875],"tintindex":-2,"texture":"#0"},"south":{"uv":[9.125,7.4375,7.0625,8.0],"tintindex":-2,"texture":"#0"},"west":{"uv":[3.3125,6.6875,3.0,7.25],"tintindex":-2,"texture":"#0"},"up":{"uv":[9.0625,1.1875,11.125,0.875],"tintindex":-2,"texture":"#0"},"down":{"uv":[9.0625,1.1875,11.125,1.5],"tintindex":-2,"texture":"#0"}},"rotation":{"angle":-22.5,"axis":"y","origin":[16.859213,11.100723,9.107402]}},{"from":[21.785196,13.151866,7.594259],"to":[24.0,16.25259,9.809062],"faces":{"north":{"uv":[11.1875,5.0625,10.875,5.5],"tintindex":-2,"texture":"#0"},"east":{"uv":[11.1875,8.6875,10.875,9.125],"tintindex":-2,"texture":"#0"},"south":{"uv":[8.875,10.875,8.5625,11.3125],"tintindex":-2,"texture":"#0"},"west":{"uv":[5.6875,10.875,5.375,11.3125],"tintindex":-2,"texture":"#0"},"up":{"uv":[3.0,7.5625,3.3125,7.25],"tintindex":-2,"texture":"#0"},"down":{"uv":[10.875,9.125,11.1875,9.4375],"tintindex":-2,"texture":"#0"}},"rotation":{"angle":-22.5,"axis":"y","origin":[16.859213,11.100723,9.107402]}},{"from":[3.5703936,9.550363,3.0166926],"to":[8.0,12.651085,3.0166926],"faces":{"north":{"uv":[5.3125,4.6875,5.9375,5.125],"tintindex":-2,"texture":"#0"},"east":{"uv":[0.0,0.0,0.0,0.4375],"tintindex":-2,"texture":"#0"},"south":{"uv":[5.9375,4.6875,5.3125,5.125],"tintindex":-2,"texture":"#0"},"west":{"uv":[0.0,0.0,0.0,0.4375],"tintindex":-2,"texture":"#0"},"up":{"uv":[0.625,0.0,0.0,0.0],"tintindex":-2,"texture":"#0"},"down":{"uv":[0.625,0.0,0.0,0.0],"tintindex":-2,"texture":"#0"}}},{"from":[8.0,9.550363,3.0166926],"to":[12.429606,12.651085,3.0166926],"faces":{"north":{"uv":[5.9375,4.6875,5.3125,5.125],"tintindex":-2,"texture":"#0"},"east":{"uv":[0.0,0.0,0.0,0.4375],"tintindex":-2,"texture":"#0"},"south":{"uv":[5.3125,4.6875,5.9375,5.125],"tintindex":-2,"texture":"#0"},"west":{"uv":[0.0,0.0,0.0,0.4375],"tintindex":-2,"texture":"#0"},"up":{"uv":[0.0,0.0,0.625,0.0],"tintindex":-2,"texture":"#0"},"down":{"uv":[0.0,0.0,0.625,0.0],"tintindex":-2,"texture":"#0"}}},{"from":[5.120756,7.335559,3.5703936],"to":[10.879244,8.22148,8.0],"faces":{"north":{"uv":[8.1875,0.875,9.0,1.0],"tintindex":-2,"texture":"#0"},"east":{"uv":[9.1875,6.0625,9.8125,6.1875],"tintindex":-2,"texture":"#0"},"south":{"uv":[8.1875,1.0,9.0,1.125],"tintindex":-2,"texture":"#0"},"west":{"uv":[9.625,8.75,10.25,8.875],"tintindex":-2,"texture":"#0"},"up":{"uv":[3.0625,10.4375,2.25,9.8125],"tintindex":-2,"texture":"#0"},"down":{"uv":[3.875,9.8125,3.0625,10.4375],"tintindex":-2,"texture":"#0"}}},{"from":[4.6777954,11.66198,7.675963],"to":[11.322205,11.66198,9.890766],"faces":{"north":{"uv":[0.0,0.0,0.9375,0.0],"tintindex":-2,"texture":"#0"},"east":{"uv":[0.0,0.0,0.3125,0.0],"tintindex":-2,"texture":"#0"},"south":{"uv":[0.0,0.0,0.9375,0.0],"tintindex":-2,"texture":"#0"},"west":{"uv":[0.0,0.0,0.3125,0.0],"tintindex":-2,"texture":"#0"},"up":{"uv":[10.4375,2.25,11.375,1.9375],"tintindex":-2,"texture":"#0"},"down":{"uv":[11.375,1.9375,10.4375,2.25],"tintindex":-2,"texture":"#0"}},"rotation":{"angle":-45.0,"axis":"x","origin":[8.0,11.66198,8.783364]}},{"from":[6.892598,8.22148,2.684472],"to":[9.107402,9.550363,3.5703936],"faces":{"north":{"uv":[1.0625,11.0,1.375,11.1875],"tintindex":-2,"texture":"#0"},"east":{"uv":[5.9375,4.6875,6.0625,4.875],"tintindex":-2,"texture":"#0"},"south":{"uv":[11.0,3.0,11.3125,3.1875],"tintindex":-2,"texture":"#0"},"west":{"uv":[5.9375,4.875,6.0625,5.0625],"tintindex":-2,"texture":"#0"},"up":{"uv":[8.0,4.375,7.6875,4.25],"tintindex":-2,"texture":"#0"},"down":{"uv":[10.0,3.375,9.6875,3.5],"tintindex":-2,"texture":"#0"}},"rotation":{"angle":-22.5,"axis":"x","origin":[8.0,8.8859215,3.1274328]}}]}