{"textures":{"0":"bettermodel:item/lr_yeti_lr_yeti","particle":"bettermodel:item/lr_yeti_lr_yeti"},"elements":[{"from":[1.5999999,-8.0,1.5999999],"to":[14.4,11.2,14.4],"faces":{"north":{"uv":[0.0,0.0,2.875,4.3125],"tintindex":-2,"texture":"#0"},"east":{"uv":[0.0,0.0,2.875,4.3125],"tintindex":-2,"texture":"#0"},"south":{"uv":[0.0,0.0,2.875,4.3125],"tintindex":-2,"texture":"#0"},"west":{"uv":[0.0,0.0,2.875,4.3125],"tintindex":-2,"texture":"#0"},"up":{"uv":[0.0,0.0,2.875,2.875],"tintindex":-2,"texture":"#0"},"down":{"uv":[0.0,0.0,2.875,2.875],"tintindex":-2,"texture":"#0"}}}]}