{"textures":{"0":"bettermodel:item/lr_yeti_lr_yeti","particle":"bettermodel:item/lr_yeti_lr_yeti"},"elements":[{"from":[-3.5094242,-4.2287636,-0.63206863],"to":[9.438678,13.035374,16.632069],"faces":{"north":{"uv":[4.8125,10.25,5.375,11.0],"tintindex":-2,"texture":"#0"},"east":{"uv":[1.5,9.6875,2.25,10.4375],"tintindex":-2,"texture":"#0"},"south":{"uv":[7.625,10.3125,8.1875,11.0625],"tintindex":-2,"texture":"#0"},"west":{"uv":[9.6875,2.0625,10.4375,2.8125],"tintindex":-2,"texture":"#0"},"up":{"uv":[10.875,9.5,10.3125,8.75],"tintindex":-2,"texture":"#0"},"down":{"uv":[6.5,10.375,5.9375,11.125],"tintindex":-2,"texture":"#0"}}},{"from":[-0.45752716,-4.2287636,15.367931],"to":[-0.45752716,13.035374,24.0],"faces":{"north":{"uv":[0.0,0.0,0.0,0.75],"tintindex":-2,"texture":"#0"},"east":{"uv":[10.875,5.0625,10.5,5.8125],"tintindex":-2,"texture":"#0"},"south":{"uv":[0.0,0.0,0.0,0.75],"tintindex":-2,"texture":"#0"},"west":{"uv":[10.5,5.0625,10.875,5.8125],"tintindex":-2,"texture":"#0"},"up":{"uv":[0.0,0.375,0.0,0.0],"tintindex":-2,"texture":"#0"},"down":{"uv":[0.0,0.0,0.0,0.375],"tintindex":-2,"texture":"#0"}},"rotation":{"angle":45.0,"axis":"y","origin":[-0.45752716,4.403305,19.683966]}}]}