{"textures":{"0":"bettermodel:item/lr_yeti_snowball_parts_lr_yeti_snowball","1":"bettermodel:item/lr_yeti_snowball_parts_lr_yeti","2":"bettermodel:item/lr_yeti_snowball_parts_lr_yeti_damage","3":"bettermodel:item/lr_yeti_snowball_parts_lr_yeti_damage_e","particle":"bettermodel:item/lr_yeti_snowball_parts_lr_yeti_snowball"},"elements":[{"from":[0.9302325,0.5581393,-3.5348835],"to":[15.813953,8.0,14.325582],"faces":{"north":{"uv":[9.6875,2.0625,9.0625,2.375],"tintindex":-2,"texture":"#2"},"east":{"uv":[11.375,0.3125,10.625,0.625],"tintindex":-2,"texture":"#2"},"south":{"uv":[11.25,10.4375,10.625,10.75],"tintindex":-2,"texture":"#2"},"west":{"uv":[11.375,0.0,10.625,0.3125],"tintindex":-2,"texture":"#2"},"up":{"uv":[1.375,5.9375,2.0,5.1875],"tintindex":-2,"texture":"#2"},"down":{"uv":[10.1875,6.5625,10.8125,7.3125],"tintindex":-2,"texture":"#2"}}},{"from":[6.139535,2.0465117,-6.511628],"to":[15.069767,6.511628,-0.5581398],"faces":{"north":{"uv":[11.375,2.625,11.0,2.8125],"tintindex":-2,"texture":"#2"},"east":{"uv":[5.0625,11.0,4.8125,11.1875],"tintindex":-2,"texture":"#2"},"south":{"uv":[11.375,2.8125,11.0,3.0],"tintindex":-2,"texture":"#2"},"west":{"uv":[3.875,10.4375,3.625,10.625],"tintindex":-2,"texture":"#2"},"up":{"uv":[10.8125,4.1875,11.1875,3.9375],"tintindex":-2,"texture":"#2"},"down":{"uv":[10.9375,6.0,11.3125,6.25],"tintindex":-2,"texture":"#2"}},"rotation":{"angle":-22.5,"axis":"x","origin":[3.1627908,4.27907,-3.5348835]}},{"from":[0.1860466,2.0465117,-8.0],"to":[6.139535,8.0,0.9302325],"faces":{"north":{"uv":[10.1875,6.5625,9.9375,6.8125],"tintindex":-2,"texture":"#2"},"east":{"uv":[1.0625,11.0,0.6875,11.25],"tintindex":-2,"texture":"#2"},"south":{"uv":[5.9375,10.875,5.6875,11.125],"tintindex":-2,"texture":"#2"},"west":{"uv":[11.3125,6.25,10.9375,6.5],"tintindex":-2,"texture":"#2"},"up":{"uv":[5.8125,7.4375,6.0625,7.0625],"tintindex":-2,"texture":"#2"},"down":{"uv":[1.75,7.625,2.0,8.0],"tintindex":-2,"texture":"#2"}},"rotation":{"angle":-22.5,"axis":"x","origin":[3.1627908,4.27907,-3.5348835]}}]}