{"textures":{"0":"bettermodel:item/lr_yeti_snowball_parts_lr_yeti_snowball","1":"bettermodel:item/lr_yeti_snowball_parts_lr_yeti","2":"bettermodel:item/lr_yeti_snowball_parts_lr_yeti_damage","3":"bettermodel:item/lr_yeti_snowball_parts_lr_yeti_damage_e","particle":"bettermodel:item/lr_yeti_snowball_parts_lr_yeti_snowball"},"elements":[{"from":[3.7264829,-4.3457155,-1.0218687],"to":[11.323847,8.0,8.949671],"faces":{"north":{"uv":[6.0625,4.6875,7.0625,6.3125],"tintindex":-2,"texture":"#1"},"east":{"uv":[4.0,3.5,5.3125,5.125],"tintindex":-2,"texture":"#1"},"south":{"uv":[6.0625,6.3125,7.0625,7.9375],"tintindex":-2,"texture":"#1"},"west":{"uv":[2.0,5.0625,3.3125,6.6875],"tintindex":-2,"texture":"#1"},"up":{"uv":[3.0,8.0,2.0,6.6875],"tintindex":-2,"texture":"#1"},"down":{"uv":[7.6875,3.0625,6.6875,4.375],"tintindex":-2,"texture":"#1"}}},{"from":[7.96236,-7.9681473,-0.54703426],"to":[10.811371,-3.2197952,3.7264829],"faces":{"north":{"uv":[10.25,10.5,10.625,11.125],"tintindex":-2,"texture":"#1"},"east":{"uv":[1.375,10.4375,1.9375,11.0625],"tintindex":-2,"texture":"#1"},"south":{"uv":[0.0,10.625,0.375,11.25],"tintindex":-2,"texture":"#1"},"west":{"uv":[1.9375,10.4375,2.5,11.0625],"tintindex":-2,"texture":"#1"},"up":{"uv":[11.0,3.1875,10.625,2.625],"tintindex":-2,"texture":"#1"},"down":{"uv":[4.0,10.625,3.625,11.1875],"tintindex":-2,"texture":"#1"}},"rotation":{"angle":22.5,"axis":"z","origin":[6.775272,-4.8817186,3.4890656]}},{"from":[4.163678,-7.493312,-0.07219887],"to":[9.386866,-3.2197952,8.0],"faces":{"north":{"uv":[10.375,7.8125,11.0625,8.375],"tintindex":-2,"texture":"#1"},"east":{"uv":[9.1875,4.0625,10.25,4.625],"tintindex":-2,"texture":"#1"},"south":{"uv":[0.6875,10.4375,1.375,11.0],"tintindex":-2,"texture":"#1"},"west":{"uv":[9.1875,4.625,10.25,5.1875],"tintindex":-2,"texture":"#1"},"up":{"uv":[9.3125,9.9375,8.625,8.875],"tintindex":-2,"texture":"#1"},"down":{"uv":[7.6875,8.9375,7.0,10.0],"tintindex":-2,"texture":"#1"}},"rotation":{"angle":22.5,"axis":"z","origin":[6.775272,-4.8817186,3.4890656]}},{"from":[3.7264829,-4.3457155,8.949671],"to":[3.7264829,8.0,11.798681],"faces":{"north":{"uv":[0.0,0.0,0.0,1.625],"tintindex":-2,"texture":"#1"},"east":{"uv":[4.4375,8.6875,4.8125,10.3125],"tintindex":-2,"texture":"#1"},"south":{"uv":[0.0,0.0,0.0,1.625],"tintindex":-2,"texture":"#1"},"west":{"uv":[4.8125,8.6875,4.4375,10.3125],"tintindex":-2,"texture":"#1"},"up":{"uv":[0.0,0.375,0.0,0.0],"tintindex":-2,"texture":"#1"},"down":{"uv":[0.0,0.0,0.0,0.375],"tintindex":-2,"texture":"#1"}}},{"from":[3.0904918,-7.5430555,-1.0218687],"to":[3.0904918,-4.2192087,8.949671],"faces":{"north":{"uv":[0.0,0.0,0.0,0.4375],"tintindex":-2,"texture":"#1"},"east":{"uv":[10.5,5.625,9.1875,6.0625],"tintindex":-2,"texture":"#1"},"south":{"uv":[0.0,0.0,0.0,0.4375],"tintindex":-2,"texture":"#1"},"west":{"uv":[9.1875,5.625,10.5,6.0625],"tintindex":-2,"texture":"#1"},"up":{"uv":[0.0,1.3125,0.0,0.0],"tintindex":-2,"texture":"#1"},"down":{"uv":[0.0,0.0,0.0,1.3125],"tintindex":-2,"texture":"#1"}},"rotation":{"angle":-22.5,"axis":"z","origin":[3.0904918,-5.881132,3.9639006]}},{"from":[3.7264829,-8.0,9.676078],"to":[11.323847,-4.201318,9.676078],"faces":{"north":{"uv":[10.9375,6.0625,9.9375,6.5625],"tintindex":-2,"texture":"#1"},"east":{"uv":[0.0,0.0,0.0,0.5],"tintindex":-2,"texture":"#1"},"south":{"uv":[9.9375,6.0625,10.9375,6.5625],"tintindex":-2,"texture":"#1"},"west":{"uv":[0.0,0.0,0.0,0.5],"tintindex":-2,"texture":"#1"},"up":{"uv":[1.0,0.0,0.0,0.0],"tintindex":-2,"texture":"#1"},"down":{"uv":[1.0,0.0,0.0,0.0],"tintindex":-2,"texture":"#1"}},"rotation":{"angle":-22.5,"axis":"x","origin":[7.5251646,-6.1006594,9.676078]}},{"from":[3.7264829,-8.0,-1.7482767],"to":[11.323847,-4.201318,-1.7482767],"faces":{"north":{"uv":[8.625,10.0,9.625,10.5],"tintindex":-2,"texture":"#1"},"east":{"uv":[0.0,0.0,0.0,0.5],"tintindex":-2,"texture":"#1"},"south":{"uv":[9.625,10.0,8.625,10.5],"tintindex":-2,"texture":"#1"},"west":{"uv":[0.0,0.0,0.0,0.5],"tintindex":-2,"texture":"#1"},"up":{"uv":[1.0,0.0,0.0,0.0],"tintindex":-2,"texture":"#1"},"down":{"uv":[1.0,0.0,0.0,0.0],"tintindex":-2,"texture":"#1"}},"rotation":{"angle":22.5,"axis":"x","origin":[7.5251646,-6.1006594,-1.7482767]}},{"from":[11.959838,-7.5430555,-1.0218687],"to":[11.959838,-4.2192087,8.949671],"faces":{"north":{"uv":[0.0,0.0,0.0,0.4375],"tintindex":-2,"texture":"#1"},"east":{"uv":[9.3125,0.0,10.625,0.4375],"tintindex":-2,"texture":"#1"},"south":{"uv":[0.0,0.0,0.0,0.4375],"tintindex":-2,"texture":"#1"},"west":{"uv":[10.625,0.0,9.3125,0.4375],"tintindex":-2,"texture":"#1"},"up":{"uv":[0.0,1.3125,0.0,0.0],"tintindex":-2,"texture":"#1"},"down":{"uv":[0.0,0.0,0.0,1.3125],"tintindex":-2,"texture":"#1"}},"rotation":{"angle":22.5,"axis":"z","origin":[11.959838,-5.881132,3.9639006]}},{"from":[6.1006594,-1.9715395,-2.9212103],"to":[15.122528,7.5251646,3.251648],"faces":{"north":{"uv":[0.0,0.0,1.1875,1.25],"tintindex":-2,"texture":"#0"},"east":{"uv":[0.0,0.0,0.8125,1.25],"tintindex":-2,"texture":"#0"},"south":{"uv":[0.0,0.0,1.1875,1.25],"tintindex":-2,"texture":"#0"},"west":{"uv":[0.0,0.0,0.8125,1.25],"tintindex":-2,"texture":"#0"},"up":{"uv":[0.0,0.0,1.1875,0.8125],"tintindex":-2,"texture":"#0"},"down":{"uv":[0.0,0.0,1.1875,0.8125],"tintindex":-2,"texture":"#0"}}},{"from":[4.676153,-6.7198915,-5.2953863],"to":[13.698023,2.7768126,4.2013183],"faces":{"north":{"uv":[0.0,0.0,1.1875,1.25],"tintindex":-2,"texture":"#0"},"east":{"uv":[0.0,0.0,1.25,1.25],"tintindex":-2,"texture":"#0"},"south":{"uv":[0.0,0.0,1.1875,1.25],"tintindex":-2,"texture":"#0"},"west":{"uv":[0.0,0.0,1.25,1.25],"tintindex":-2,"texture":"#0"},"up":{"uv":[0.0,0.0,1.1875,1.25],"tintindex":-2,"texture":"#0"},"down":{"uv":[0.0,0.0,1.1875,1.25],"tintindex":-2,"texture":"#0"}}}]}