{"textures":{"0":"bettermodel:item/lr_yeti_lr_yeti","particle":"bettermodel:item/lr_yeti_lr_yeti"},"elements":[{"from":[0.5514064,-0.15519333,-5.0624638],"to":[15.955661,8.0,8.529527],"faces":{"north":{"uv":[9.0625,1.5,10.125,2.0625],"tintindex":-2,"texture":"#0"},"east":{"uv":[8.625,9.75,7.6875,10.3125],"tintindex":-2,"texture":"#0"},"south":{"uv":[9.125,3.5,10.1875,4.0625],"tintindex":-2,"texture":"#0"},"west":{"uv":[7.6875,9.75,8.625,10.3125],"tintindex":-2,"texture":"#0"},"up":{"uv":[8.0625,8.9375,7.0,8.0],"tintindex":-2,"texture":"#0"},"down":{"uv":[9.125,3.5,8.0625,4.4375],"tintindex":-2,"texture":"#0"}}},{"from":[0.5514064,-8.0,-3.5020342],"to":[15.955661,0.1551938,-3.5020342],"faces":{"north":{"uv":[10.1875,7.4375,9.125,8.0],"tintindex":-2,"texture":"#0"},"east":{"uv":[0.0,0.0,0.0,0.5625],"tintindex":-2,"texture":"#0"},"south":{"uv":[9.125,7.4375,10.1875,8.0],"tintindex":-2,"texture":"#0"},"west":{"uv":[0.0,0.0,0.0,0.5625],"tintindex":-2,"texture":"#0"},"up":{"uv":[1.0625,0.0,0.0,0.0],"tintindex":-2,"texture":"#0"},"down":{"uv":[1.0625,0.0,0.0,0.0],"tintindex":-2,"texture":"#0"}},"rotation":{"angle":-22.5,"axis":"x","origin":[8.253533,-3.9224033,-3.5020342]}},{"from":[-1.0090227,-2.8735914,0.06394386],"to":[-1.0090227,8.0,10.937536],"faces":{"north":{"uv":[0.0,0.0,0.0,0.75],"tintindex":-2,"texture":"#0"},"east":{"uv":[10.375,8.0,9.625,8.75],"tintindex":-2,"texture":"#0"},"south":{"uv":[0.0,0.0,0.0,0.75],"tintindex":-2,"texture":"#0"},"west":{"uv":[9.625,8.0,10.375,8.75],"tintindex":-2,"texture":"#0"},"up":{"uv":[0.0,0.75,0.0,0.0],"tintindex":-2,"texture":"#0"},"down":{"uv":[0.0,0.0,0.0,0.75],"tintindex":-2,"texture":"#0"}},"rotation":{"angle":-22.5,"axis":"y","origin":[-1.0090227,3.9224033,6.859939]}},{"from":[-0.83564186,-7.128354,-4.15633],"to":[-0.83564186,0.120707035,8.529527],"faces":{"north":{"uv":[0.0,0.0,0.0,0.5],"tintindex":-2,"texture":"#0"},"east":{"uv":[11.125,4.1875,10.25,4.6875],"tintindex":-2,"texture":"#0"},"south":{"uv":[0.0,0.0,0.0,0.5],"tintindex":-2,"texture":"#0"},"west":{"uv":[10.25,4.1875,11.125,4.6875],"tintindex":-2,"texture":"#0"},"up":{"uv":[0.0,0.875,0.0,0.0],"tintindex":-2,"texture":"#0"},"down":{"uv":[0.0,0.0,0.0,0.875],"tintindex":-2,"texture":"#0"}},"rotation":{"angle":-22.5,"axis":"z","origin":[-0.83564186,-3.5038233,3.5457973]}},{"from":[17.51609,-2.8735914,0.06394386],"to":[17.51609,8.0,10.937536],"faces":{"north":{"uv":[0.0,0.0,0.0,0.75],"tintindex":-2,"texture":"#0"},"east":{"uv":[10.375,8.0,9.625,8.75],"tintindex":-2,"texture":"#0"},"south":{"uv":[0.0,0.0,0.0,0.75],"tintindex":-2,"texture":"#0"},"west":{"uv":[9.625,8.0,10.375,8.75],"tintindex":-2,"texture":"#0"},"up":{"uv":[0.0,0.75,0.0,0.0],"tintindex":-2,"texture":"#0"},"down":{"uv":[0.0,0.0,0.0,0.75],"tintindex":-2,"texture":"#0"}},"rotation":{"angle":22.5,"axis":"y","origin":[17.51609,3.9224033,6.859939]}},{"from":[17.342709,-7.128354,-4.15633],"to":[17.342709,0.120707035,8.529527],"faces":{"north":{"uv":[0.0,0.0,0.0,0.5],"tintindex":-2,"texture":"#0"},"east":{"uv":[11.125,4.1875,10.25,4.6875],"tintindex":-2,"texture":"#0"},"south":{"uv":[0.0,0.0,0.0,0.5],"tintindex":-2,"texture":"#0"},"west":{"uv":[10.25,4.1875,11.125,4.6875],"tintindex":-2,"texture":"#0"},"up":{"uv":[0.0,0.875,0.0,0.0],"tintindex":-2,"texture":"#0"},"down":{"uv":[0.0,0.0,0.0,0.875],"tintindex":-2,"texture":"#0"}},"rotation":{"angle":22.5,"axis":"z","origin":[17.342709,-3.5038233,3.5457973]}},{"from":[0.5514064,8.0,-5.0624638],"to":[4.1759367,12.53066,-1.437932],"faces":{"north":{"uv":[5.8125,6.5,6.0625,6.8125],"tintindex":-2,"texture":"#0"},"east":{"uv":[1.75,7.0625,2.0,7.375],"tintindex":-2,"texture":"#0"},"south":{"uv":[1.5,8.75,1.75,9.0625],"tintindex":-2,"texture":"#0"},"west":{"uv":[6.75,9.0,7.0,9.3125],"tintindex":-2,"texture":"#0"},"up":{"uv":[1.75,9.5625,1.5,9.3125],"tintindex":-2,"texture":"#0"},"down":{"uv":[7.0,9.5625,6.75,9.8125],"tintindex":-2,"texture":"#0"}}},{"from":[12.331131,8.0,-5.0624638],"to":[15.955661,16.15519,-1.437932],"faces":{"north":{"uv":[6.0625,6.5,5.8125,7.0625],"tintindex":-2,"texture":"#0"},"east":{"uv":[7.0,9.0,6.75,9.5625],"tintindex":-2,"texture":"#0"},"south":{"uv":[1.75,8.75,1.5,9.3125],"tintindex":-2,"texture":"#0"},"west":{"uv":[2.0,7.0625,1.75,7.625],"tintindex":-2,"texture":"#0"},"up":{"uv":[1.5,9.5625,1.75,9.3125],"tintindex":-2,"texture":"#0"},"down":{"uv":[6.75,9.5625,7.0,9.8125],"tintindex":-2,"texture":"#0"}}}]}