{"textures":{"0":"bettermodel:item/lr_yeti_chest_lr_yeti_chest","1":"bettermodel:item/lr_yeti_chest_lr_yeti_chest_e","particle":"bettermodel:item/lr_yeti_chest_lr_yeti_chest"},"elements":[{"from":[-3.0769234,3.076923,-3.0769234],"to":[-0.61538506,15.384615,-1.8461542],"faces":{"north":{"uv":[2.25,6.5,2.0,7.75],"tintindex":-2,"texture":"#0"},"east":{"uv":[6.875,6.125,6.75,7.375],"tintindex":-2,"texture":"#0"},"south":{"uv":[2.5,6.5,2.25,7.75],"tintindex":-2,"texture":"#0"},"west":{"uv":[6.875,4.875,6.75,6.125],"tintindex":-2,"texture":"#0"},"up":{"uv":[6.5,5.0,6.75,4.875],"tintindex":-2,"texture":"#0"},"down":{"uv":[6.5,5.0,6.75,5.125],"tintindex":-2,"texture":"#0"}}},{"from":[-5.5384617,3.076923,-1.8461542],"to":[21.538462,15.384615,17.846153],"faces":{"north":{"uv":[0.0,4.0,2.75,5.25],"tintindex":-2,"texture":"#0"},"east":{"uv":[0.0,5.25,2.0,6.5],"tintindex":-2,"texture":"#0"},"south":{"uv":[2.75,4.0,5.5,5.25],"tintindex":-2,"texture":"#0"},"west":{"uv":[2.0,5.25,4.0,6.5],"tintindex":-2,"texture":"#0"},"up":{"uv":[2.75,2.0,0.0,0.0],"tintindex":-2,"texture":"#0"},"down":{"uv":[2.75,2.0,0.0,4.0],"tintindex":-2,"texture":"#0"}}},{"from":[16.615385,3.076923,-3.0769234],"to":[19.076923,15.384615,-1.8461542],"faces":{"north":{"uv":[2.0,6.5,2.25,7.75],"tintindex":-2,"texture":"#0"},"east":{"uv":[6.75,4.875,6.875,6.125],"tintindex":-2,"texture":"#0"},"south":{"uv":[2.25,6.5,2.5,7.75],"tintindex":-2,"texture":"#0"},"west":{"uv":[6.75,6.125,6.875,7.375],"tintindex":-2,"texture":"#0"},"up":{"uv":[6.75,5.0,6.5,4.875],"tintindex":-2,"texture":"#0"},"down":{"uv":[6.75,5.0,6.5,5.125],"tintindex":-2,"texture":"#0"}}},{"from":[11.692307,3.076923,-3.0769234],"to":[14.153847,15.384615,-1.8461542],"faces":{"north":{"uv":[2.5,6.5,2.75,7.75],"tintindex":-2,"texture":"#0"},"east":{"uv":[6.875,4.875,7.0,6.125],"tintindex":-2,"texture":"#0"},"south":{"uv":[2.75,6.5,3.0,7.75],"tintindex":-2,"texture":"#0"},"west":{"uv":[6.875,6.125,7.0,7.375],"tintindex":-2,"texture":"#0"},"up":{"uv":[6.75,5.25,6.5,5.125],"tintindex":-2,"texture":"#0"},"down":{"uv":[7.25,6.375,7.0,6.5],"tintindex":-2,"texture":"#0"}}},{"from":[1.8461537,3.076923,-3.0769234],"to":[4.3076925,15.384615,-1.8461542],"faces":{"north":{"uv":[2.75,6.5,2.5,7.75],"tintindex":-2,"texture":"#0"},"east":{"uv":[7.0,6.125,6.875,7.375],"tintindex":-2,"texture":"#0"},"south":{"uv":[3.0,6.5,2.75,7.75],"tintindex":-2,"texture":"#0"},"west":{"uv":[7.0,4.875,6.875,6.125],"tintindex":-2,"texture":"#0"},"up":{"uv":[6.5,5.25,6.75,5.125],"tintindex":-2,"texture":"#0"},"down":{"uv":[7.0,6.375,7.25,6.5],"tintindex":-2,"texture":"#0"}}},{"from":[21.538462,3.076923,11.692307],"to":[24.0,15.384615,14.153847],"faces":{"north":{"uv":[9.5,0.0,9.75,1.25],"tintindex":-2,"texture":"#0"},"east":{"uv":[9.25,0.0,9.5,1.25],"tintindex":-2,"texture":"#0"},"south":{"uv":[9.0,0.0,9.25,1.25],"tintindex":-2,"texture":"#0"},"west":{"uv":[8.75,0.0,9.0,1.25],"tintindex":-2,"texture":"#0"},"up":{"uv":[8.5,0.0,8.75,0.25],"tintindex":-2,"texture":"#0"},"down":{"uv":[9.75,0.125,10.0,0.375],"tintindex":-2,"texture":"#0"}}},{"from":[21.538462,3.076923,3.076923],"to":[24.0,15.384615,5.5384617],"faces":{"north":{"uv":[9.5,0.0,9.75,1.25],"tintindex":-2,"texture":"#0"},"east":{"uv":[9.25,0.0,9.5,1.25],"tintindex":-2,"texture":"#0"},"south":{"uv":[9.0,0.0,9.25,1.25],"tintindex":-2,"texture":"#0"},"west":{"uv":[8.75,0.0,9.0,1.25],"tintindex":-2,"texture":"#0"},"up":{"uv":[8.5,0.0,8.75,0.25],"tintindex":-2,"texture":"#0"},"down":{"uv":[9.75,0.125,10.0,0.375],"tintindex":-2,"texture":"#0"}}},{"from":[-8.0,3.076923,3.076923],"to":[-5.5384617,15.384615,5.5384617],"faces":{"north":{"uv":[9.75,0.0,9.5,1.25],"tintindex":-2,"texture":"#0"},"east":{"uv":[9.0,0.0,8.75,1.25],"tintindex":-2,"texture":"#0"},"south":{"uv":[9.25,0.0,9.0,1.25],"tintindex":-2,"texture":"#0"},"west":{"uv":[9.5,0.0,9.25,1.25],"tintindex":-2,"texture":"#0"},"up":{"uv":[8.75,0.0,8.5,0.25],"tintindex":-2,"texture":"#0"},"down":{"uv":[10.0,0.125,9.75,0.375],"tintindex":-2,"texture":"#0"}}},{"from":[-8.0,3.076923,11.692307],"to":[-5.5384617,15.384615,14.153847],"faces":{"north":{"uv":[9.75,0.0,9.5,1.25],"tintindex":-2,"texture":"#0"},"east":{"uv":[9.0,0.0,8.75,1.25],"tintindex":-2,"texture":"#0"},"south":{"uv":[9.25,0.0,9.0,1.25],"tintindex":-2,"texture":"#0"},"west":{"uv":[9.5,0.0,9.25,1.25],"tintindex":-2,"texture":"#0"},"up":{"uv":[8.75,0.0,8.5,0.25],"tintindex":-2,"texture":"#0"},"down":{"uv":[10.0,0.125,9.75,0.375],"tintindex":-2,"texture":"#0"}}}]}