{"textures":{"0":"bettermodel:item/lr_yeti_lr_yeti","particle":"bettermodel:item/lr_yeti_lr_yeti"},"elements":[{"from":[8.0,1.8909092,2.181818],"to":[17.30909,11.781818,13.818182],"faces":{"north":{"uv":[6.0,7.5625,5.0,8.625],"tintindex":-2,"texture":"#0"},"east":{"uv":[5.8125,6.5,4.5625,7.5625],"tintindex":-2,"texture":"#0"},"south":{"uv":[7.0,7.9375,6.0,9.0],"tintindex":-2,"texture":"#0"},"west":{"uv":[4.5625,6.5,3.3125,7.5625],"tintindex":-2,"texture":"#0"},"up":{"uv":[7.0625,5.625,8.0625,4.375],"tintindex":-2,"texture":"#0"},"down":{"uv":[7.0625,5.625,8.0625,6.875],"tintindex":-2,"texture":"#0"}}},{"from":[9.163636,-6.254545,2.181818],"to":[16.145454,1.8909092,12.654545],"faces":{"north":{"uv":[6.75,9.0,6.0,9.875],"tintindex":-2,"texture":"#0"},"east":{"uv":[9.3125,0.0,8.1875,0.875],"tintindex":-2,"texture":"#0"},"south":{"uv":[0.75,9.0625,0.0,9.9375],"tintindex":-2,"texture":"#0"},"west":{"uv":[1.125,8.1875,0.0,9.0625],"tintindex":-2,"texture":"#0"},"up":{"uv":[2.9375,9.8125,3.6875,8.6875],"tintindex":-2,"texture":"#0"},"down":{"uv":[3.6875,8.6875,4.4375,9.8125],"tintindex":-2,"texture":"#0"}}},{"from":[7.9290023,-5.090909,12.142902],"to":[7.9290023,1.8909092,15.633812],"faces":{"north":{"uv":[0.0,0.0,0.0,0.75],"tintindex":-2,"texture":"#0"},"east":{"uv":[8.0625,8.9375,7.6875,9.6875],"tintindex":-2,"texture":"#0"},"south":{"uv":[0.0,0.0,0.0,0.75],"tintindex":-2,"texture":"#0"},"west":{"uv":[7.6875,8.9375,8.0625,9.6875],"tintindex":-2,"texture":"#0"},"up":{"uv":[0.0,0.375,0.0,0.0],"tintindex":-2,"texture":"#0"},"down":{"uv":[0.0,0.0,0.0,0.375],"tintindex":-2,"texture":"#0"}},"rotation":{"angle":-45.0,"axis":"y","origin":[7.9290023,1.3090911,13.888357]}},{"from":[17.97651,1.8909092,13.685539],"to":[17.97651,11.781818,17.176449],"faces":{"north":{"uv":[0.0,0.0,0.0,1.0625],"tintindex":-2,"texture":"#0"},"east":{"uv":[8.5625,10.3125,8.1875,11.375],"tintindex":-2,"texture":"#0"},"south":{"uv":[0.0,0.0,0.0,1.0625],"tintindex":-2,"texture":"#0"},"west":{"uv":[8.1875,10.3125,8.5625,11.375],"tintindex":-2,"texture":"#0"},"up":{"uv":[0.0,0.375,0.0,0.0],"tintindex":-2,"texture":"#0"},"down":{"uv":[0.0,0.0,0.0,0.375],"tintindex":-2,"texture":"#0"}},"rotation":{"angle":22.5,"axis":"y","origin":[17.97651,11.2,15.430994]}},{"from":[16.145454,-8.0,6.254545],"to":[18.472727,2.4727273,16.727272],"faces":{"north":{"uv":[6.75,10.375,6.5,11.5],"tintindex":-2,"texture":"#0"},"east":{"uv":[8.1875,0.0,7.0625,1.125],"tintindex":-2,"texture":"#0"},"south":{"uv":[2.75,10.4375,2.5,11.5625],"tintindex":-2,"texture":"#0"},"west":{"uv":[1.125,7.0625,0.0,8.1875],"tintindex":-2,"texture":"#0"},"up":{"uv":[2.75,11.5625,3.0,10.4375],"tintindex":-2,"texture":"#0"},"down":{"uv":[3.0,10.4375,3.25,11.5625],"tintindex":-2,"texture":"#0"}},"rotation":{"angle":-22.5,"axis":"y","origin":[17.30909,-5.090909,11.49091]}},{"from":[17.713871,-6.836364,1.8061137],"to":[17.713871,-0.43636322,8.206113],"faces":{"north":{"uv":[0.0,0.0,0.0,0.6875],"tintindex":-2,"texture":"#0"},"east":{"uv":[7.625,10.0,6.9375,10.6875],"tintindex":-2,"texture":"#0"},"south":{"uv":[0.0,0.0,0.0,0.6875],"tintindex":-2,"texture":"#0"},"west":{"uv":[6.9375,10.0,7.625,10.6875],"tintindex":-2,"texture":"#0"},"up":{"uv":[0.0,0.6875,0.0,0.0],"tintindex":-2,"texture":"#0"},"down":{"uv":[0.0,0.0,0.0,0.6875],"tintindex":-2,"texture":"#0"}},"rotation":{"angle":45.0,"axis":"y","origin":[17.713871,-1.8909092,4.424295]}},{"from":[9.761057,-7.4181814,14.031629],"to":[14.997421,0.1454544,14.031629],"faces":{"north":{"uv":[10.25,3.375,10.8125,4.1875],"tintindex":-2,"texture":"#0"},"east":{"uv":[0.0,0.0,0.0,0.8125],"tintindex":-2,"texture":"#0"},"south":{"uv":[10.8125,3.375,10.25,4.1875],"tintindex":-2,"texture":"#0"},"west":{"uv":[0.0,0.0,0.0,0.8125],"tintindex":-2,"texture":"#0"},"up":{"uv":[0.0,0.0,0.5625,0.0],"tintindex":-2,"texture":"#0"},"down":{"uv":[0.0,0.0,0.5625,0.0],"tintindex":-2,"texture":"#0"}},"rotation":{"angle":-45.0,"axis":"y","origin":[12.379239,-3.636364,14.031629]}}]}