{"textures":{"0":"bettermodel:item/lr_yeti_snowball_parts_lr_yeti_snowball","1":"bettermodel:item/lr_yeti_snowball_parts_lr_yeti","2":"bettermodel:item/lr_yeti_snowball_parts_lr_yeti_damage","3":"bettermodel:item/lr_yeti_snowball_parts_lr_yeti_damage_e","particle":"bettermodel:item/lr_yeti_snowball_parts_lr_yeti_snowball"},"elements":[{"from":[-0.25806427,2.580645,2.8387098],"to":[8.0,11.354838,13.16129],"faces":{"north":{"uv":[5.0,7.5625,6.0,8.625],"tintindex":-2,"texture":"#2"},"east":{"uv":[3.3125,6.5,4.5625,7.5625],"tintindex":-2,"texture":"#2"},"south":{"uv":[6.0,7.9375,7.0,9.0],"tintindex":-2,"texture":"#2"},"west":{"uv":[4.5625,6.5,5.8125,7.5625],"tintindex":-2,"texture":"#2"},"up":{"uv":[8.0625,5.625,7.0625,4.375],"tintindex":-2,"texture":"#2"},"down":{"uv":[8.0625,5.625,7.0625,6.875],"tintindex":-2,"texture":"#2"}}},{"from":[0.77419376,-4.6451616,2.8387098],"to":[6.967742,2.580645,12.129032],"faces":{"north":{"uv":[6.0,9.0,6.75,9.875],"tintindex":-2,"texture":"#2"},"east":{"uv":[0.0,8.1875,1.125,9.0625],"tintindex":-2,"texture":"#2"},"south":{"uv":[0.0,9.0625,0.75,9.9375],"tintindex":-2,"texture":"#2"},"west":{"uv":[8.1875,0.0,9.3125,0.875],"tintindex":-2,"texture":"#2"},"up":{"uv":[3.6875,9.8125,2.9375,8.6875],"tintindex":-2,"texture":"#2"},"down":{"uv":[4.4375,8.6875,3.6875,9.8125],"tintindex":-2,"texture":"#2"}}},{"from":[8.062617,-3.6129036,11.67552],"to":[8.062617,2.580645,14.772295],"faces":{"north":{"uv":[0.0,0.0,0.0,0.75],"tintindex":-2,"texture":"#2"},"east":{"uv":[8.0625,8.9375,7.6875,9.6875],"tintindex":-2,"texture":"#2"},"south":{"uv":[0.0,0.0,0.0,0.75],"tintindex":-2,"texture":"#2"},"west":{"uv":[7.6875,8.9375,8.0625,9.6875],"tintindex":-2,"texture":"#2"},"up":{"uv":[0.0,0.375,0.0,0.0],"tintindex":-2,"texture":"#2"},"down":{"uv":[0.0,0.0,0.0,0.375],"tintindex":-2,"texture":"#2"}},"rotation":{"angle":45.0,"axis":"y","origin":[8.062617,2.064516,13.223907]}},{"from":[-0.85060596,2.580645,13.0434265],"to":[-0.85060596,11.354838,16.140202],"faces":{"north":{"uv":[0.0,0.0,0.0,1.0625],"tintindex":-2,"texture":"#2"},"east":{"uv":[8.5625,10.3125,8.1875,11.375],"tintindex":-2,"texture":"#2"},"south":{"uv":[0.0,0.0,0.0,1.0625],"tintindex":-2,"texture":"#2"},"west":{"uv":[8.1875,10.3125,8.5625,11.375],"tintindex":-2,"texture":"#2"},"up":{"uv":[0.0,0.375,0.0,0.0],"tintindex":-2,"texture":"#2"},"down":{"uv":[0.0,0.0,0.0,0.375],"tintindex":-2,"texture":"#2"}},"rotation":{"angle":-22.5,"axis":"y","origin":[-0.85060596,10.83871,14.591814]}},{"from":[-1.2903223,-6.193548,6.451613],"to":[0.77419376,3.096774,15.741936],"faces":{"north":{"uv":[6.5,10.375,6.75,11.5],"tintindex":-2,"texture":"#2"},"east":{"uv":[0.0,7.0625,1.125,8.1875],"tintindex":-2,"texture":"#2"},"south":{"uv":[2.5,10.4375,2.75,11.5625],"tintindex":-2,"texture":"#2"},"west":{"uv":[7.0625,0.0,8.1875,1.125],"tintindex":-2,"texture":"#2"},"up":{"uv":[3.0,11.5625,2.75,10.4375],"tintindex":-2,"texture":"#2"},"down":{"uv":[3.25,10.4375,3.0,11.5625],"tintindex":-2,"texture":"#2"}},"rotation":{"angle":22.5,"axis":"y","origin":[-0.25806427,-3.6129036,11.096774]}},{"from":[-8.0,-6.193548,11.096774],"to":[0.25806475,2.064516,11.096774],"faces":{"north":{"uv":[0.0,3.5,1.0,4.5],"tintindex":-2,"texture":"#2"},"east":{"uv":[0.0,7.0625,0.0,8.0625],"tintindex":-2,"texture":"#2"},"south":{"uv":[1.0,3.5,0.0,4.5],"tintindex":-2,"texture":"#2"},"west":{"uv":[7.0625,0.0,7.0625,1.0],"tintindex":-2,"texture":"#2"},"up":{"uv":[3.75,10.4375,2.75,10.4375],"tintindex":-2,"texture":"#2"},"down":{"uv":[4.0,10.4375,3.0,10.4375],"tintindex":-2,"texture":"#2"}},"rotation":{"angle":22.5,"axis":"y","origin":[-0.25806427,-3.6129036,11.096774]}},{"from":[-0.61714363,-5.16129,2.505423],"to":[-0.61714363,0.516129,8.182842],"faces":{"north":{"uv":[0.0,0.0,0.0,0.6875],"tintindex":-2,"texture":"#2"},"east":{"uv":[7.625,10.0,6.9375,10.6875],"tintindex":-2,"texture":"#2"},"south":{"uv":[0.0,0.0,0.0,0.6875],"tintindex":-2,"texture":"#2"},"west":{"uv":[6.9375,10.0,7.625,10.6875],"tintindex":-2,"texture":"#2"},"up":{"uv":[0.0,0.6875,0.0,0.0],"tintindex":-2,"texture":"#2"},"down":{"uv":[0.0,0.0,0.0,0.6875],"tintindex":-2,"texture":"#2"}},"rotation":{"angle":-45.0,"axis":"y","origin":[-0.61714363,-0.77419376,4.828004]}},{"from":[1.7926106,-5.6774197,13.350637],"to":[6.437772,1.032258,13.350637],"faces":{"north":{"uv":[10.8125,3.375,10.25,4.1875],"tintindex":-2,"texture":"#2"},"east":{"uv":[0.0,0.0,0.0,0.8125],"tintindex":-2,"texture":"#2"},"south":{"uv":[10.25,3.375,10.8125,4.1875],"tintindex":-2,"texture":"#2"},"west":{"uv":[0.0,0.0,0.0,0.8125],"tintindex":-2,"texture":"#2"},"up":{"uv":[0.5625,0.0,0.0,0.0],"tintindex":-2,"texture":"#2"},"down":{"uv":[0.5625,0.0,0.0,0.0],"tintindex":-2,"texture":"#2"}},"rotation":{"angle":45.0,"axis":"y","origin":[4.115191,-2.3225803,13.350637]}}]}