{"textures":{"0":"bettermodel:item/lr_yeti_snowball_parts_lr_yeti_snowball","1":"bettermodel:item/lr_yeti_snowball_parts_lr_yeti","2":"bettermodel:item/lr_yeti_snowball_parts_lr_yeti_damage","3":"bettermodel:item/lr_yeti_snowball_parts_lr_yeti_damage_e","particle":"bettermodel:item/lr_yeti_snowball_parts_lr_yeti_snowball"},"elements":[{"from":[5.2861404,5.4375362,4.3461323],"to":[10.71386,10.18679,10.452316],"faces":{"north":{"uv":[5.0,8.625,6.0,9.5],"tintindex":-2,"texture":"#2"},"east":{"uv":[8.0625,4.4375,9.1875,5.3125],"tintindex":-2,"texture":"#2"},"south":{"uv":[8.625,8.0,9.625,8.875],"tintindex":-2,"texture":"#2"},"west":{"uv":[8.0625,5.3125,9.1875,6.1875],"tintindex":-2,"texture":"#2"},"up":{"uv":[4.0,8.6875,3.0,7.5625],"tintindex":-2,"texture":"#2"},"down":{"uv":[5.0,7.5625,4.0,8.6875],"tintindex":-2,"texture":"#2"}}},{"from":[5.2861404,3.0629091,10.452316],"to":[10.71386,5.4375362,10.452316],"faces":{"north":{"uv":[5.6875,3.0625,6.6875,3.5],"tintindex":-2,"texture":"#2"},"east":{"uv":[0.0,0.0,0.0,0.4375],"tintindex":-2,"texture":"#2"},"south":{"uv":[6.6875,3.0625,5.6875,3.5],"tintindex":-2,"texture":"#2"},"west":{"uv":[0.0,0.0,0.0,0.4375],"tintindex":-2,"texture":"#2"},"up":{"uv":[1.0,0.0,0.0,0.0],"tintindex":-2,"texture":"#2"},"down":{"uv":[1.0,0.0,0.0,0.0],"tintindex":-2,"texture":"#2"}}},{"from":[8.0,5.4375362,2.9892025],"to":[8.0,12.90065,5.024597],"faces":{"north":{"uv":[0.0,0.0,0.0,1.375],"tintindex":-2,"texture":"#2"},"east":{"uv":[5.9375,9.5,5.5625,10.875],"tintindex":-2,"texture":"#2"},"south":{"uv":[0.0,0.0,0.0,1.375],"tintindex":-2,"texture":"#2"},"west":{"uv":[5.5625,9.5,5.9375,10.875],"tintindex":-2,"texture":"#2"},"up":{"uv":[0.0,0.375,0.0,0.0],"tintindex":-2,"texture":"#2"},"down":{"uv":[0.0,0.0,0.0,0.375],"tintindex":-2,"texture":"#2"}}},{"from":[5.2861404,2.500646,4.930316],"to":[10.71386,5.5537386,4.930316],"faces":{"north":{"uv":[9.3125,8.875,10.3125,9.4375],"tintindex":-2,"texture":"#2"},"east":{"uv":[0.0,0.0,0.0,0.5625],"tintindex":-2,"texture":"#2"},"south":{"uv":[10.3125,8.875,9.3125,9.4375],"tintindex":-2,"texture":"#2"},"west":{"uv":[0.0,0.0,0.0,0.5625],"tintindex":-2,"texture":"#2"},"up":{"uv":[1.0,0.0,0.0,0.0],"tintindex":-2,"texture":"#2"},"down":{"uv":[1.0,0.0,0.0,0.0],"tintindex":-2,"texture":"#2"}},"rotation":{"angle":-22.5,"axis":"x","origin":[8.0,4.027192,4.930316]}},{"from":[4.268443,7.925511,4.766165],"to":[11.731557,14.370928,12.229279],"faces":{"north":{"uv":[0.0,5.1875,1.375,6.375],"tintindex":-2,"texture":"#2"},"east":{"uv":[5.3125,3.5,6.6875,4.6875],"tintindex":-2,"texture":"#2"},"south":{"uv":[5.6875,0.0,7.0625,1.1875],"tintindex":-2,"texture":"#2"},"west":{"uv":[6.6875,3.5,5.3125,4.6875],"tintindex":-2,"texture":"#2"},"up":{"uv":[4.6875,6.5,3.3125,5.125],"tintindex":-2,"texture":"#2"},"down":{"uv":[6.0625,5.125,4.6875,6.5],"tintindex":-2,"texture":"#2"}},"rotation":{"angle":22.5,"axis":"x","origin":[8.0,11.826684,8.497722]}},{"from":[2.572281,12.749254,3.7595944],"to":[13.427719,22.247763,12.918871],"faces":{"north":{"uv":[0.0,0.0,2.0,1.75],"tintindex":-2,"texture":"#2"},"east":{"uv":[5.6875,1.75,4.0,3.5],"tintindex":-2,"texture":"#2"},"south":{"uv":[0.0,1.75,2.0,3.5],"tintindex":-2,"texture":"#2"},"west":{"uv":[4.0,1.75,5.6875,3.5],"tintindex":-2,"texture":"#2"},"up":{"uv":[4.0,1.6875,2.0,0.0],"tintindex":-2,"texture":"#2"},"down":{"uv":[4.0,1.6875,2.0,3.375],"tintindex":-2,"texture":"#2"}}},{"from":[2.572281,22.961452,12.776977],"to":[13.427719,22.961452,16.508533],"faces":{"north":{"uv":[0.0,0.0,2.0,0.0],"tintindex":-2,"texture":"#2"},"east":{"uv":[0.0,0.0,0.6875,0.0],"tintindex":-2,"texture":"#2"},"south":{"uv":[0.0,0.0,2.0,0.0],"tintindex":-2,"texture":"#2"},"west":{"uv":[0.0,0.0,0.6875,0.0],"tintindex":-2,"texture":"#2"},"up":{"uv":[7.6875,3.0625,5.6875,2.375],"tintindex":-2,"texture":"#2"},"down":{"uv":[5.6875,2.375,7.6875,3.0625],"tintindex":-2,"texture":"#2"}},"rotation":{"angle":-22.5,"axis":"x","origin":[8.0,22.961452,14.6427555]}},{"from":[2.572281,10.410036,12.776533],"to":[13.427719,13.463127,12.776533],"faces":{"north":{"uv":[7.6875,2.375,9.6875,2.9375],"tintindex":-2,"texture":"#2"},"east":{"uv":[0.0,0.0,0.0,0.5625],"tintindex":-2,"texture":"#2"},"south":{"uv":[9.6875,2.375,7.6875,2.9375],"tintindex":-2,"texture":"#2"},"west":{"uv":[0.0,0.0,0.0,0.5625],"tintindex":-2,"texture":"#2"},"up":{"uv":[2.0,0.0,0.0,0.0],"tintindex":-2,"texture":"#2"},"down":{"uv":[2.0,0.0,0.0,0.0],"tintindex":-2,"texture":"#2"}},"rotation":{"angle":-22.5,"axis":"x","origin":[8.0,13.463127,14.642312]}},{"from":[2.572281,24.0,3.41112],"to":[13.427719,24.0,12.570396],"faces":{"north":{"uv":[0.0,0.0,2.0,0.0],"tintindex":-2,"texture":"#2"},"east":{"uv":[0.0,0.0,1.6875,0.0],"tintindex":-2,"texture":"#2"},"south":{"uv":[0.0,0.0,2.0,0.0],"tintindex":-2,"texture":"#2"},"west":{"uv":[0.0,0.0,1.6875,0.0],"tintindex":-2,"texture":"#2"},"up":{"uv":[4.0,5.0625,2.0,3.375],"tintindex":-2,"texture":"#2"},"down":{"uv":[2.0,3.375,4.0,5.0625],"tintindex":-2,"texture":"#2"}},"rotation":{"angle":-22.5,"axis":"x","origin":[8.0,24.0,7.990758]}},{"from":[-0.08337593,12.749254,4.7190886],"to":[2.969716,22.247763,4.7190886],"faces":{"north":{"uv":[2.375,8.0,2.9375,9.75],"tintindex":-2,"texture":"#2"},"east":{"uv":[0.0,0.0,0.0,1.75],"tintindex":-2,"texture":"#2"},"south":{"uv":[2.9375,8.0,2.375,9.75],"tintindex":-2,"texture":"#2"},"west":{"uv":[0.0,0.0,0.0,1.75],"tintindex":-2,"texture":"#2"},"up":{"uv":[0.5625,0.0,0.0,0.0],"tintindex":-2,"texture":"#2"},"down":{"uv":[0.5625,0.0,0.0,0.0],"tintindex":-2,"texture":"#2"}},"rotation":{"angle":45.0,"axis":"y","origin":[1.6127868,17.498508,4.7190886]}},{"from":[2.572281,9.486042,3.1105013],"to":[13.427719,12.878366,3.1105013],"faces":{"north":{"uv":[7.0625,1.125,9.0625,1.75],"tintindex":-2,"texture":"#2"},"east":{"uv":[0.0,0.0,0.0,0.625],"tintindex":-2,"texture":"#2"},"south":{"uv":[9.0625,1.125,7.0625,1.75],"tintindex":-2,"texture":"#2"},"west":{"uv":[0.0,0.0,0.0,0.625],"tintindex":-2,"texture":"#2"},"up":{"uv":[2.0,0.0,0.0,0.0],"tintindex":-2,"texture":"#2"},"down":{"uv":[2.0,0.0,0.0,0.0],"tintindex":-2,"texture":"#2"}},"rotation":{"angle":22.5,"axis":"x","origin":[8.0,11.182204,3.1105013]}},{"from":[-0.691061,22.896542,3.7595944],"to":[2.7012634,22.896542,12.918871],"faces":{"north":{"uv":[0.0,0.0,0.625,0.0],"tintindex":-2,"texture":"#2"},"east":{"uv":[0.0,0.0,1.6875,0.0],"tintindex":-2,"texture":"#2"},"south":{"uv":[0.0,0.0,0.625,0.0],"tintindex":-2,"texture":"#2"},"west":{"uv":[0.0,0.0,1.6875,0.0],"tintindex":-2,"texture":"#2"},"up":{"uv":[1.75,8.75,1.125,7.0625],"tintindex":-2,"texture":"#2"},"down":{"uv":[1.75,7.0625,1.125,8.75],"tintindex":-2,"texture":"#2"}},"rotation":{"angle":-22.5,"axis":"z","origin":[1.0051017,22.896542,8.339232]}},{"from":[13.298737,22.896542,3.7595944],"to":[16.691061,22.896542,12.918871],"faces":{"north":{"uv":[0.625,0.0,0.0,0.0],"tintindex":-2,"texture":"#2"},"east":{"uv":[1.6875,0.0,0.0,0.0],"tintindex":-2,"texture":"#2"},"south":{"uv":[0.625,0.0,0.0,0.0],"tintindex":-2,"texture":"#2"},"west":{"uv":[1.6875,0.0,0.0,0.0],"tintindex":-2,"texture":"#2"},"up":{"uv":[1.125,8.75,1.75,7.0625],"tintindex":-2,"texture":"#2"},"down":{"uv":[1.125,7.0625,1.75,8.75],"tintindex":-2,"texture":"#2"}},"rotation":{"angle":22.5,"axis":"z","origin":[14.994898,22.896542,8.339232]}},{"from":[13.030284,12.749254,4.7190886],"to":[16.083376,22.247763,4.7190886],"faces":{"north":{"uv":[2.9375,8.0,2.375,9.75],"tintindex":-2,"texture":"#2"},"east":{"uv":[0.0,0.0,0.0,1.75],"tintindex":-2,"texture":"#2"},"south":{"uv":[2.375,8.0,2.9375,9.75],"tintindex":-2,"texture":"#2"},"west":{"uv":[0.0,0.0,0.0,1.75],"tintindex":-2,"texture":"#2"},"up":{"uv":[0.0,0.0,0.5625,0.0],"tintindex":-2,"texture":"#2"},"down":{"uv":[0.0,0.0,0.5625,0.0],"tintindex":-2,"texture":"#2"}},"rotation":{"angle":-45.0,"axis":"y","origin":[14.387213,17.498508,4.7190886]}}]}