{"textures":{"0":"bettermodel:item/lr_yeti_lr_yeti","particle":"bettermodel:item/lr_yeti_lr_yeti"},"elements":[{"from":[23.573334,7.36,7.5733333],"to":[24.0,7.786667,8.0],"faces":{"north":{"uv":[13.5,4.25,13.625,4.375],"tintindex":-2,"texture":"#0"},"east":{"uv":[13.5,4.25,13.625,4.375],"tintindex":-2,"texture":"#0"},"south":{"uv":[13.5,4.25,13.625,4.375],"tintindex":-2,"texture":"#0"},"west":{"uv":[13.5,4.25,13.625,4.375],"tintindex":-2,"texture":"#0"},"up":{"uv":[13.5,4.25,13.625,4.375],"tintindex":-2,"texture":"#0"},"down":{"uv":[13.5,4.25,13.625,4.375],"tintindex":-2,"texture":"#0"}}}]}