{"textures":{"0":"bettermodel:item/lr_yeti_snowball_parts_lr_yeti_snowball","1":"bettermodel:item/lr_yeti_snowball_parts_lr_yeti","2":"bettermodel:item/lr_yeti_snowball_parts_lr_yeti_damage","3":"bettermodel:item/lr_yeti_snowball_parts_lr_yeti_damage_e","particle":"bettermodel:item/lr_yeti_snowball_parts_lr_yeti_snowball"},"elements":[{"from":[2.5263157,-2.3859653,5.614035],"to":[13.192983,2.1052632,10.105263],"faces":{"north":{"uv":[15.125,3.5,12.75,4.5],"tintindex":-2,"texture":"#0"},"east":{"uv":[9.375,12.875,8.375,13.875],"tintindex":-2,"texture":"#0"},"south":{"uv":[14.75,12.625,12.375,13.625],"tintindex":-2,"texture":"#0"},"west":{"uv":[10.375,12.875,9.375,13.875],"tintindex":-2,"texture":"#0"},"up":{"uv":[12.75,5.5,15.125,4.5],"rotation":180.0,"tintindex":-2,"texture":"#0"},"down":{"uv":[12.75,5.5,15.125,6.5],"rotation":180.0,"tintindex":-2,"texture":"#0"}}},{"from":[1.2631578,-8.0,4.3508773],"to":[14.175438,-1.8245611,13.333334],"faces":{"north":{"uv":[7.375,5.625,4.375,6.375],"tintindex":-2,"texture":"#0"},"east":{"uv":[5.625,5.625,4.375,6.375],"tintindex":-2,"texture":"#0"},"south":{"uv":[7.375,5.625,4.375,6.375],"tintindex":-2,"texture":"#0"},"west":{"uv":[5.625,5.625,4.375,6.375],"tintindex":-2,"texture":"#0"},"up":{"uv":[7.375,5.625,4.375,7.625],"tintindex":-2,"texture":"#0"},"down":{"uv":[7.375,5.625,4.375,7.625],"tintindex":-2,"texture":"#0"}}},{"from":[1.4035087,-2.3859653,4.491228],"to":[7.017544,-0.1403513,8.421053],"faces":{"north":{"uv":[3.5,12.0,2.25,12.5],"tintindex":-2,"texture":"#0"},"east":{"uv":[13.25,13.625,12.375,14.125],"tintindex":-2,"texture":"#0"},"south":{"uv":[7.75,8.0,6.5,8.5],"tintindex":-2,"texture":"#0"},"west":{"uv":[14.125,13.625,13.25,14.125],"tintindex":-2,"texture":"#0"},"up":{"uv":[12.75,8.5,14.0,7.625],"rotation":180.0,"tintindex":-2,"texture":"#0"},"down":{"uv":[7.125,12.875,8.375,13.75],"rotation":180.0,"tintindex":-2,"texture":"#0"}}},{"from":[10.947369,-2.3859653,4.491228],"to":[14.31579,-0.1403513,8.421053],"faces":{"north":{"uv":[7.875,13.75,7.125,14.25],"tintindex":-2,"texture":"#0"},"east":{"uv":[14.625,6.5,13.75,7.0],"tintindex":-2,"texture":"#0"},"south":{"uv":[12.75,3.5,12.0,4.0],"tintindex":-2,"texture":"#0"},"west":{"uv":[14.625,7.0,13.75,7.5],"tintindex":-2,"texture":"#0"},"up":{"uv":[13.0,11.25,13.75,10.375],"rotation":180.0,"tintindex":-2,"texture":"#0"},"down":{"uv":[13.0,11.25,13.75,12.125],"rotation":180.0,"tintindex":-2,"texture":"#0"}}},{"from":[1.9649124,-2.3859653,8.421053],"to":[6.4561405,-0.1403513,13.473684],"faces":{"north":{"uv":[14.5,9.5,13.5,10.0],"tintindex":-2,"texture":"#0"},"east":{"uv":[14.125,12.125,13.0,12.625],"tintindex":-2,"texture":"#0"},"south":{"uv":[14.5,9.0,13.5,9.5],"tintindex":-2,"texture":"#0"},"west":{"uv":[14.625,8.5,13.5,9.0],"tintindex":-2,"texture":"#0"},"up":{"uv":[12.75,7.625,13.75,6.5],"rotation":180.0,"tintindex":-2,"texture":"#0"},"down":{"uv":[6.125,12.875,7.125,14.0],"rotation":180.0,"tintindex":-2,"texture":"#0"}}}]}