{"textures":{"0":"bettermodel:item/lr_yeti_snowball_parts_lr_yeti_snowball","1":"bettermodel:item/lr_yeti_snowball_parts_lr_yeti","2":"bettermodel:item/lr_yeti_snowball_parts_lr_yeti_damage","3":"bettermodel:item/lr_yeti_snowball_parts_lr_yeti_damage_e","particle":"bettermodel:item/lr_yeti_snowball_parts_lr_yeti_snowball"},"elements":[{"from":[2.5632038,-0.15519428,8.0],"to":[13.436796,8.0,18.873592],"faces":{"north":{"uv":[7.25,10.6875,6.75,11.0625],"tintindex":-2,"texture":"#2"},"east":{"uv":[11.3125,3.5625,10.8125,3.9375],"tintindex":-2,"texture":"#2"},"south":{"uv":[11.3125,3.1875,10.8125,3.5625],"tintindex":-2,"texture":"#2"},"west":{"uv":[11.125,10.75,10.625,11.125],"tintindex":-2,"texture":"#2"},"up":{"uv":[9.25,11.0,9.75,10.5],"tintindex":-2,"texture":"#2"},"down":{"uv":[9.75,10.5,10.25,11.0],"tintindex":-2,"texture":"#2"}}},{"from":[10.517168,-4.232791,15.844806],"to":[10.517168,8.0,24.0],"faces":{"north":{"uv":[0.0,0.0,0.0,0.5625],"tintindex":-2,"texture":"#2"},"east":{"uv":[11.0,9.875,10.625,10.4375],"tintindex":-2,"texture":"#2"},"south":{"uv":[0.0,0.0,0.0,0.5625],"tintindex":-2,"texture":"#2"},"west":{"uv":[10.625,9.875,11.0,10.4375],"tintindex":-2,"texture":"#2"},"up":{"uv":[0.0,0.375,0.0,0.0],"tintindex":-2,"texture":"#2"},"down":{"uv":[0.0,0.0,0.0,0.375],"tintindex":-2,"texture":"#2"}},"rotation":{"angle":-22.5,"axis":"y","origin":[10.517168,1.8836045,19.922403]}},{"from":[3.9224029,-6.951189,8.0],"to":[12.077597,-0.15519428,16.155193],"faces":{"north":{"uv":[7.0625,4.375,6.6875,4.6875],"tintindex":-2,"texture":"#2"},"east":{"uv":[9.25,10.875,8.875,11.1875],"tintindex":-2,"texture":"#2"},"south":{"uv":[11.25,5.5,10.875,5.8125],"tintindex":-2,"texture":"#2"},"west":{"uv":[11.1875,6.9375,10.8125,7.25],"tintindex":-2,"texture":"#2"},"up":{"uv":[7.25,11.0625,7.625,10.6875],"tintindex":-2,"texture":"#2"},"down":{"uv":[10.8125,6.5625,11.1875,6.9375],"tintindex":-2,"texture":"#2"}}}]}