{"textures":{"0":"bettermodel:item/lr_yeti_snowball_lr_yeti_snowball","particle":"bettermodel:item/lr_yeti_snowball_lr_yeti_snowball"},"elements":[{"from":[-7.168831,-4.467532,-6.2337666],"to":[19.428572,22.129871,20.363636],"faces":{"north":{"uv":[0.0,0.0,4.0,4.0],"tintindex":-2,"texture":"#0"},"east":{"uv":[0.0,4.0,4.0,8.0],"tintindex":-2,"texture":"#0"},"south":{"uv":[4.0,0.0,8.0,4.0],"tintindex":-2,"texture":"#0"},"west":{"uv":[4.0,4.0,8.0,8.0],"tintindex":-2,"texture":"#0"},"up":{"uv":[4.0,12.0,0.0,8.0],"tintindex":-2,"texture":"#0"},"down":{"uv":[12.0,0.0,8.0,4.0],"tintindex":-2,"texture":"#0"}}},{"from":[-8.0,8.831169,6.233766],"to":[8.623377,23.792208,21.194805],"faces":{"north":{"uv":[4.0,8.0,6.5,10.25],"tintindex":-2,"texture":"#0"},"east":{"uv":[9.0,8.5,11.25,10.75],"tintindex":-2,"texture":"#0"},"south":{"uv":[8.0,4.0,10.5,6.25],"tintindex":-2,"texture":"#0"},"west":{"uv":[4.0,10.25,6.25,12.5],"tintindex":-2,"texture":"#0"},"up":{"uv":[10.5,8.5,8.0,6.25],"tintindex":-2,"texture":"#0"},"down":{"uv":[9.0,8.5,6.5,10.75],"tintindex":-2,"texture":"#0"}}},{"from":[5.2987013,-0.31168842,-7.896104],"to":[20.259739,13.818182,2.909091],"faces":{"north":{"uv":[6.25,10.75,8.5,12.875],"tintindex":-2,"texture":"#0"},"east":{"uv":[4.5,12.5,6.125,14.625],"tintindex":-2,"texture":"#0"},"south":{"uv":[8.5,10.75,10.75,12.875],"tintindex":-2,"texture":"#0"},"west":{"uv":[10.75,12.625,12.375,14.75],"tintindex":-2,"texture":"#0"},"up":{"uv":[14.25,3.5,12.0,1.875],"tintindex":-2,"texture":"#0"},"down":{"uv":[4.5,12.5,2.25,14.125],"tintindex":-2,"texture":"#0"}}},{"from":[5.2987013,-6.1298704,6.233766],"to":[20.259739,6.337662,21.194805],"faces":{"north":{"uv":[10.75,10.75,13.0,12.625],"tintindex":-2,"texture":"#0"},"east":{"uv":[11.25,8.5,13.5,10.375],"tintindex":-2,"texture":"#0"},"south":{"uv":[0.0,12.0,2.25,13.875],"tintindex":-2,"texture":"#0"},"west":{"uv":[12.0,0.0,14.25,1.875],"tintindex":-2,"texture":"#0"},"up":{"uv":[12.75,6.25,10.5,4.0],"tintindex":-2,"texture":"#0"},"down":{"uv":[12.75,6.25,10.5,8.5],"tintindex":-2,"texture":"#0"}}}]}