{
	"format_version": "1.9.0",
	"credit": "Made with Blockbench",
	"textures": {
		"0": "civilization:item/tools/reaper_scythe/gravedigger_sickles/default",
		"1": "civilization:item/tools/reaper_scythe/gravedigger_sickles/anim_0",
		"2": "civilization:item/tools/reaper_scythe/gravedigger_sickles/anim_1",
		"particle": "civilization:item/tools/reaper_scythe/gravedigger_sickles/default"
	},
	"elements": [
		{
			"from": [6.75, 1.75, 7.25],
			"to": [9.25, 8.25, 9.75],
			"rotation": {"angle": 0, "axis": "y", "origin": [8, 0, 8]},
			"faces": {
				"north": {"uv": [3.5, 8.5, 4, 10], "texture": "#0"},
				"east": {"uv": [0, 8.75, 0.5, 10.25], "texture": "#0"},
				"south": {"uv": [0.5, 8.75, 1, 10.25], "texture": "#0"},
				"west": {"uv": [8.75, 3, 9.25, 4.5], "texture": "#0"},
				"up": {"uv": [2.25, 10.25, 1.75, 9.75], "texture": "#0"},
				"down": {"uv": [2.75, 9.75, 2.25, 10.25], "texture": "#0"}
			}
		},
		{
			"from": [7, 2, 7.5],
			"to": [9, 16, 9.5],
			"rotation": {"angle": 0, "axis": "y", "origin": [8, 1, 8]},
			"faces": {
				"north": {"uv": [4.25, 6.75, 4.75, 10.25], "texture": "#0"},
				"east": {"uv": [4.75, 6.75, 5.25, 10.25], "texture": "#0"},
				"south": {"uv": [5.25, 6.75, 5.75, 10.25], "texture": "#0"},
				"west": {"uv": [5.75, 6.75, 6.25, 10.25], "texture": "#0"},
				"up": {"uv": [3.25, 10.25, 2.75, 9.75], "texture": "#0"},
				"down": {"uv": [10.25, 6, 9.75, 6.5], "texture": "#0"}
			}
		},
		{
			"from": [6.75, 12, 7.25],
			"to": [9.25, 13.25, 9.75],
			"rotation": {"angle": 0, "axis": "y", "origin": [8, 11.25, 8]},
			"faces": {
				"north": {"uv": [10.25, 3, 10.75, 3.25], "texture": "#0"},
				"east": {"uv": [10.25, 3.25, 10.75, 3.5], "texture": "#0"},
				"south": {"uv": [10.25, 3.5, 10.75, 3.75], "texture": "#0"},
				"west": {"uv": [10.25, 3.75, 10.75, 4], "texture": "#0"},
				"up": {"uv": [10.5, 2.25, 10, 1.75], "texture": "#0"},
				"down": {"uv": [10.5, 2.25, 10, 2.75], "texture": "#0"}
			}
		},
		{
			"from": [7, -2.5, 7],
			"to": [9, 0.5, 10],
			"rotation": {"angle": 45, "axis": "x", "origin": [8, -1, 8.5]},
			"faces": {
				"north": {"uv": [1.75, 7, 2.25, 7.75], "texture": "#0"},
				"east": {"uv": [8.75, 8.25, 9.5, 9], "texture": "#0"},
				"south": {"uv": [9.5, 4.75, 10, 5.5], "texture": "#0"},
				"west": {"uv": [9, 6, 9.75, 6.75], "texture": "#0"},
				"up": {"uv": [10, 7.5, 9.5, 6.75], "texture": "#0"},
				"down": {"uv": [10, 7.5, 9.5, 8.25], "texture": "#0"}
			}
		},
		{
			"from": [6.5, 8, 7],
			"to": [9.5, 10, 10],
			"rotation": {"angle": -45, "axis": "y", "origin": [8, 5, 8.5]},
			"faces": {
				"north": {"uv": [1.25, 9.25, 2, 9.75], "texture": "#0"},
				"east": {"uv": [9.25, 1.25, 10, 1.75], "texture": "#0"},
				"south": {"uv": [9.25, 1.75, 10, 2.25], "texture": "#0"},
				"west": {"uv": [9.25, 2.25, 10, 2.75], "texture": "#0"},
				"up": {"uv": [9.5, 5.25, 8.75, 4.5], "texture": "#0"},
				"down": {"uv": [9.5, 5.25, 8.75, 6], "texture": "#0"}
			}
		},
		{
			"from": [6.5, 0, 7],
			"to": [9.5, 2, 10],
			"rotation": {"angle": -45, "axis": "y", "origin": [8, -3, 8.5]},
			"faces": {
				"north": {"uv": [9.5, 5.5, 10.25, 6], "texture": "#0"},
				"east": {"uv": [9.5, 8.25, 10.25, 8.75], "texture": "#0"},
				"south": {"uv": [9.5, 8.75, 10.25, 9.25], "texture": "#0"},
				"west": {"uv": [9.5, 9.25, 10.25, 9.75], "texture": "#0"},
				"up": {"uv": [9.5, 9.75, 8.75, 9], "texture": "#0"},
				"down": {"uv": [10, 0, 9.25, 0.75], "texture": "#0"}
			}
		},
		{
			"from": [8, 0.5, 4],
			"to": [8, 9.5, 13],
			"rotation": {"angle": 0, "axis": "y", "origin": [8.5, 9.5, 6]},
			"faces": {
				"north": {"uv": [0, 0, 0, 2.5], "texture": "#0"},
				"east": {"uv": [0, 3.75, 2.25, 6], "texture": "#0"},
				"south": {"uv": [0, 0, 0, 2.5], "texture": "#0"},
				"west": {"uv": [2.25, 3.75, 4.5, 6], "texture": "#0"},
				"up": {"uv": [0, 2.25, 0, 0], "texture": "#0"},
				"down": {"uv": [0, 0, 0, 2.25], "texture": "#0"}
			}
		},
		{
			"from": [4.5, 0.5, 8.5],
			"to": [11.5, 1.5, 8.5],
			"rotation": {"angle": 0, "axis": "y", "origin": [8, 5.5, 8.5]},
			"faces": {
				"north": {"uv": [4.75, 5.75, 6.5, 6], "texture": "#0"},
				"east": {"uv": [0, 0, 0, 2.5], "texture": "#0"},
				"south": {"uv": [6, 2.25, 7.75, 2.5], "texture": "#0"},
				"west": {"uv": [0, 0, 0, 2.5], "texture": "#0"},
				"up": {"uv": [2.25, 0, 0, 0], "texture": "#0"},
				"down": {"uv": [2.25, 0, 0, 0], "texture": "#0"}
			}
		},
		{
			"from": [4.5, 8.5, 8.5],
			"to": [11.5, 9.5, 8.5],
			"rotation": {"angle": 0, "axis": "y", "origin": [8, 13.5, 8.5]},
			"faces": {
				"north": {"uv": [4.75, 3.75, 6.5, 4], "texture": "#0"},
				"east": {"uv": [0, 0, 0, 2.5], "texture": "#0"},
				"south": {"uv": [6, 0.25, 7.75, 0.5], "texture": "#0"},
				"west": {"uv": [0, 0, 0, 2.5], "texture": "#0"},
				"up": {"uv": [2.25, 0, 0, 0], "texture": "#0"},
				"down": {"uv": [2.25, 0, 0, 0], "texture": "#0"}
			}
		},
		{
			"from": [7.495, 15.845, -0.605],
			"to": [8.505, 18.855, 9.405],
			"rotation": {"angle": -22.5, "axis": "x", "origin": [8, 16.50901, 2.47322]},
			"faces": {
				"north": {"uv": [3.75, 10, 4, 10.75], "texture": "#0"},
				"east": {"uv": [2.25, 6, 4.75, 6.75], "texture": "#0"},
				"south": {"uv": [10, 4.75, 10.25, 5.5], "texture": "#0"},
				"west": {"uv": [4.75, 6, 7.25, 6.75], "texture": "#0"},
				"up": {"uv": [4.25, 11, 4, 8.5], "texture": "#0"},
				"down": {"uv": [1.25, 8.75, 1, 11.25], "texture": "#0"}
			}
		},
		{
			"from": [7.4975, 15.8475, 0.1475],
			"to": [8.5025, 18.8525, 1.1525],
			"rotation": {"angle": -22.5, "axis": "x", "origin": [8, 16.50901, 2.47322]},
			"faces": {
				"north": {"uv": [2, 7.75, 2.25, 8.5], "texture": "#0"},
				"east": {"uv": [10, 2.75, 10.25, 3.5], "texture": "#0"},
				"south": {"uv": [3.5, 10, 3.75, 10.75], "texture": "#0"},
				"west": {"uv": [10, 3.5, 10.25, 4.25], "texture": "#0"},
				"up": {"uv": [9.5, 4.5, 9.25, 4.25], "texture": "#0"},
				"down": {"uv": [10, 6.5, 9.75, 6.75], "texture": "#0"}
			}
		},
		{
			"from": [8, 15.35, -3.6],
			"to": [8, 23.35, 22.4],
			"rotation": {"angle": -22.5, "axis": "x", "origin": [7.5, 16.50901, 2.47322]},
			"faces": {
				"north": {"uv": [0, 0, 0, 3.5], "texture": "#1"},
				"east": {"uv": [1, 0, 14, 4], "texture": "#1"},
				"south": {"uv": [0, 0, 0, 3.5], "texture": "#1"},
				"west": {"uv": [14, 0, 1, 4], "texture": "#1"},
				"up": {"uv": [0, 11.5, 0, 0], "texture": "#1"},
				"down": {"uv": [0, 0, 0, 11.5], "texture": "#1"}
			}
		},
		{
			"from": [7.5, 11.64009, -1.78875],
			"to": [8.5, 16.64009, 1.21125],
			"rotation": {"angle": 22.5, "axis": "x", "origin": [8, 15.74364, 0.62546]},
			"faces": {
				"north": {"uv": [1.25, 9.75, 1.5, 11], "texture": "#0"},
				"east": {"uv": [2, 8.5, 2.75, 9.75], "texture": "#0"},
				"south": {"uv": [1.5, 9.75, 1.75, 11], "texture": "#0"},
				"west": {"uv": [2.75, 8.5, 3.5, 9.75], "texture": "#0"},
				"up": {"uv": [10.25, 7.25, 10, 6.5], "texture": "#0"},
				"down": {"uv": [10.25, 7.25, 10, 8], "texture": "#0"}
			}
		},
		{
			"from": [7.98, 14.33, 0.13],
			"to": [8.02, 18.37, 9.17],
			"rotation": {"angle": -22.5, "axis": "x", "origin": [8, 16.50901, 2.47322]},
			"faces": {
				"north": {"uv": [0, 0, 0, 1], "texture": "#0"},
				"east": {"uv": [2.25, 6, 0, 7], "texture": "#0"},
				"south": {"uv": [0, 0, 0, 1], "texture": "#0"},
				"west": {"uv": [0, 6, 2.25, 7], "texture": "#0"},
				"up": {"uv": [0, 2.25, 0, 0], "texture": "#0"},
				"down": {"uv": [0, 0, 0, 2.25], "texture": "#0"}
			}
		},
		{
			"from": [8, 10.14009, -1.28875],
			"to": [8, 17.14009, 2.71125],
			"rotation": {"angle": 22.5, "axis": "x", "origin": [8, 15.74364, 0.62546]},
			"faces": {
				"north": {"uv": [0, 0, 0, 1.75], "texture": "#0"},
				"east": {"uv": [4.25, 6.75, 3.25, 8.5], "texture": "#0"},
				"south": {"uv": [0, 0, 0, 1.75], "texture": "#0"},
				"west": {"uv": [3.25, 6.75, 4.25, 8.5], "texture": "#0"},
				"up": {"uv": [0, 1, 0, 0], "texture": "#0"},
				"down": {"uv": [0, 0, 0, 1], "texture": "#0"}
			}
		},
		{
			"from": [6.5, -6.5, 8.5],
			"to": [9.5, -0.5, 8.5],
			"rotation": {"angle": 0, "axis": "y", "origin": [7.5, -3.5, 8.5]},
			"faces": {
				"north": {"uv": [1.25, 7.75, 2, 9.25], "texture": "#0"},
				"east": {"uv": [0, 0, 0, 1.5], "texture": "#0"},
				"south": {"uv": [8, 3, 8.75, 4.5], "texture": "#0"},
				"west": {"uv": [0, 0, 0, 1.5], "texture": "#0"},
				"up": {"uv": [0.75, 0, 0, 0], "texture": "#0"},
				"down": {"uv": [0.75, 0, 0, 0], "texture": "#0"}
			}
		},
		{
			"from": [6.9, -5.5, 8.4],
			"to": [6.9, -0.5, 8.6],
			"rotation": {"angle": 0, "axis": "y", "origin": [7.4, -3.5, 8.5]},
			"faces": {
				"north": {"uv": [1.25, 7.75, 2, 9.25], "texture": "#0"},
				"east": {"uv": [0, 0, 0, 1.5], "texture": "#0"},
				"south": {"uv": [8, 3, 8.75, 4.5], "texture": "#0"},
				"west": {"uv": [0, 0, 0, 1.5], "texture": "#0"},
				"up": {"uv": [0.75, 0, 0, 0], "texture": "#0"},
				"down": {"uv": [0.75, 0, 0, 0], "texture": "#0"}
			}
		},
		{
			"from": [6.5, -12.35, 9.5],
			"to": [9.5, -6.35, 9.5],
			"rotation": {"angle": -22.5, "axis": "x", "origin": [8, -7.85, 9.5]},
			"faces": {
				"north": {"uv": [6.25, 8.25, 7, 9.75], "texture": "#0"},
				"east": {"uv": [0, 0, 0, 1.5], "texture": "#0"},
				"south": {"uv": [7, 8.25, 7.75, 9.75], "texture": "#0"},
				"west": {"uv": [0, 0, 0, 1.5], "texture": "#0"},
				"up": {"uv": [0.75, 0, 0, 0], "texture": "#0"},
				"down": {"uv": [0.75, 0, 0, 0], "texture": "#0"}
			}
		},
		{
			"from": [8, -9.35, 8],
			"to": [8, -3.35, 11],
			"rotation": {"angle": -22.5, "axis": "x", "origin": [8, -7.85, 9.5]},
			"faces": {
				"north": {"uv": [0, 0, 0, 1.5], "texture": "#0"},
				"east": {"uv": [8, 4.5, 8.75, 6], "texture": "#0"},
				"south": {"uv": [0, 0, 0, 1.5], "texture": "#0"},
				"west": {"uv": [8, 6.75, 8.75, 8.25], "texture": "#0"},
				"up": {"uv": [0, 0.75, 0, 0], "texture": "#0"},
				"down": {"uv": [0, 0, 0, 0.75], "texture": "#0"}
			}
		},
		{
			"from": [5.5, 16, 7],
			"to": [10.5, 20, 12],
			"rotation": {"angle": 0, "axis": "y", "origin": [7.5, 16.63373, 9.57769]},
			"faces": {
				"north": {"uv": [5, 0, 10, 4], "texture": "#2"},
				"east": {"uv": [5, 7, 10, 11], "texture": "#2"},
				"south": {"uv": [0, 7, 5, 11], "texture": "#2"},
				"west": {"uv": [10, 7, 5, 11], "texture": "#2"},
				"up": {"uv": [5, 2, 0, 7], "texture": "#2"},
				"down": {"uv": [5, 11, 0, 16], "texture": "#2"}
			}
		},
		{
			"from": [7, 19.45, 2.15],
			"to": [7, 22.45, 9.15],
			"rotation": {"angle": -22.5, "axis": "x", "origin": [5, 17.08373, 9.72769]},
			"faces": {
				"north": {"uv": [0, 0, 0, 0.75], "texture": "#0"},
				"east": {"uv": [6.25, 6.75, 8, 7.5], "texture": "#0"},
				"south": {"uv": [0, 0, 0, 0.75], "texture": "#0"},
				"west": {"uv": [0, 7, 1.75, 7.75], "texture": "#0"},
				"up": {"uv": [0, 1.75, 0, 0], "texture": "#0"},
				"down": {"uv": [0, 0, 0, 1.75], "texture": "#0"}
			}
		},
		{
			"from": [7, 18.45, 1.15],
			"to": [9, 19.45, 9.15],
			"rotation": {"angle": -22.5, "axis": "x", "origin": [7, 17.08373, 9.72769]},
			"faces": {
				"north": {"uv": [10, 0.5, 10.5, 0.75], "texture": "#0"},
				"east": {"uv": [9.25, 0.75, 11.25, 1], "texture": "#0"},
				"south": {"uv": [10, 8, 10.5, 8.25], "texture": "#0"},
				"west": {"uv": [9.25, 1, 11.25, 1.25], "texture": "#0"},
				"up": {"uv": [8.25, 10.25, 7.75, 8.25], "texture": "#0"},
				"down": {"uv": [8.75, 8.25, 8.25, 10.25], "texture": "#0"}
			}
		},
		{
			"from": [9, 19.45, 2.15],
			"to": [9, 22.45, 9.15],
			"rotation": {"angle": -22.5, "axis": "x", "origin": [7, 17.08373, 9.72769]},
			"faces": {
				"north": {"uv": [0, 0, 0, 0.75], "texture": "#0"},
				"east": {"uv": [7.25, 6, 9, 6.75], "texture": "#0"},
				"south": {"uv": [0, 0, 0, 0.75], "texture": "#0"},
				"west": {"uv": [6.25, 7.5, 8, 8.25], "texture": "#0"},
				"up": {"uv": [0, 1.75, 0, 0], "texture": "#0"},
				"down": {"uv": [0, 0, 0, 1.75], "texture": "#0"}
			}
		},
		{
			"from": [4.25, 17.35, 9],
			"to": [6.25, 19.35, 10],
			"rotation": {"angle": -22.5, "axis": "z", "origin": [4.75, 18.35, 9.5]},
			"faces": {
				"north": {"uv": [14, 3, 12, 5], "texture": "#2"},
				"east": {"uv": [10, 9.75, 10.25, 10.25], "texture": "#2"},
				"south": {"uv": [12, 3, 14, 5], "texture": "#2"},
				"west": {"uv": [0, 10.25, 0.25, 10.75], "texture": "#2"},
				"up": {"uv": [14, 4, 12, 3], "texture": "#2"},
				"down": {"uv": [12, 4, 14, 5], "texture": "#2"}
			}
		},
		{
			"from": [3.25, 17.35, 9],
			"to": [4.25, 21.35, 10],
			"rotation": {"angle": -22.5, "axis": "z", "origin": [4.75, 18.35, 9.5]},
			"faces": {
				"north": {"uv": [11, 1, 12, 5], "texture": "#2"},
				"east": {"uv": [11, 1, 12, 5], "texture": "#2"},
				"south": {"uv": [11, 1, 12, 5], "texture": "#2"},
				"west": {"uv": [11, 1, 12, 5], "texture": "#2"},
				"up": {"uv": [12, 2, 11, 1], "texture": "#2"},
				"down": {"uv": [12, 4, 11, 5], "texture": "#2"}
			}
		},
		{
			"from": [9.75, 17.35, 9],
			"to": [11.75, 19.35, 10],
			"rotation": {"angle": 22.5, "axis": "z", "origin": [11.25, 18.35, 9.5]},
			"faces": {
				"north": {"uv": [12, 3, 14, 5], "texture": "#2"},
				"east": {"uv": [0.25, 10.25, 0, 10.75], "texture": "#2"},
				"south": {"uv": [14, 3, 12, 5], "texture": "#2"},
				"west": {"uv": [10.25, 9.75, 10, 10.25], "texture": "#2"},
				"up": {"uv": [12, 4, 14, 3], "texture": "#2"},
				"down": {"uv": [14, 4, 12, 5], "texture": "#2"}
			}
		},
		{
			"from": [11.75, 17.35, 9],
			"to": [12.75, 21.35, 10],
			"rotation": {"angle": 22.5, "axis": "z", "origin": [11.25, 18.35, 9.5]},
			"faces": {
				"north": {"uv": [12, 1, 11, 5], "texture": "#2"},
				"east": {"uv": [12, 1, 11, 5], "texture": "#2"},
				"south": {"uv": [12, 1, 11, 5], "texture": "#2"},
				"west": {"uv": [12, 1, 11, 5], "texture": "#2"},
				"up": {"uv": [11, 2, 12, 1], "texture": "#2"},
				"down": {"uv": [11, 4, 12, 5], "texture": "#2"}
			}
		},
		{
			"from": [6.5, 14.79253, 8.63425],
			"to": [9.5, 16.79253, 11.63425],
			"rotation": {"angle": 22.5, "axis": "x", "origin": [7, 16.63373, 9.57769]},
			"faces": {
				"north": {"uv": [13, 11, 16, 13], "texture": "#2"},
				"east": {"uv": [13, 11, 10, 13], "texture": "#2"},
				"south": {"uv": [13, 11, 16, 13], "texture": "#2"},
				"west": {"uv": [10, 11, 13, 13], "texture": "#2"},
				"up": {"uv": [9.5, 7.5, 8.75, 6.75], "texture": "#2"},
				"down": {"uv": [16, 13, 13, 16], "texture": "#2"}
			}
		}
	],
	"gui_light": "front",
	"display": {
		"thirdperson_righthand": {
			"translation": [0, 0.5, 1.5],
			"scale": [0.85, 0.85, 0.85]
		},
		"thirdperson_lefthand": {
			"translation": [0, 0.5, 1.5],
			"scale": [0.85, 0.85, 0.85]
		},
		"firstperson_righthand": {
			"rotation": [15, 0, 0],
			"translation": [1.5, 1.5, 0],
			"scale": [0.6, 0.6, 0.6]
		},
		"firstperson_lefthand": {
			"rotation": [15, 0, 0],
			"translation": [1.5, 1.5, 0],
			"scale": [0.6, 0.6, 0.6]
		},
		"ground": {
			"rotation": [67, 74, 0],
			"translation": [0, 2, 0],
			"scale": [0.54, 0.54, 0.54]
		},
		"gui": {
			"rotation": [90, 45, -90],
			"translation": [-1.5, -0.25, 0],
			"scale": [0.5, 0.5, 0.5]
		},
		"head": {
			"translation": [0, 4.75, 0]
		},
		"fixed": {
			"rotation": [90, -45, 90],
			"translation": [2, -1.75, -1],
			"scale": [0.8, 0.8, 0.8]
		}
	}
}