{
	"format_version": "1.21.6",
	"credit": "Made with Blockbench",
	"texture_size": [32, 32],
	"textures": {
		"1": "civilization:item/tools/texturedsa",
		"2": "civilization:item/tools/textureadsd",
		"particle": "civilization:item/tools/texturesd"
	},
	"elements": [
		{
			"from": [5, 5, 5],
			"to": [11, 21, 11],
			"rotation": {"angle": 0, "axis": "y", "origin": [8, 0, 8]},
			"faces": {
				"north": {"uv": [0, 0, 3, 8], "texture": "#1"},
				"east": {"uv": [3, 0, 6, 8], "texture": "#1"},
				"south": {"uv": [6, 0, 9, 8], "texture": "#1"},
				"west": {"uv": [0, 8, 3, 16], "texture": "#1"},
				"up": {"uv": [6, 11, 3, 8], "texture": "#1"},
				"down": {"uv": [9, 8, 6, 11], "texture": "#1"}
			}
		},
		{
			"from": [5, 0, 0],
			"to": [11, 5, 16],
			"rotation": {"angle": 0, "axis": "y", "origin": [8, 0, 6]},
			"faces": {
				"north": {"uv": [6, 5, 9, 7.5], "texture": "#2"},
				"east": {"uv": [6, 0, 14, 2.5], "texture": "#2"},
				"south": {"uv": [6, 7.5, 9, 10], "texture": "#2"},
				"west": {"uv": [6, 2.5, 14, 5], "texture": "#2"},
				"up": {"uv": [3, 8, 0, 0], "texture": "#2"},
				"down": {"uv": [6, 0, 3, 8], "texture": "#2"}
			}
		}
	],
	"display": {
		"thirdperson_righthand": {
			"rotation": [-141, 90, -152.79],
			"translation": [-5.75, 0, 0],
			"scale": [4, 4, 4]
		},
		"firstperson_righthand": {
			"rotation": [-64.75, 0, 0],
			"translation": [0, -0.5, 8.25]
		},
		"firstperson_lefthand": {
			"rotation": [-43.5, 0, 0]
		},
		"ground": {
			"rotation": [0, -4, 0],
			"translation": [0, 9.5, 0],
			"scale": [4, 4, 4]
		},
		"head": {
			"rotation": [0, -91, 0],
			"translation": [0, 14, 0]
		},
		"fixed": {
			"rotation": [0, -89, 0]
		}
	},
	"groups": [
		{
			"name": "bone",
			"origin": [8, 0, 8],
			"color": 0,
			"children": [0, 1]
		}
	]
}