{
	"credit": "Made with Blockbench",
	"texture_size": [64, 64],
	"textures": {
		"1": "civilization:item/tools/posoh"
	},
	"elements": [
		{
			"from": [-3, 12, 8],
			"to": [19, 31.5, 8],
			"faces": {
				"north": {"uv": [0, 0, 4.625, 4.125], "texture": "#1"},
				"east": {"uv": [8, 8, 8, 12.125], "texture": "#1"},
				"south": {"uv": [0, 0, 4.625, 4.125], "texture": "#1"},
				"west": {"uv": [8.25, 8, 8.25, 12.125], "texture": "#1"},
				"up": {"uv": [13.125, 8, 8.5, 8], "texture": "#1"},
				"down": {"uv": [13.125, 8.25, 8.5, 8.25], "texture": "#1"}
			}
		},
		{
			"from": [5.5, 11, 5.5],
			"to": [10.5, 12, 10.5],
			"faces": {
				"north": {"uv": [8, 2.5, 9.25, 2.75], "texture": "#1"},
				"east": {"uv": [8, 3, 9.25, 3.25], "texture": "#1"},
				"south": {"uv": [8, 3.5, 9.25, 3.75], "texture": "#1"},
				"west": {"uv": [8, 4, 9.25, 4.25], "texture": "#1"},
				"up": {"uv": [6.25, 9, 5, 7.75], "texture": "#1"},
				"down": {"uv": [7.75, 7.75, 6.5, 9], "texture": "#1"}
			}
		},
		{
			"from": [7.25, -16, 7.25],
			"to": [8.75, 14, 8.75],
			"faces": {
				"north": {"uv": [5, 0, 5.375, 7.5], "texture": "#1"},
				"east": {"uv": [5.375, 0, 5, 7.5], "texture": "#1"},
				"south": {"uv": [5, 0, 5.375, 7.5], "texture": "#1"},
				"west": {"uv": [5.375, 0, 5, 7.5], "texture": "#1"},
				"up": {"uv": [8.375, 4.875, 8, 4.5], "texture": "#1"},
				"down": {"uv": [8.375, 5.25, 8, 5.625], "texture": "#1"}
			}
		},
		{
			"from": [6, 8.5, 6],
			"to": [10, 9.5, 10],
			"faces": {
				"north": {"uv": [8, 6, 9, 6.25], "texture": "#1"},
				"east": {"uv": [8, 6.5, 9, 6.75], "texture": "#1"},
				"south": {"uv": [8, 7, 9, 7.25], "texture": "#1"},
				"west": {"uv": [8, 7.5, 9, 7.75], "texture": "#1"},
				"up": {"uv": [9, 1, 8, 0], "texture": "#1"},
				"down": {"uv": [9, 1.25, 8, 2.25], "texture": "#1"}
			}
		}
	],
	"display": {
		"thirdperson_righthand": {
			"rotation": [-160, 0, 180],
			"translation": [0, 5.5, 4.25]
		},
		"thirdperson_lefthand": {
			"rotation": [-160, 0, 180],
			"translation": [0, 2, 3]
		},
		"firstperson_righthand": {
			"rotation": [-13, 110, 0],
			"translation": [-1, 3.5, 2.75],
			"scale": [0.7, 0.7, 0.7]
		},
		"firstperson_lefthand": {
			"rotation": [-9, 114, 0],
			"translation": [-1.25, 2.75, 3],
			"scale": [0.7, 0.7, 0.7]
		},
		"ground": {
			"rotation": [-91, 0, 0],
			"translation": [0, -2, -1.5],
			"scale": [0.6, 0.6, 0.6]
		},
		"gui": {
			"rotation": [0, -23, -45],
			"translation": [-0.25, -0.25, 0],
			"scale": [0.7, 0.7, 0.7]
		},
		"fixed": {
			"rotation": [0, 0, 45],
			"translation": [-1.75, 1.25, -1.25]
		}
	}
}