{
	"format_version": "1.21.6",
	"credit": "Made with Blockbench",
	"parent": "razlom",
	"texture_size": [32, 32],
	"textures": {
		"0": "civilization:item/tools/roo",
		"particle": "civilization:item/tools/roo"
	},
	"elements": [
		{
			"from": [7.25, 9, 7.25],
			"to": [8.75, 14, 8.75],
			"rotation": {"angle": 0, "axis": "y", "origin": [8, 11, 8]},
			"faces": {
				"north": {"uv": [0.5, 2, 1.25, 4.5], "texture": "#0"},
				"east": {"uv": [2.5, 0, 3.25, 2.5], "texture": "#0"},
				"south": {"uv": [2.5, 2.5, 3.25, 5], "texture": "#0"},
				"west": {"uv": [3.5, 0, 4.25, 2.5], "texture": "#0"},
				"up": {"uv": [8.75, 3.75, 8, 3], "texture": "#0"},
				"down": {"uv": [8.75, 4, 8, 4.75], "texture": "#0"}
			}
		},
		{
			"from": [7, 8, 7],
			"to": [9, 9.5, 9],
			"rotation": {"angle": 0, "axis": "y", "origin": [8, 9, 8]},
			"faces": {
				"north": {"uv": [6.5, 1, 7.5, 1.75], "texture": "#0"},
				"east": {"uv": [6.5, 6, 7.5, 6.75], "texture": "#0"},
				"south": {"uv": [7, 2, 8, 2.75], "texture": "#0"},
				"west": {"uv": [7, 3, 8, 3.75], "texture": "#0"},
				"up": {"uv": [5.5, 2, 4.5, 1], "texture": "#0"},
				"down": {"uv": [6, 4.5, 5, 5.5], "texture": "#0"}
			}
		},
		{
			"from": [7, 13, 7],
			"to": [9, 14.5, 9],
			"rotation": {"angle": 0, "axis": "y", "origin": [8, 14, 8]},
			"faces": {
				"north": {"uv": [7, 4.5, 8, 5.25], "texture": "#0"},
				"east": {"uv": [5.5, 7, 6.5, 7.75], "texture": "#0"},
				"south": {"uv": [6.5, 7, 7.5, 7.75], "texture": "#0"},
				"west": {"uv": [0, 7.5, 1, 8.25], "texture": "#0"},
				"up": {"uv": [1.5, 6.5, 0.5, 5.5], "texture": "#0"},
				"down": {"uv": [6.5, 1, 5.5, 2], "texture": "#0"}
			}
		},
		{
			"from": [7.25, 7, 7.25],
			"to": [8.75, 9, 8.75],
			"rotation": {"angle": 0, "axis": "y", "origin": [8, 8, 8]},
			"faces": {
				"north": {"uv": [6, 2, 6.75, 3], "texture": "#0"},
				"east": {"uv": [6, 3, 6.75, 4], "texture": "#0"},
				"south": {"uv": [6, 4.5, 6.75, 5.5], "texture": "#0"},
				"west": {"uv": [5.5, 6, 6.25, 7], "texture": "#0"},
				"up": {"uv": [7.25, 8.75, 6.5, 8], "texture": "#0"},
				"down": {"uv": [8.75, 7.5, 8, 8.25], "texture": "#0"}
			}
		},
		{
			"from": [7.5, 5.75, 7.5],
			"to": [8.5, 7, 8.5],
			"rotation": {"angle": 0, "axis": "y", "origin": [8, 6, 8]},
			"faces": {
				"north": {"uv": [9, 2, 9.5, 2.75], "texture": "#0"},
				"east": {"uv": [3, 9, 3.5, 9.75], "texture": "#0"},
				"south": {"uv": [9, 3, 9.5, 3.75], "texture": "#0"},
				"west": {"uv": [3.5, 9, 4, 9.75], "texture": "#0"},
				"up": {"uv": [2, 4.5, 1.5, 4], "texture": "#0"},
				"down": {"uv": [2.5, 4, 2, 4.5], "texture": "#0"}
			}
		},
		{
			"from": [7.75, 4.75, 7.75],
			"to": [8.25, 9, 8.25],
			"rotation": {"angle": 0, "axis": "y", "origin": [8, 3, 8]},
			"faces": {
				"north": {"uv": [2.5, 8, 2.75, 10.25], "texture": "#0"},
				"east": {"uv": [8, 5, 8.25, 7.25], "texture": "#0"},
				"south": {"uv": [5.5, 8, 5.75, 10.25], "texture": "#0"},
				"west": {"uv": [6, 8, 6.25, 10.25], "texture": "#0"},
				"up": {"uv": [0.25, 12.25, 0, 12], "texture": "#0"},
				"down": {"uv": [12.25, 0, 12, 0.25], "texture": "#0"}
			}
		},
		{
			"from": [7.75, 17.75, 7.5],
			"to": [8.25, 18.25, 8.5],
			"rotation": {"angle": 0, "axis": "y", "origin": [8, 18, 8]},
			"faces": {
				"north": {"uv": [11.5, 10, 11.75, 10.25], "texture": "#0"},
				"east": {"uv": [7.5, 4, 8, 4.25], "texture": "#0"},
				"south": {"uv": [10.5, 11.5, 10.75, 11.75], "texture": "#0"},
				"west": {"uv": [8.5, 7, 9, 7.25], "texture": "#0"},
				"up": {"uv": [1.25, 11, 1, 10.5], "texture": "#0"},
				"down": {"uv": [10.75, 1, 10.5, 1.5], "texture": "#0"}
			}
		},
		{
			"from": [7.5, 17.75, 7.75],
			"to": [8.5, 18.25, 8.25],
			"rotation": {"angle": 0, "axis": "y", "origin": [8, 18, 8]},
			"faces": {
				"north": {"uv": [1.5, 10.5, 2, 10.75], "texture": "#0"},
				"east": {"uv": [11.5, 10.5, 11.75, 10.75], "texture": "#0"},
				"south": {"uv": [10.5, 1.5, 11, 1.75], "texture": "#0"},
				"west": {"uv": [11, 11.5, 11.25, 11.75], "texture": "#0"},
				"up": {"uv": [2.5, 10.75, 2, 10.5], "texture": "#0"},
				"down": {"uv": [11, 2, 10.5, 2.25], "texture": "#0"}
			}
		},
		{
			"from": [7.75, 17.5, 7.75],
			"to": [8.25, 18.5, 8.25],
			"rotation": {"angle": 0, "axis": "y", "origin": [8, 18, 8]},
			"faces": {
				"north": {"uv": [2.5, 10.5, 2.75, 11], "texture": "#0"},
				"east": {"uv": [10.5, 2.5, 10.75, 3], "texture": "#0"},
				"south": {"uv": [10.5, 3, 10.75, 3.5], "texture": "#0"},
				"west": {"uv": [10.5, 3.5, 10.75, 4], "texture": "#0"},
				"up": {"uv": [11.75, 11.25, 11.5, 11], "texture": "#0"},
				"down": {"uv": [11.75, 11.5, 11.5, 11.75], "texture": "#0"}
			}
		},
		{
			"from": [6, 14, 7.25],
			"to": [10, 16, 8.75],
			"rotation": {"angle": 0, "axis": "y", "origin": [8, 15, 8]},
			"faces": {
				"north": {"uv": [0, 0, 2, 1], "texture": "#0"},
				"east": {"uv": [0, 6.5, 0.75, 7.5], "texture": "#0"},
				"south": {"uv": [0, 1, 2, 2], "texture": "#0"},
				"west": {"uv": [6.5, 0, 7.25, 1], "texture": "#0"},
				"up": {"uv": [6.5, 0.75, 4.5, 0], "texture": "#0"},
				"down": {"uv": [2.5, 4.5, 0.5, 5.25], "texture": "#0"}
			}
		},
		{
			"from": [6.25, 13.75, 7.5],
			"to": [9.75, 15.5, 8.5],
			"rotation": {"angle": 0, "axis": "y", "origin": [8, 14.5, 8]},
			"faces": {
				"north": {"uv": [3.5, 2.5, 5.25, 3.5], "texture": "#0"},
				"east": {"uv": [7.5, 8.5, 8, 9.5], "texture": "#0"},
				"south": {"uv": [3.5, 3.5, 5.25, 4.5], "texture": "#0"},
				"west": {"uv": [8, 8.5, 8.5, 9.5], "texture": "#0"},
				"up": {"uv": [7.25, 4.5, 5.5, 4], "texture": "#0"},
				"down": {"uv": [7.25, 5.5, 5.5, 6], "texture": "#0"}
			}
		},
		{
			"from": [9.5, 19, 7.75],
			"to": [10.25, 24.75, 8],
			"rotation": {"angle": 0, "axis": "y", "origin": [8, 20, 8]},
			"faces": {
				"north": {"uv": [3.5, 4.5, 4, 7.5], "texture": "#0"},
				"east": {"uv": [1, 6.5, 1.25, 9.5], "texture": "#0"},
				"south": {"uv": [4, 4.5, 4.5, 7.5], "texture": "#0"},
				"west": {"uv": [2, 7.5, 2.25, 10.5], "texture": "#0"},
				"up": {"uv": [4.5, 10.75, 4, 10.5], "texture": "#0"},
				"down": {"uv": [11, 4, 10.5, 4.25], "texture": "#0"}
			}
		},
		{
			"from": [8.5, 19, 7.75],
			"to": [9.5, 24.75, 8.25],
			"rotation": {"angle": 0, "axis": "y", "origin": [8, 20, 8]},
			"faces": {
				"north": {"uv": [4.5, 4.5, 5, 7.5], "texture": "#0"},
				"east": {"uv": [5, 7.5, 5.25, 10.5], "texture": "#0"},
				"south": {"uv": [2.5, 5, 3, 8], "texture": "#0"},
				"west": {"uv": [7.5, 5.5, 7.75, 8.5], "texture": "#0"},
				"up": {"uv": [12, 8.25, 11.5, 8], "texture": "#0"},
				"down": {"uv": [9, 11.5, 8.5, 11.75], "texture": "#0"}
			}
		},
		{
			"from": [9, 18.5, 8],
			"to": [10, 19, 8.25],
			"rotation": {"angle": 0, "axis": "y", "origin": [8, 19.5, 8]},
			"faces": {
				"north": {"uv": [11, 0, 11.5, 0.25], "texture": "#0"},
				"east": {"uv": [6.5, 12, 6.75, 12.25], "texture": "#0"},
				"south": {"uv": [11, 0.5, 11.5, 0.75], "texture": "#0"},
				"west": {"uv": [12, 6.5, 12.25, 6.75], "texture": "#0"},
				"up": {"uv": [1.5, 11.25, 1, 11], "texture": "#0"},
				"down": {"uv": [11.5, 1, 11, 1.25], "texture": "#0"}
			}
		},
		{
			"from": [9.5, 24.75, 7.75],
			"to": [10, 26.75, 8],
			"rotation": {"angle": 0, "axis": "y", "origin": [8, 22.75, 8]},
			"faces": {
				"north": {"uv": [9, 7, 9.25, 8], "texture": "#0"},
				"east": {"uv": [9, 8, 9.25, 9], "texture": "#0"},
				"south": {"uv": [9, 9, 9.25, 10], "texture": "#0"},
				"west": {"uv": [9.5, 0, 9.75, 1], "texture": "#0"},
				"up": {"uv": [0.75, 12.25, 0.5, 12], "texture": "#0"},
				"down": {"uv": [12.25, 0.5, 12, 0.75], "texture": "#0"}
			}
		},
		{
			"from": [8, 25, 8],
			"to": [8.5, 27, 8.25],
			"rotation": {"angle": 0, "axis": "y", "origin": [6.5, 23, 8]},
			"faces": {
				"north": {"uv": [0.5, 9.5, 0.75, 10.5], "texture": "#0"},
				"east": {"uv": [1, 9.5, 1.25, 10.5], "texture": "#0"},
				"south": {"uv": [9.5, 1, 9.75, 2], "texture": "#0"},
				"west": {"uv": [1.5, 9.5, 1.75, 10.5], "texture": "#0"},
				"up": {"uv": [2.25, 12.25, 2, 12], "texture": "#0"},
				"down": {"uv": [12.25, 2, 12, 2.25], "texture": "#0"}
			}
		},
		{
			"from": [9, 24.75, 8],
			"to": [9.5, 25.75, 8.25],
			"rotation": {"angle": 0, "axis": "y", "origin": [7.5, 22.75, 8]},
			"faces": {
				"north": {"uv": [5, 10.5, 5.25, 11], "texture": "#0"},
				"east": {"uv": [10.5, 5, 10.75, 5.5], "texture": "#0"},
				"south": {"uv": [5.5, 10.5, 5.75, 11], "texture": "#0"},
				"west": {"uv": [10.5, 5.5, 10.75, 6], "texture": "#0"},
				"up": {"uv": [1.25, 12.25, 1, 12], "texture": "#0"},
				"down": {"uv": [12.25, 1, 12, 1.25], "texture": "#0"}
			}
		},
		{
			"from": [9.25, 17.5, 8],
			"to": [9.75, 18.5, 8.25],
			"rotation": {"angle": 0, "axis": "y", "origin": [7.75, 15.5, 8]},
			"faces": {
				"north": {"uv": [2.5, 11, 2.75, 11.5], "texture": "#0"},
				"east": {"uv": [11, 2.5, 11.25, 3], "texture": "#0"},
				"south": {"uv": [3, 11, 3.25, 11.5], "texture": "#0"},
				"west": {"uv": [11, 3, 11.25, 3.5], "texture": "#0"},
				"up": {"uv": [9.75, 12.25, 9.5, 12], "texture": "#0"},
				"down": {"uv": [12.25, 9.5, 12, 9.75], "texture": "#0"}
			}
		},
		{
			"from": [9.75, 16.5, 7.75],
			"to": [10.25, 18.5, 8],
			"rotation": {"angle": 0, "axis": "y", "origin": [8.25, 14.5, 8]},
			"faces": {
				"north": {"uv": [9.5, 2, 9.75, 3], "texture": "#0"},
				"east": {"uv": [9.5, 3, 9.75, 4], "texture": "#0"},
				"south": {"uv": [9.5, 4, 9.75, 5], "texture": "#0"},
				"west": {"uv": [9.5, 5, 9.75, 6], "texture": "#0"},
				"up": {"uv": [9.25, 12.25, 9, 12], "texture": "#0"},
				"down": {"uv": [12.25, 9, 12, 9.25], "texture": "#0"}
			}
		},
		{
			"from": [6.75, 16, 7.5],
			"to": [7.25, 17, 8.5],
			"rotation": {"angle": 0, "axis": "y", "origin": [5.25, 14, 8]},
			"faces": {
				"north": {"uv": [4, 11, 4.25, 11.5], "texture": "#0"},
				"east": {"uv": [4.5, 2, 5, 2.5], "texture": "#0"},
				"south": {"uv": [11, 4, 11.25, 4.5], "texture": "#0"},
				"west": {"uv": [5, 2, 5.5, 2.5], "texture": "#0"},
				"up": {"uv": [4.75, 11.5, 4.5, 11], "texture": "#0"},
				"down": {"uv": [11.25, 4.5, 11, 5], "texture": "#0"}
			}
		},
		{
			"from": [6.25, 15.25, 7.5],
			"to": [6.75, 17.25, 8.5],
			"rotation": {"angle": 0, "axis": "y", "origin": [4.75, 13.25, 8]},
			"faces": {
				"north": {"uv": [9.5, 6, 9.75, 7], "texture": "#0"},
				"east": {"uv": [0.5, 8.5, 1, 9.5], "texture": "#0"},
				"south": {"uv": [9.5, 7, 9.75, 8], "texture": "#0"},
				"west": {"uv": [8.5, 2, 9, 3], "texture": "#0"},
				"up": {"uv": [3.75, 11.5, 3.5, 11], "texture": "#0"},
				"down": {"uv": [11.25, 3.5, 11, 4], "texture": "#0"}
			}
		},
		{
			"from": [5.75, 14.5, 7.5],
			"to": [6.25, 16.5, 8.5],
			"rotation": {"angle": 0, "axis": "y", "origin": [4.25, 12.5, 8]},
			"faces": {
				"north": {"uv": [7.5, 9.5, 7.75, 10.5], "texture": "#0"},
				"east": {"uv": [8.5, 5, 9, 6], "texture": "#0"},
				"south": {"uv": [8, 9.5, 8.25, 10.5], "texture": "#0"},
				"west": {"uv": [8.5, 6, 9, 7], "texture": "#0"},
				"up": {"uv": [11.75, 10, 11.5, 9.5], "texture": "#0"},
				"down": {"uv": [10.25, 11.5, 10, 12], "texture": "#0"}
			}
		},
		{
			"from": [8.5, 26, 7.75],
			"to": [9, 27, 8],
			"rotation": {"angle": 0, "axis": "y", "origin": [7, 24, 8]},
			"faces": {
				"north": {"uv": [6, 10.5, 6.25, 11], "texture": "#0"},
				"east": {"uv": [10.5, 6, 10.75, 6.5], "texture": "#0"},
				"south": {"uv": [6.5, 10.5, 6.75, 11], "texture": "#0"},
				"west": {"uv": [10.5, 6.5, 10.75, 7], "texture": "#0"},
				"up": {"uv": [1.75, 12.25, 1.5, 12], "texture": "#0"},
				"down": {"uv": [12.25, 1.5, 12, 1.75], "texture": "#0"}
			}
		},
		{
			"from": [7, 19, 7.75],
			"to": [8, 27, 8.25],
			"rotation": {"angle": 0, "axis": "y", "origin": [6, 20, 8]},
			"faces": {
				"north": {"uv": [0, 2, 0.5, 6], "texture": "#0"},
				"east": {"uv": [3, 5, 3.25, 9], "texture": "#0"},
				"south": {"uv": [2, 0, 2.5, 4], "texture": "#0"},
				"west": {"uv": [1.5, 5.5, 1.75, 9.5], "texture": "#0"},
				"up": {"uv": [5, 10.75, 4.5, 10.5], "texture": "#0"},
				"down": {"uv": [11, 4.5, 10.5, 4.75], "texture": "#0"}
			}
		},
		{
			"from": [7, 27, 7.75],
			"to": [8, 30, 8.25],
			"rotation": {"angle": 0, "axis": "y", "origin": [6, 28, 8]},
			"faces": {
				"north": {"uv": [7.5, 0, 8, 1.5], "texture": "#0"},
				"east": {"uv": [4, 9, 4.25, 10.5], "texture": "#0"},
				"south": {"uv": [3.5, 7.5, 4, 9], "texture": "#0"},
				"west": {"uv": [9, 4, 9.25, 5.5], "texture": "#0"},
				"up": {"uv": [8.5, 11.25, 8, 11], "texture": "#0"},
				"down": {"uv": [11.5, 8, 11, 8.25], "texture": "#0"}
			}
		},
		{
			"from": [8, 27, 7.75],
			"to": [9, 30, 8.25],
			"rotation": {"angle": 0, "axis": "y", "origin": [7, 28, 8]},
			"faces": {
				"north": {"uv": [4, 7.5, 4.5, 9], "texture": "#0"},
				"east": {"uv": [4.5, 9, 4.75, 10.5], "texture": "#0"},
				"south": {"uv": [4.5, 7.5, 5, 9], "texture": "#0"},
				"west": {"uv": [9, 5.5, 9.25, 7], "texture": "#0"},
				"up": {"uv": [9, 11.25, 8.5, 11], "texture": "#0"},
				"down": {"uv": [11.5, 8.5, 11, 8.75], "texture": "#0"}
			}
		},
		{
			"from": [7.5, 30, 7.75],
			"to": [8.5, 30.5, 8.25],
			"rotation": {"angle": 0, "axis": "y", "origin": [6.5, 28.5, 8]},
			"faces": {
				"north": {"uv": [11.5, 0, 12, 0.25], "texture": "#0"},
				"east": {"uv": [3, 13, 3.25, 13.25], "texture": "#0"},
				"south": {"uv": [0.5, 11.5, 1, 11.75], "texture": "#0"},
				"west": {"uv": [13, 3, 13.25, 3.25], "texture": "#0"},
				"up": {"uv": [12, 0.75, 11.5, 0.5], "texture": "#0"},
				"down": {"uv": [1.5, 11.5, 1, 11.75], "texture": "#0"}
			}
		},
		{
			"from": [9, 27.25, 8],
			"to": [9.75, 29.5, 8.25],
			"rotation": {"angle": 0, "axis": "y", "origin": [8, 28, 8]},
			"faces": {
				"north": {"uv": [8, 0, 8.5, 1.25], "texture": "#0"},
				"east": {"uv": [6.5, 9, 6.75, 10.25], "texture": "#0"},
				"south": {"uv": [8, 1.5, 8.5, 2.75], "texture": "#0"},
				"west": {"uv": [7, 9, 7.25, 10.25], "texture": "#0"},
				"up": {"uv": [9.5, 11.25, 9, 11], "texture": "#0"},
				"down": {"uv": [11.5, 9, 11, 9.25], "texture": "#0"}
			}
		},
		{
			"from": [6.5, 28.25, 8],
			"to": [7, 29.5, 8.25],
			"rotation": {"angle": 0, "axis": "y", "origin": [5.25, 28, 8]},
			"faces": {
				"north": {"uv": [10, 2, 10.25, 2.75], "texture": "#0"},
				"east": {"uv": [3, 10, 3.25, 10.75], "texture": "#0"},
				"south": {"uv": [10, 3, 10.25, 3.75], "texture": "#0"},
				"west": {"uv": [3.5, 10, 3.75, 10.75], "texture": "#0"},
				"up": {"uv": [12.75, 11.25, 12.5, 11], "texture": "#0"},
				"down": {"uv": [11.75, 12.5, 11.5, 12.75], "texture": "#0"}
			}
		},
		{
			"from": [6.75, 29.5, 8],
			"to": [7, 30.5, 8.25],
			"rotation": {"angle": 0, "axis": "y", "origin": [6.75, 30.5, 8]},
			"faces": {
				"north": {"uv": [11.5, 1, 11.75, 1.5], "texture": "#0"},
				"east": {"uv": [1.5, 11.5, 1.75, 12], "texture": "#0"},
				"south": {"uv": [11.5, 1.5, 11.75, 2], "texture": "#0"},
				"west": {"uv": [2, 11.5, 2.25, 12], "texture": "#0"},
				"up": {"uv": [3.75, 13.25, 3.5, 13], "texture": "#0"},
				"down": {"uv": [13.25, 3.5, 13, 3.75], "texture": "#0"}
			}
		},
		{
			"from": [9.25, 29.5, 8],
			"to": [9.5, 30.25, 8.25],
			"rotation": {"angle": 0, "axis": "y", "origin": [9.25, 30, 8]},
			"faces": {
				"north": {"uv": [11.5, 4, 11.75, 4.5], "texture": "#0"},
				"east": {"uv": [4.5, 11.5, 4.75, 12], "texture": "#0"},
				"south": {"uv": [11.5, 4.5, 11.75, 5], "texture": "#0"},
				"west": {"uv": [5, 11.5, 5.25, 12], "texture": "#0"},
				"up": {"uv": [6.25, 13.25, 6, 13], "texture": "#0"},
				"down": {"uv": [13.25, 6, 13, 6.25], "texture": "#0"}
			}
		},
		{
			"from": [9.75, 27.75, 8],
			"to": [10, 28.5, 8.25],
			"rotation": {"angle": 0, "axis": "y", "origin": [9.75, 28.25, 8]},
			"faces": {
				"north": {"uv": [11.5, 8.5, 11.75, 9], "texture": "#0"},
				"east": {"uv": [9, 11.5, 9.25, 12], "texture": "#0"},
				"south": {"uv": [11.5, 9, 11.75, 9.5], "texture": "#0"},
				"west": {"uv": [9.5, 11.5, 9.75, 12], "texture": "#0"},
				"up": {"uv": [13.75, 8.75, 13.5, 8.5], "texture": "#0"},
				"down": {"uv": [9.25, 13.5, 9, 13.75], "texture": "#0"}
			}
		},
		{
			"from": [8.5, 30, 8],
			"to": [8.75, 30.25, 8.25],
			"rotation": {"angle": 0, "axis": "y", "origin": [8.5, 30, 8]},
			"faces": {
				"north": {"uv": [9.5, 13, 9.75, 13.25], "texture": "#0"},
				"east": {"uv": [13, 9.5, 13.25, 9.75], "texture": "#0"},
				"south": {"uv": [10, 13, 10.25, 13.25], "texture": "#0"},
				"west": {"uv": [13, 10, 13.25, 10.25], "texture": "#0"},
				"up": {"uv": [10.75, 13.25, 10.5, 13], "texture": "#0"},
				"down": {"uv": [13.25, 10.5, 13, 10.75], "texture": "#0"}
			}
		},
		{
			"from": [8.75, 30, 7.75],
			"to": [9, 30.25, 8],
			"rotation": {"angle": 0, "axis": "y", "origin": [8.75, 30, 7.75]},
			"faces": {
				"north": {"uv": [13.5, 1.5, 13.75, 1.75], "texture": "#0"},
				"east": {"uv": [2, 13.5, 2.25, 13.75], "texture": "#0"},
				"south": {"uv": [13.5, 2, 13.75, 2.25], "texture": "#0"},
				"west": {"uv": [2.5, 13.5, 2.75, 13.75], "texture": "#0"},
				"up": {"uv": [13.75, 2.75, 13.5, 2.5], "texture": "#0"},
				"down": {"uv": [3.25, 13.5, 3, 13.75], "texture": "#0"}
			}
		},
		{
			"from": [9.5, 29.5, 8],
			"to": [9.75, 29.75, 8.25],
			"rotation": {"angle": 0, "axis": "y", "origin": [9.5, 29.5, 8]},
			"faces": {
				"north": {"uv": [6.5, 13, 6.75, 13.25], "texture": "#0"},
				"east": {"uv": [13, 6.5, 13.25, 6.75], "texture": "#0"},
				"south": {"uv": [7, 13, 7.25, 13.25], "texture": "#0"},
				"west": {"uv": [13, 7, 13.25, 7.25], "texture": "#0"},
				"up": {"uv": [7.75, 13.25, 7.5, 13], "texture": "#0"},
				"down": {"uv": [13.25, 7.5, 13, 7.75], "texture": "#0"}
			}
		},
		{
			"from": [9, 29.5, 7.75],
			"to": [9.25, 30, 8],
			"rotation": {"angle": 0, "axis": "y", "origin": [9, 29.5, 7.75]},
			"faces": {
				"north": {"uv": [8, 13, 8.25, 13.25], "texture": "#0"},
				"east": {"uv": [13, 8, 13.25, 8.25], "texture": "#0"},
				"south": {"uv": [8.5, 13, 8.75, 13.25], "texture": "#0"},
				"west": {"uv": [13, 8.5, 13.25, 8.75], "texture": "#0"},
				"up": {"uv": [9.25, 13.25, 9, 13], "texture": "#0"},
				"down": {"uv": [13.25, 9, 13, 9.25], "texture": "#0"}
			}
		},
		{
			"from": [7.25, 30, 7.75],
			"to": [7.5, 31, 8],
			"rotation": {"angle": 0, "axis": "y", "origin": [7.25, 30.75, 7.75]},
			"faces": {
				"north": {"uv": [11.5, 2, 11.75, 2.5], "texture": "#0"},
				"east": {"uv": [2.5, 11.5, 2.75, 12], "texture": "#0"},
				"south": {"uv": [11.5, 2.5, 11.75, 3], "texture": "#0"},
				"west": {"uv": [3, 11.5, 3.25, 12], "texture": "#0"},
				"up": {"uv": [4.25, 13.25, 4, 13], "texture": "#0"},
				"down": {"uv": [13.25, 4, 13, 4.25], "texture": "#0"}
			}
		},
		{
			"from": [7.75, 30.5, 8],
			"to": [8, 32, 8.25],
			"rotation": {"angle": 0, "axis": "y", "origin": [7.75, 31.25, 8]},
			"faces": {
				"north": {"uv": [10, 4, 10.25, 4.75], "texture": "#0"},
				"east": {"uv": [10, 5, 10.25, 5.75], "texture": "#0"},
				"south": {"uv": [10, 6, 10.25, 6.75], "texture": "#0"},
				"west": {"uv": [10, 7, 10.25, 7.75], "texture": "#0"},
				"up": {"uv": [4.75, 13.25, 4.5, 13], "texture": "#0"},
				"down": {"uv": [13.25, 4.5, 13, 4.75], "texture": "#0"}
			}
		},
		{
			"from": [8, 30.5, 7.75],
			"to": [8.25, 31.75, 8],
			"rotation": {"angle": 0, "axis": "y", "origin": [8, 30.75, 7.75]},
			"faces": {
				"north": {"uv": [10, 8, 10.25, 8.75], "texture": "#0"},
				"east": {"uv": [9, 10, 9.25, 10.75], "texture": "#0"},
				"south": {"uv": [10, 9, 10.25, 9.75], "texture": "#0"},
				"west": {"uv": [9.5, 10, 9.75, 10.75], "texture": "#0"},
				"up": {"uv": [5.25, 13.25, 5, 13], "texture": "#0"},
				"down": {"uv": [13.25, 5, 13, 5.25], "texture": "#0"}
			}
		},
		{
			"from": [9.5, 30.25, 7.75],
			"to": [9.75, 31, 8],
			"rotation": {"angle": 0, "axis": "y", "origin": [9.5, 30.5, 7.75]},
			"faces": {
				"north": {"uv": [11.5, 6, 11.75, 6.5], "texture": "#0"},
				"east": {"uv": [6.5, 11.5, 6.75, 12], "texture": "#0"},
				"south": {"uv": [11.5, 6.5, 11.75, 7], "texture": "#0"},
				"west": {"uv": [7, 11.5, 7.25, 12], "texture": "#0"},
				"up": {"uv": [13.75, 3.25, 13.5, 3], "texture": "#0"},
				"down": {"uv": [3.75, 13.5, 3.5, 13.75], "texture": "#0"}
			}
		},
		{
			"from": [9.25, 30.5, 7.75],
			"to": [9.5, 31.25, 8],
			"rotation": {"angle": 0, "axis": "y", "origin": [9.25, 30.5, 7.75]},
			"faces": {
				"north": {"uv": [11.5, 7, 11.75, 7.5], "texture": "#0"},
				"east": {"uv": [7.5, 11.5, 7.75, 12], "texture": "#0"},
				"south": {"uv": [11.5, 7.5, 11.75, 8], "texture": "#0"},
				"west": {"uv": [8, 11.5, 8.25, 12], "texture": "#0"},
				"up": {"uv": [13.75, 3.75, 13.5, 3.5], "texture": "#0"},
				"down": {"uv": [4.25, 13.5, 4, 13.75], "texture": "#0"}
			}
		},
		{
			"from": [7.5, 30.5, 8],
			"to": [7.75, 31.5, 8.25],
			"rotation": {"angle": 0, "axis": "y", "origin": [7.5, 30.75, 8]},
			"faces": {
				"north": {"uv": [11.5, 5, 11.75, 5.5], "texture": "#0"},
				"east": {"uv": [5.5, 11.5, 5.75, 12], "texture": "#0"},
				"south": {"uv": [11.5, 5.5, 11.75, 6], "texture": "#0"},
				"west": {"uv": [6, 11.5, 6.25, 12], "texture": "#0"},
				"up": {"uv": [13.75, 1.25, 13.5, 1], "texture": "#0"},
				"down": {"uv": [1.75, 13.5, 1.5, 13.75], "texture": "#0"}
			}
		},
		{
			"from": [7, 30, 8],
			"to": [7.25, 31.25, 8.25],
			"rotation": {"angle": 0, "axis": "y", "origin": [7, 30.25, 8]},
			"faces": {
				"north": {"uv": [10, 10, 10.25, 10.75], "texture": "#0"},
				"east": {"uv": [0, 10.5, 0.25, 11.25], "texture": "#0"},
				"south": {"uv": [10.5, 0, 10.75, 0.75], "texture": "#0"},
				"west": {"uv": [0.5, 10.5, 0.75, 11.25], "texture": "#0"},
				"up": {"uv": [12.75, 13.25, 12.5, 13], "texture": "#0"},
				"down": {"uv": [13.25, 12.5, 13, 12.75], "texture": "#0"}
			}
		},
		{
			"from": [6.5, 29.5, 7.75],
			"to": [6.75, 30, 8],
			"rotation": {"angle": 0, "axis": "y", "origin": [6.5, 29.75, 7.75]},
			"faces": {
				"north": {"uv": [13, 13, 13.25, 13.25], "texture": "#0"},
				"east": {"uv": [0, 13.5, 0.25, 13.75], "texture": "#0"},
				"south": {"uv": [13.5, 0, 13.75, 0.25], "texture": "#0"},
				"west": {"uv": [0.5, 13.5, 0.75, 13.75], "texture": "#0"},
				"up": {"uv": [13.75, 0.75, 13.5, 0.5], "texture": "#0"},
				"down": {"uv": [1.25, 13.5, 1, 13.75], "texture": "#0"}
			}
		},
		{
			"from": [8.5, 30, 7.75],
			"to": [8.75, 30.75, 8],
			"rotation": {"angle": 0, "axis": "y", "origin": [8.5, 30.5, 7.75]},
			"faces": {
				"north": {"uv": [11.5, 3, 11.75, 3.5], "texture": "#0"},
				"east": {"uv": [3.5, 11.5, 3.75, 12], "texture": "#0"},
				"south": {"uv": [11.5, 3.5, 11.75, 4], "texture": "#0"},
				"west": {"uv": [4, 11.5, 4.25, 12], "texture": "#0"},
				"up": {"uv": [5.75, 13.25, 5.5, 13], "texture": "#0"},
				"down": {"uv": [13.25, 5.5, 13, 5.75], "texture": "#0"}
			}
		},
		{
			"from": [8.5, 31.25, 7.75],
			"to": [8.75, 31.75, 8],
			"rotation": {"angle": 0, "axis": "y", "origin": [8.5, 31.5, 7.75]},
			"faces": {
				"north": {"uv": [13.5, 5.5, 13.75, 5.75], "texture": "#0"},
				"east": {"uv": [6, 13.5, 6.25, 13.75], "texture": "#0"},
				"south": {"uv": [13.5, 6, 13.75, 6.25], "texture": "#0"},
				"west": {"uv": [6.5, 13.5, 6.75, 13.75], "texture": "#0"},
				"up": {"uv": [13.75, 6.75, 13.5, 6.5], "texture": "#0"},
				"down": {"uv": [7.25, 13.5, 7, 13.75], "texture": "#0"}
			}
		},
		{
			"from": [8.75, 31, 8],
			"to": [9, 31.5, 8.25],
			"rotation": {"angle": 0, "axis": "y", "origin": [8.75, 31.5, 8]},
			"faces": {
				"north": {"uv": [13.5, 4, 13.75, 4.25], "texture": "#0"},
				"east": {"uv": [4.5, 13.5, 4.75, 13.75], "texture": "#0"},
				"south": {"uv": [13.5, 4.5, 13.75, 4.75], "texture": "#0"},
				"west": {"uv": [5, 13.5, 5.25, 13.75], "texture": "#0"},
				"up": {"uv": [13.75, 5.25, 13.5, 5], "texture": "#0"},
				"down": {"uv": [5.75, 13.5, 5.5, 13.75], "texture": "#0"}
			}
		},
		{
			"from": [8, 30.5, 8],
			"to": [8.25, 30.75, 8.25],
			"rotation": {"angle": 0, "axis": "y", "origin": [8, 30.5, 8]},
			"faces": {
				"north": {"uv": [11, 13, 11.25, 13.25], "texture": "#0"},
				"east": {"uv": [13, 11, 13.25, 11.25], "texture": "#0"},
				"south": {"uv": [11.5, 13, 11.75, 13.25], "texture": "#0"},
				"west": {"uv": [13, 11.5, 13.25, 11.75], "texture": "#0"},
				"up": {"uv": [12.25, 13.25, 12, 13], "texture": "#0"},
				"down": {"uv": [13.25, 12, 13, 12.25], "texture": "#0"}
			}
		},
		{
			"from": [5.75, 18.5, 8],
			"to": [6.75, 21.75, 8.25],
			"rotation": {"angle": 0, "axis": "y", "origin": [5, 20, 8]},
			"faces": {
				"north": {"uv": [5.5, 2, 6, 3.75], "texture": "#0"},
				"east": {"uv": [8.5, 8.5, 8.75, 10.25], "texture": "#0"},
				"south": {"uv": [5, 5.5, 5.5, 7.25], "texture": "#0"},
				"west": {"uv": [9, 0, 9.25, 1.75], "texture": "#0"},
				"up": {"uv": [7.5, 10.75, 7, 10.5], "texture": "#0"},
				"down": {"uv": [11, 7, 10.5, 7.25], "texture": "#0"}
			}
		},
		{
			"from": [6.25, 23, 7.75],
			"to": [7, 27, 8],
			"rotation": {"angle": 0, "axis": "y", "origin": [5.25, 24, 8]},
			"faces": {
				"north": {"uv": [1.5, 2, 2, 4], "texture": "#0"},
				"east": {"uv": [0, 8.5, 0.25, 10.5], "texture": "#0"},
				"south": {"uv": [2, 5.5, 2.5, 7.5], "texture": "#0"},
				"west": {"uv": [8.5, 0, 8.75, 2], "texture": "#0"},
				"up": {"uv": [11, 10.25, 10.5, 10], "texture": "#0"},
				"down": {"uv": [11, 10.5, 10.5, 10.75], "texture": "#0"}
			}
		},
		{
			"from": [6, 21.75, 8],
			"to": [6.25, 22.75, 8.25],
			"rotation": {"angle": 0, "axis": "y", "origin": [5, 22.75, 8]},
			"faces": {
				"north": {"uv": [7.5, 10.5, 7.75, 11], "texture": "#0"},
				"east": {"uv": [10.5, 7.5, 10.75, 8], "texture": "#0"},
				"south": {"uv": [8, 10.5, 8.25, 11], "texture": "#0"},
				"west": {"uv": [10.5, 8, 10.75, 8.5], "texture": "#0"},
				"up": {"uv": [2.75, 12.25, 2.5, 12], "texture": "#0"},
				"down": {"uv": [12.25, 2.5, 12, 2.75], "texture": "#0"}
			}
		},
		{
			"from": [6.75, 22, 7.75],
			"to": [7, 23, 8.25],
			"rotation": {"angle": 0, "axis": "y", "origin": [5.75, 23, 8]},
			"faces": {
				"north": {"uv": [8.5, 10.5, 8.75, 11], "texture": "#0"},
				"east": {"uv": [10.5, 8.5, 10.75, 9], "texture": "#0"},
				"south": {"uv": [10.5, 9, 10.75, 9.5], "texture": "#0"},
				"west": {"uv": [10.5, 9.5, 10.75, 10], "texture": "#0"},
				"up": {"uv": [4.75, 12.25, 4.5, 12], "texture": "#0"},
				"down": {"uv": [12.25, 4.5, 12, 4.75], "texture": "#0"}
			}
		},
		{
			"from": [6.25, 21.75, 7.75],
			"to": [6.5, 22.25, 8.25],
			"rotation": {"angle": 0, "axis": "y", "origin": [5.25, 22.75, 8]},
			"faces": {
				"north": {"uv": [3, 12, 3.25, 12.25], "texture": "#0"},
				"east": {"uv": [12, 3, 12.25, 3.25], "texture": "#0"},
				"south": {"uv": [3.5, 12, 3.75, 12.25], "texture": "#0"},
				"west": {"uv": [12, 3.5, 12.25, 3.75], "texture": "#0"},
				"up": {"uv": [4.25, 12.25, 4, 12], "texture": "#0"},
				"down": {"uv": [12.25, 4, 12, 4.25], "texture": "#0"}
			}
		},
		{
			"from": [6.25, 26.75, 8],
			"to": [6.5, 27.75, 8.25],
			"rotation": {"angle": 0, "axis": "y", "origin": [5.25, 27.75, 8]},
			"faces": {
				"north": {"uv": [9.5, 11, 9.75, 11.5], "texture": "#0"},
				"east": {"uv": [11, 9.5, 11.25, 10], "texture": "#0"},
				"south": {"uv": [10, 11, 10.25, 11.5], "texture": "#0"},
				"west": {"uv": [11, 10, 11.25, 10.5], "texture": "#0"},
				"up": {"uv": [0.75, 13.25, 0.5, 13], "texture": "#0"},
				"down": {"uv": [13.25, 0.5, 13, 0.75], "texture": "#0"}
			}
		},
		{
			"from": [6.5, 26.75, 7.75],
			"to": [6.75, 27.25, 8.25],
			"rotation": {"angle": 0, "axis": "y", "origin": [5.5, 27.75, 8]},
			"faces": {
				"north": {"uv": [12.5, 11.5, 12.75, 11.75], "texture": "#0"},
				"east": {"uv": [12, 12.5, 12.25, 12.75], "texture": "#0"},
				"south": {"uv": [12.5, 12, 12.75, 12.25], "texture": "#0"},
				"west": {"uv": [12.5, 12.5, 12.75, 12.75], "texture": "#0"},
				"up": {"uv": [0.25, 13.25, 0, 13], "texture": "#0"},
				"down": {"uv": [13.25, 0, 13, 0.25], "texture": "#0"}
			}
		},
		{
			"from": [6.75, 27.5, 7.75],
			"to": [7, 28.25, 8.25],
			"rotation": {"angle": 0, "axis": "y", "origin": [6.75, 27.5, 8]},
			"faces": {
				"north": {"uv": [10.5, 11, 10.75, 11.5], "texture": "#0"},
				"east": {"uv": [11, 10.5, 11.25, 11], "texture": "#0"},
				"south": {"uv": [11, 11, 11.25, 11.5], "texture": "#0"},
				"west": {"uv": [0, 11.5, 0.25, 12], "texture": "#0"},
				"up": {"uv": [2.75, 13.25, 2.5, 13], "texture": "#0"},
				"down": {"uv": [13.25, 2.5, 13, 2.75], "texture": "#0"}
			}
		},
		{
			"from": [6.5, 28, 7.75],
			"to": [6.75, 28.25, 8],
			"rotation": {"angle": 0, "axis": "y", "origin": [6.75, 27.5, 8]},
			"faces": {
				"north": {"uv": [1, 13, 1.25, 13.25], "texture": "#0"},
				"east": {"uv": [13, 1, 13.25, 1.25], "texture": "#0"},
				"south": {"uv": [1.5, 13, 1.75, 13.25], "texture": "#0"},
				"west": {"uv": [13, 1.5, 13.25, 1.75], "texture": "#0"},
				"up": {"uv": [2.25, 13.25, 2, 13], "texture": "#0"},
				"down": {"uv": [13.25, 2, 13, 2.25], "texture": "#0"}
			}
		},
		{
			"from": [6, 17.5, 7.75],
			"to": [6.25, 18.5, 8.25],
			"rotation": {"angle": 0, "axis": "y", "origin": [5, 18.5, 8]},
			"faces": {
				"north": {"uv": [1.5, 11, 1.75, 11.5], "texture": "#0"},
				"east": {"uv": [11, 1.5, 11.25, 2], "texture": "#0"},
				"south": {"uv": [2, 11, 2.25, 11.5], "texture": "#0"},
				"west": {"uv": [11, 2, 11.25, 2.5], "texture": "#0"},
				"up": {"uv": [8.75, 12.25, 8.5, 12], "texture": "#0"},
				"down": {"uv": [12.25, 8.5, 12, 8.75], "texture": "#0"}
			}
		},
		{
			"from": [6.25, 18, 7.75],
			"to": [6.5, 18.5, 8.25],
			"rotation": {"angle": 0, "axis": "y", "origin": [5.25, 19, 8]},
			"faces": {
				"north": {"uv": [7, 12, 7.25, 12.25], "texture": "#0"},
				"east": {"uv": [12, 7, 12.25, 7.25], "texture": "#0"},
				"south": {"uv": [7.5, 12, 7.75, 12.25], "texture": "#0"},
				"west": {"uv": [12, 7.5, 12.25, 7.75], "texture": "#0"},
				"up": {"uv": [8.25, 12.25, 8, 12], "texture": "#0"},
				"down": {"uv": [12.25, 8, 12, 8.25], "texture": "#0"}
			}
		},
		{
			"from": [5.75, 18, 7.75],
			"to": [6, 18.5, 8],
			"rotation": {"angle": 0, "axis": "y", "origin": [4.75, 19, 8]},
			"faces": {
				"north": {"uv": [12.5, 5, 12.75, 5.25], "texture": "#0"},
				"east": {"uv": [5.5, 12.5, 5.75, 12.75], "texture": "#0"},
				"south": {"uv": [12.5, 5.5, 12.75, 5.75], "texture": "#0"},
				"west": {"uv": [6, 12.5, 6.25, 12.75], "texture": "#0"},
				"up": {"uv": [12.75, 6.25, 12.5, 6], "texture": "#0"},
				"down": {"uv": [6.75, 12.5, 6.5, 12.75], "texture": "#0"}
			}
		},
		{
			"from": [7, 18.5, 7.75],
			"to": [7.25, 19, 8],
			"rotation": {"angle": 0, "axis": "y", "origin": [6, 19.5, 8]},
			"faces": {
				"north": {"uv": [12.5, 2, 12.75, 2.25], "texture": "#0"},
				"east": {"uv": [2.5, 12.5, 2.75, 12.75], "texture": "#0"},
				"south": {"uv": [12.5, 2.5, 12.75, 2.75], "texture": "#0"},
				"west": {"uv": [3, 12.5, 3.25, 12.75], "texture": "#0"},
				"up": {"uv": [12.75, 3.25, 12.5, 3], "texture": "#0"},
				"down": {"uv": [3.75, 12.5, 3.5, 12.75], "texture": "#0"}
			}
		},
		{
			"from": [7.25, 18.75, 7.75],
			"to": [7.5, 19, 8.25],
			"rotation": {"angle": 0, "axis": "y", "origin": [6.25, 19.5, 8]},
			"faces": {
				"north": {"uv": [12.5, 3.5, 12.75, 3.75], "texture": "#0"},
				"east": {"uv": [4, 12.5, 4.25, 12.75], "texture": "#0"},
				"south": {"uv": [12.5, 4, 12.75, 4.25], "texture": "#0"},
				"west": {"uv": [4.5, 12.5, 4.75, 12.75], "texture": "#0"},
				"up": {"uv": [12.75, 4.75, 12.5, 4.5], "texture": "#0"},
				"down": {"uv": [5.25, 12.5, 5, 12.75], "texture": "#0"}
			}
		},
		{
			"from": [8.75, 18.75, 7.75],
			"to": [9, 19, 8.25],
			"rotation": {"angle": 0, "axis": "y", "origin": [7.75, 19.5, 8]},
			"faces": {
				"north": {"uv": [13.5, 7, 13.75, 7.25], "texture": "#0"},
				"east": {"uv": [7.5, 13.5, 7.75, 13.75], "texture": "#0"},
				"south": {"uv": [13.5, 7.5, 13.75, 7.75], "texture": "#0"},
				"west": {"uv": [8, 13.5, 8.25, 13.75], "texture": "#0"},
				"up": {"uv": [13.75, 8.25, 13.5, 8], "texture": "#0"},
				"down": {"uv": [8.75, 13.5, 8.5, 13.75], "texture": "#0"}
			}
		},
		{
			"from": [6.75, 17, 7.75],
			"to": [7, 17.5, 8.25],
			"rotation": {"angle": 0, "axis": "y", "origin": [5.75, 17.75, 8]},
			"faces": {
				"north": {"uv": [12.5, 6.5, 12.75, 6.75], "texture": "#0"},
				"east": {"uv": [7, 12.5, 7.25, 12.75], "texture": "#0"},
				"south": {"uv": [12.5, 7, 12.75, 7.25], "texture": "#0"},
				"west": {"uv": [7.5, 12.5, 7.75, 12.75], "texture": "#0"},
				"up": {"uv": [12.75, 7.75, 12.5, 7.5], "texture": "#0"},
				"down": {"uv": [8.25, 12.5, 8, 12.75], "texture": "#0"}
			}
		},
		{
			"from": [8.75, 16, 7.5],
			"to": [9.25, 17, 8.5],
			"rotation": {"angle": 0, "axis": "y", "origin": [8, 17, 8]},
			"faces": {
				"north": {"uv": [5, 11, 5.25, 11.5], "texture": "#0"},
				"east": {"uv": [0, 6, 0.5, 6.5], "texture": "#0"},
				"south": {"uv": [11, 5, 11.25, 5.5], "texture": "#0"},
				"west": {"uv": [7.5, 1.5, 8, 2], "texture": "#0"},
				"up": {"uv": [5.75, 11.5, 5.5, 11], "texture": "#0"},
				"down": {"uv": [11.25, 5.5, 11, 6], "texture": "#0"}
			}
		},
		{
			"from": [9.25, 16, 7.75],
			"to": [9.5, 16.5, 8.25],
			"rotation": {"angle": 0, "axis": "y", "origin": [8.25, 17, 8]},
			"faces": {
				"north": {"uv": [10, 12, 10.25, 12.25], "texture": "#0"},
				"east": {"uv": [12, 10, 12.25, 10.25], "texture": "#0"},
				"south": {"uv": [10.5, 12, 10.75, 12.25], "texture": "#0"},
				"west": {"uv": [12, 10.5, 12.25, 10.75], "texture": "#0"},
				"up": {"uv": [11.25, 12.25, 11, 12], "texture": "#0"},
				"down": {"uv": [12.25, 11, 12, 11.25], "texture": "#0"}
			}
		},
		{
			"from": [8.25, 16, 7.75],
			"to": [8.75, 16.5, 8.25],
			"rotation": {"angle": 0, "axis": "y", "origin": [7.25, 17, 8]},
			"faces": {
				"north": {"uv": [12.5, 8, 12.75, 8.25], "texture": "#0"},
				"east": {"uv": [8.5, 12.5, 8.75, 12.75], "texture": "#0"},
				"south": {"uv": [12.5, 8.5, 12.75, 8.75], "texture": "#0"},
				"west": {"uv": [9, 12.5, 9.25, 12.75], "texture": "#0"},
				"up": {"uv": [12.75, 9.25, 12.5, 9], "texture": "#0"},
				"down": {"uv": [9.75, 12.5, 9.5, 12.75], "texture": "#0"}
			}
		},
		{
			"from": [8.5, 16.5, 7.75],
			"to": [8.75, 17, 8.25],
			"rotation": {"angle": 0, "axis": "y", "origin": [7.25, 17.5, 8]},
			"faces": {
				"north": {"uv": [12.5, 9.5, 12.75, 9.75], "texture": "#0"},
				"east": {"uv": [10, 12.5, 10.25, 12.75], "texture": "#0"},
				"south": {"uv": [12.5, 10, 12.75, 10.25], "texture": "#0"},
				"west": {"uv": [10.5, 12.5, 10.75, 12.75], "texture": "#0"},
				"up": {"uv": [12.75, 10.75, 12.5, 10.5], "texture": "#0"},
				"down": {"uv": [11.25, 12.5, 11, 12.75], "texture": "#0"}
			}
		},
		{
			"from": [7.25, 16, 7.75],
			"to": [7.5, 16.5, 8.25],
			"rotation": {"angle": 0, "axis": "y", "origin": [6.25, 17, 8]},
			"faces": {
				"north": {"uv": [12.5, 0.5, 12.75, 0.75], "texture": "#0"},
				"east": {"uv": [1, 12.5, 1.25, 12.75], "texture": "#0"},
				"south": {"uv": [12.5, 1, 12.75, 1.25], "texture": "#0"},
				"west": {"uv": [1.5, 12.5, 1.75, 12.75], "texture": "#0"},
				"up": {"uv": [12.75, 1.75, 12.5, 1.5], "texture": "#0"},
				"down": {"uv": [2.25, 12.5, 2, 12.75], "texture": "#0"}
			}
		},
		{
			"from": [9.75, 14.75, 7.75],
			"to": [10.25, 16.25, 8.25],
			"rotation": {"angle": 0, "axis": "y", "origin": [9, 16.75, 8]},
			"faces": {
				"north": {"uv": [9.5, 8, 9.75, 8.75], "texture": "#0"},
				"east": {"uv": [9.5, 9, 9.75, 9.75], "texture": "#0"},
				"south": {"uv": [10, 0, 10.25, 0.75], "texture": "#0"},
				"west": {"uv": [10, 1, 10.25, 1.75], "texture": "#0"},
				"up": {"uv": [12.75, 0.25, 12.5, 0], "texture": "#0"},
				"down": {"uv": [0.75, 12.5, 0.5, 12.75], "texture": "#0"}
			}
		},
		{
			"from": [7.75, 16, 7.75],
			"to": [8.25, 16.75, 8.25],
			"rotation": {"angle": 0, "axis": "y", "origin": [6.5, 17, 8]},
			"faces": {
				"north": {"uv": [7, 11, 7.25, 11.5], "texture": "#0"},
				"east": {"uv": [11, 7, 11.25, 7.5], "texture": "#0"},
				"south": {"uv": [7.5, 11, 7.75, 11.5], "texture": "#0"},
				"west": {"uv": [11, 7.5, 11.25, 8], "texture": "#0"},
				"up": {"uv": [12.25, 12.25, 12, 12], "texture": "#0"},
				"down": {"uv": [0.25, 12.5, 0, 12.75], "texture": "#0"}
			}
		},
		{
			"from": [6, 16, 7.75],
			"to": [6.25, 17, 8.25],
			"rotation": {"angle": 0, "axis": "y", "origin": [5, 17, 8]},
			"faces": {
				"north": {"uv": [6, 11, 6.25, 11.5], "texture": "#0"},
				"east": {"uv": [11, 6, 11.25, 6.5], "texture": "#0"},
				"south": {"uv": [6.5, 11, 6.75, 11.5], "texture": "#0"},
				"west": {"uv": [11, 6.5, 11.25, 7], "texture": "#0"},
				"up": {"uv": [11.75, 12.25, 11.5, 12], "texture": "#0"},
				"down": {"uv": [12.25, 11.5, 12, 11.75], "texture": "#0"}
			}
		},
		{
			"from": [6.5, 22.5, 7.75],
			"to": [6.75, 23, 8.25],
			"rotation": {"angle": 0, "axis": "y", "origin": [5.5, 23.5, 8]},
			"faces": {
				"north": {"uv": [5, 12, 5.25, 12.25], "texture": "#0"},
				"east": {"uv": [12, 5, 12.25, 5.25], "texture": "#0"},
				"south": {"uv": [5.5, 12, 5.75, 12.25], "texture": "#0"},
				"west": {"uv": [12, 5.5, 12.25, 5.75], "texture": "#0"},
				"up": {"uv": [6.25, 12.25, 6, 12], "texture": "#0"},
				"down": {"uv": [12.25, 6, 12, 6.25], "texture": "#0"}
			}
		}
	],
	"display": {
		"thirdperson_righthand": {
			"rotation": [0, 90, 0],
			"translation": [0, -4.25, 1]
		},
		"firstperson_righthand": {
			"rotation": [0, 90, 0],
			"translation": [0.75, -8, 0]
		}
	},
	"groups": [
		0,
		1,
		2,
		3,
		4,
		5,
		{
			"name": "core",
			"origin": [8, 18, 8],
			"color": 0,
			"children": [6, 7, 8]
		},
		9,
		10,
		11,
		12,
		13,
		14,
		15,
		16,
		17,
		18,
		19,
		20,
		21,
		22,
		23,
		24,
		25,
		26,
		27,
		28,
		29,
		30,
		31,
		32,
		33,
		34,
		35,
		36,
		37,
		38,
		39,
		40,
		41,
		42,
		43,
		44,
		45,
		46,
		47,
		48,
		49,
		50,
		51,
		52,
		53,
		54,
		55,
		56,
		57,
		58,
		59,
		60,
		61,
		62,
		63,
		64,
		65,
		66,
		67,
		68,
		69,
		70,
		71,
		72
	]
}