{
	"credit": "Made with Blockbench",
	"textures": {
		"1": "civilization:item/tools/shark_sword",
		"particle": "civilization:item/tools/shark_sword"
	},
	"elements": [
		{
			"from": [7.475, 3.725, 7.2],
			"to": [8.1, 4.35, 7.825],
			"rotation": {"angle": 0, "axis": "y", "origin": [-0.125, -5.125, -0.125]},
			"faces": {
				"north": {"uv": [7.5, 15.25, 6.875, 15.875], "texture": "#1"},
				"east": {"uv": [9.375, 15.25, 10, 15.875], "texture": "#1"},
				"south": {"uv": [6.875, 15.25, 7.5, 15.875], "texture": "#1"},
				"west": {"uv": [8.375, 15.25, 9, 15.875], "texture": "#1"},
				"up": {"uv": [6.875, 15.375, 7.5, 15.25], "texture": "#1"},
				"down": {"uv": [6.875, 15.875, 7.5, 15.75], "texture": "#1"}
			}
		},
		{
			"from": [6.475, 10.475, 7.2],
			"to": [7.1, 10.6, 7.825],
			"rotation": {"angle": 0, "axis": "y", "origin": [-1.125, 1.125, -0.125]},
			"faces": {
				"north": {"uv": [6.5, 9, 5.875, 9.125], "texture": "#1"},
				"east": {"uv": [5, 9, 5.625, 9.125], "texture": "#1"},
				"south": {"uv": [5.875, 9, 6.5, 9.125], "texture": "#1"},
				"west": {"uv": [4.125, 9, 4.75, 9.125], "texture": "#1"},
				"up": {"uv": [5.875, 9.125, 6.5, 9], "texture": "#1"},
				"down": {"uv": [5.875, 9.125, 6.5, 9], "texture": "#1"}
			}
		},
		{
			"from": [6.475, 11.35, 7.225],
			"to": [7, 11.85, 7.8],
			"rotation": {"angle": 0, "axis": "y", "origin": [-1.15, 2, -0.125]},
			"faces": {
				"north": {"uv": [6.375, 7.75, 5.875, 8.25], "texture": "#1"},
				"east": {"uv": [6.25, 7.75, 6.375, 8.25], "texture": "#1"},
				"south": {"uv": [5.875, 7.75, 6.375, 8.25], "texture": "#1"},
				"west": {"uv": [5.875, 7.75, 6, 8.25], "texture": "#1"},
				"up": {"uv": [5.875, 7.875, 6.375, 7.75], "texture": "#1"},
				"down": {"uv": [5.875, 8.25, 6.375, 8.125], "texture": "#1"}
			}
		},
		{
			"from": [6.475, 12.475, 7.325],
			"to": [7.125, 12.85, 7.7],
			"rotation": {"angle": 0, "axis": "y", "origin": [-1.15, 3.125, -0.125]},
			"faces": {
				"north": {"uv": [6.5, 6.75, 5.875, 7.125], "texture": "#1"},
				"east": {"uv": [6.125, 6.75, 6.5, 7.125], "texture": "#1"},
				"south": {"uv": [5.875, 6.75, 6.5, 7.125], "texture": "#1"},
				"west": {"uv": [5.875, 6.75, 6.25, 7.125], "texture": "#1"},
				"up": {"uv": [5.875, 6.875, 6.5, 6.75], "texture": "#1"},
				"down": {"uv": [5.875, 7.125, 6.5, 7], "texture": "#1"}
			}
		},
		{
			"from": [6.325, 12.85, 7.275],
			"to": [6.85, 13.225, 7.75],
			"rotation": {"angle": 0, "axis": "y", "origin": [-1.425, 3.5, -0.125]},
			"faces": {
				"north": {"uv": [6.25, 6.375, 5.75, 6.75], "texture": "#1"},
				"east": {"uv": [6.125, 6.375, 6.25, 6.75], "texture": "#1"},
				"south": {"uv": [5.75, 6.375, 6.25, 6.75], "texture": "#1"},
				"west": {"uv": [5.75, 6.375, 5.875, 6.75], "texture": "#1"},
				"up": {"uv": [5.75, 6.5, 6.25, 6.375], "texture": "#1"},
				"down": {"uv": [5.75, 6.75, 6.25, 6.625], "texture": "#1"}
			}
		},
		{
			"from": [6.2, 12.85, 7.275],
			"to": [6.325, 13.35, 7.75],
			"rotation": {"angle": 0, "axis": "y", "origin": [-1.95, 3.5, -0.125]},
			"faces": {
				"north": {"uv": [5.75, 6.25, 5.625, 6.75], "texture": "#1"},
				"east": {"uv": [5.625, 6.25, 5.75, 6.75], "texture": "#1"},
				"south": {"uv": [5.625, 6.25, 5.75, 6.75], "texture": "#1"},
				"west": {"uv": [5.625, 6.25, 5.75, 6.75], "texture": "#1"},
				"up": {"uv": [5.625, 6.375, 5.75, 6.25], "texture": "#1"},
				"down": {"uv": [5.625, 6.75, 5.75, 6.625], "texture": "#1"}
			}
		},
		{
			"from": [6.075, 12.85, 7.275],
			"to": [6.2, 13.475, 7.75],
			"rotation": {"angle": 0, "axis": "y", "origin": [-2.075, 3.5, -0.125]},
			"faces": {
				"north": {"uv": [5.625, 6.125, 5.5, 6.75], "texture": "#1"},
				"east": {"uv": [5.5, 6.125, 5.625, 6.75], "texture": "#1"},
				"south": {"uv": [5.5, 6.125, 5.625, 6.75], "texture": "#1"},
				"west": {"uv": [5.5, 6.125, 5.625, 6.75], "texture": "#1"},
				"up": {"uv": [5.5, 6.25, 5.625, 6.125], "texture": "#1"},
				"down": {"uv": [5.5, 6.75, 5.625, 6.625], "texture": "#1"}
			}
		},
		{
			"from": [5.95, 12.85, 7.275],
			"to": [6.075, 13.725, 7.75],
			"rotation": {"angle": 0, "axis": "y", "origin": [-2.2, 3.5, -0.125]},
			"faces": {
				"north": {"uv": [5.5, 5.875, 5.375, 6.75], "texture": "#1"},
				"east": {"uv": [5.375, 5.875, 5.5, 6.75], "texture": "#1"},
				"south": {"uv": [5.375, 5.875, 5.5, 6.75], "texture": "#1"},
				"west": {"uv": [5.375, 5.875, 5.5, 6.75], "texture": "#1"},
				"up": {"uv": [5.375, 6, 5.5, 5.875], "texture": "#1"},
				"down": {"uv": [5.375, 6.75, 5.5, 6.625], "texture": "#1"}
			}
		},
		{
			"from": [5.825, 12.975, 7.275],
			"to": [5.95, 14.35, 7.75],
			"rotation": {"angle": 0, "axis": "y", "origin": [-2.325, 3.625, -0.125]},
			"faces": {
				"north": {"uv": [5.375, 5.25, 5.25, 6.625], "texture": "#1"},
				"east": {"uv": [5.25, 5.25, 5.375, 6.625], "texture": "#1"},
				"south": {"uv": [5.25, 5.25, 5.375, 6.625], "texture": "#1"},
				"west": {"uv": [5.25, 5.25, 5.375, 6.625], "texture": "#1"},
				"up": {"uv": [5.25, 5.375, 5.375, 5.25], "texture": "#1"},
				"down": {"uv": [5.25, 6.625, 5.375, 6.5], "texture": "#1"}
			}
		},
		{
			"from": [5.7, 13.1, 7.275],
			"to": [5.825, 14.35, 7.75],
			"rotation": {"angle": 0, "axis": "y", "origin": [-2.45, 3.625, -0.125]},
			"faces": {
				"north": {"uv": [5.25, 5.25, 5.125, 6.5], "texture": "#1"},
				"east": {"uv": [5.125, 5.25, 5.25, 6.5], "texture": "#1"},
				"south": {"uv": [5.125, 5.25, 5.25, 6.5], "texture": "#1"},
				"west": {"uv": [5.125, 5.25, 5.25, 6.5], "texture": "#1"},
				"up": {"uv": [5.125, 5.375, 5.25, 5.25], "texture": "#1"},
				"down": {"uv": [5.125, 6.5, 5.25, 6.375], "texture": "#1"}
			}
		},
		{
			"from": [5.575, 14.1, 7.275],
			"to": [5.7, 14.35, 7.75],
			"rotation": {"angle": 0, "axis": "y", "origin": [-2.575, 3.625, -0.125]},
			"faces": {
				"north": {"uv": [5.125, 5.375, 5, 5.625], "texture": "#1"},
				"east": {"uv": [5, 5.375, 5.125, 5.625], "texture": "#1"},
				"south": {"uv": [5, 5.375, 5.125, 5.625], "texture": "#1"},
				"west": {"uv": [5, 5.375, 5.125, 5.625], "texture": "#1"},
				"up": {"uv": [5, 5.5, 5.125, 5.375], "texture": "#1"},
				"down": {"uv": [5, 5.625, 5.125, 5.5], "texture": "#1"}
			}
		},
		{
			"from": [5.575, 13.225, 7.275],
			"to": [5.7, 13.6, 7.75],
			"rotation": {"angle": 0, "axis": "y", "origin": [-2.575, 2.875, -0.125]},
			"faces": {
				"north": {"uv": [5.125, 6, 5, 6.375], "texture": "#1"},
				"east": {"uv": [5, 6, 5.125, 6.375], "texture": "#1"},
				"south": {"uv": [5, 6, 5.125, 6.375], "texture": "#1"},
				"west": {"uv": [5, 6, 5.125, 6.375], "texture": "#1"},
				"up": {"uv": [5, 6.125, 5.125, 6], "texture": "#1"},
				"down": {"uv": [5, 6.375, 5.125, 6.25], "texture": "#1"}
			}
		},
		{
			"from": [6.575, 13.225, 7.375],
			"to": [6.7, 13.85, 7.65],
			"rotation": {"angle": 0, "axis": "y", "origin": [-1.575, 2.875, -0.125]},
			"faces": {
				"north": {"uv": [6.125, 5.75, 6, 6.375], "texture": "#1"},
				"east": {"uv": [6, 5.75, 6.125, 6.375], "texture": "#1"},
				"south": {"uv": [6, 5.75, 6.125, 6.375], "texture": "#1"},
				"west": {"uv": [6, 5.75, 6.125, 6.375], "texture": "#1"},
				"up": {"uv": [6, 5.875, 6.125, 5.75], "texture": "#1"},
				"down": {"uv": [6, 6.375, 6.125, 6.25], "texture": "#1"}
			}
		},
		{
			"from": [6.975, 13.35, 7.35],
			"to": [7.1, 14.35, 7.65],
			"rotation": {"angle": 0, "axis": "y", "origin": [-1.175, 2.875, -0.125]},
			"faces": {
				"north": {"uv": [7.875, 5.25, 7.75, 6.25], "texture": "#1"},
				"east": {"uv": [7.75, 5.25, 7.875, 6.25], "texture": "#1"},
				"south": {"uv": [7.75, 5.25, 7.875, 6.25], "texture": "#1"},
				"west": {"uv": [7.75, 5.25, 7.875, 6.25], "texture": "#1"},
				"up": {"uv": [7.75, 5.375, 7.875, 5.25], "texture": "#1"},
				"down": {"uv": [7.75, 6.25, 7.875, 6.125], "texture": "#1"}
			}
		},
		{
			"from": [7.225, 13.35, 7.35],
			"to": [7.35, 14.35, 7.65],
			"rotation": {"angle": 0, "axis": "y", "origin": [-0.925, 2.875, -0.125]},
			"faces": {
				"north": {"uv": [8.125, 5.25, 8, 6.25], "texture": "#1"},
				"east": {"uv": [8, 5.25, 8.125, 6.25], "texture": "#1"},
				"south": {"uv": [8, 5.25, 8.125, 6.25], "texture": "#1"},
				"west": {"uv": [8, 5.25, 8.125, 6.25], "texture": "#1"},
				"up": {"uv": [8, 5.375, 8.125, 5.25], "texture": "#1"},
				"down": {"uv": [8, 6.25, 8.125, 6.125], "texture": "#1"}
			}
		},
		{
			"from": [7.35, 13.475, 7.35],
			"to": [7.475, 13.975, 7.65],
			"rotation": {"angle": 0, "axis": "y", "origin": [-0.8, 3, -0.125]},
			"faces": {
				"north": {"uv": [8.25, 5.625, 8.125, 6.125], "texture": "#1"},
				"east": {"uv": [8.125, 5.625, 8.25, 6.125], "texture": "#1"},
				"south": {"uv": [8.125, 5.625, 8.25, 6.125], "texture": "#1"},
				"west": {"uv": [8.125, 5.625, 8.25, 6.125], "texture": "#1"},
				"up": {"uv": [8.125, 5.75, 8.25, 5.625], "texture": "#1"},
				"down": {"uv": [8.125, 6.125, 8.25, 6], "texture": "#1"}
			}
		},
		{
			"from": [7.475, 13.475, 7.35],
			"to": [7.6, 13.85, 7.65],
			"rotation": {"angle": 0, "axis": "y", "origin": [-0.675, 3, -0.125]},
			"faces": {
				"north": {"uv": [8.375, 5.75, 8.25, 6.125], "texture": "#1"},
				"east": {"uv": [8.25, 5.75, 8.375, 6.125], "texture": "#1"},
				"south": {"uv": [8.25, 5.75, 8.375, 6.125], "texture": "#1"},
				"west": {"uv": [8.25, 5.75, 8.375, 6.125], "texture": "#1"},
				"up": {"uv": [8.25, 5.875, 8.375, 5.75], "texture": "#1"},
				"down": {"uv": [8.25, 6.125, 8.375, 6], "texture": "#1"}
			}
		},
		{
			"from": [7.6, 13.475, 7.35],
			"to": [7.725, 13.6, 7.65],
			"rotation": {"angle": 0, "axis": "y", "origin": [-0.55, 3, -0.125]},
			"faces": {
				"north": {"uv": [8.5, 6, 8.375, 6.125], "texture": "#1"},
				"east": {"uv": [8.375, 6, 8.5, 6.125], "texture": "#1"},
				"south": {"uv": [8.375, 6, 8.5, 6.125], "texture": "#1"},
				"west": {"uv": [8.375, 6, 8.5, 6.125], "texture": "#1"},
				"up": {"uv": [8.375, 6.125, 8.5, 6], "texture": "#1"},
				"down": {"uv": [8.375, 6.125, 8.5, 6], "texture": "#1"}
			}
		},
		{
			"from": [6.85, 13.85, 7.35],
			"to": [6.975, 14.35, 7.65],
			"rotation": {"angle": 0, "axis": "y", "origin": [-1.3, 3.375, -0.125]},
			"faces": {
				"north": {"uv": [7.75, 5.25, 7.625, 5.75], "texture": "#1"},
				"east": {"uv": [7.625, 5.25, 7.75, 5.75], "texture": "#1"},
				"south": {"uv": [7.625, 5.25, 7.75, 5.75], "texture": "#1"},
				"west": {"uv": [7.625, 5.25, 7.75, 5.75], "texture": "#1"},
				"up": {"uv": [7.625, 5.375, 7.75, 5.25], "texture": "#1"},
				"down": {"uv": [7.625, 5.75, 7.75, 5.625], "texture": "#1"}
			}
		},
		{
			"from": [6.725, 14.225, 7.35],
			"to": [6.85, 14.475, 7.65],
			"rotation": {"angle": 0, "axis": "y", "origin": [-1.425, 3.5, -0.125]},
			"faces": {
				"north": {"uv": [7.625, 5.125, 7.5, 5.375], "texture": "#1"},
				"east": {"uv": [7.5, 5.125, 7.625, 5.375], "texture": "#1"},
				"south": {"uv": [7.5, 5.125, 7.625, 5.375], "texture": "#1"},
				"west": {"uv": [7.5, 5.125, 7.625, 5.375], "texture": "#1"},
				"up": {"uv": [7.5, 5.25, 7.625, 5.125], "texture": "#1"},
				"down": {"uv": [7.5, 5.375, 7.625, 5.25], "texture": "#1"}
			}
		},
		{
			"from": [7.35, 14.225, 7.35],
			"to": [7.475, 14.475, 7.65],
			"rotation": {"angle": 0, "axis": "y", "origin": [-0.8, 3.5, -0.125]},
			"faces": {
				"north": {"uv": [8.25, 5.125, 8.125, 5.375], "texture": "#1"},
				"east": {"uv": [8.125, 5.125, 8.25, 5.375], "texture": "#1"},
				"south": {"uv": [8.125, 5.125, 8.25, 5.375], "texture": "#1"},
				"west": {"uv": [8.125, 5.125, 8.25, 5.375], "texture": "#1"},
				"up": {"uv": [8.125, 5.25, 8.25, 5.125], "texture": "#1"},
				"down": {"uv": [8.125, 5.375, 8.25, 5.25], "texture": "#1"}
			}
		},
		{
			"from": [7.1, 13.475, 7.35],
			"to": [7.225, 14.35, 7.65],
			"rotation": {"angle": 0, "axis": "y", "origin": [-1.05, 3, -0.125]},
			"faces": {
				"north": {"uv": [8, 5.25, 7.875, 6.125], "texture": "#1"},
				"east": {"uv": [7.875, 5.25, 8, 6.125], "texture": "#1"},
				"south": {"uv": [7.875, 5.25, 8, 6.125], "texture": "#1"},
				"west": {"uv": [7.875, 5.25, 8, 6.125], "texture": "#1"},
				"up": {"uv": [7.875, 5.375, 8, 5.25], "texture": "#1"},
				"down": {"uv": [7.875, 6.125, 8, 6], "texture": "#1"}
			}
		},
		{
			"from": [6.075, 13.225, 7.375],
			"to": [6.575, 13.975, 7.65],
			"rotation": {"angle": 0, "axis": "y", "origin": [-1.7, 2.875, -0.125]},
			"faces": {
				"north": {"uv": [6, 5.625, 5.5, 6.375], "texture": "#1"},
				"east": {"uv": [5.875, 5.625, 6, 6.375], "texture": "#1"},
				"south": {"uv": [5.5, 5.625, 6, 6.375], "texture": "#1"},
				"west": {"uv": [5.5, 5.625, 5.625, 6.375], "texture": "#1"},
				"up": {"uv": [5.5, 5.75, 6, 5.625], "texture": "#1"},
				"down": {"uv": [5.5, 6.375, 6, 6.25], "texture": "#1"}
			}
		},
		{
			"from": [5.825, 14.35, 7.625],
			"to": [8.075, 14.725, 7.775],
			"rotation": {"angle": 0, "axis": "y", "origin": [-1.95, 4, 0.025]},
			"faces": {
				"north": {"uv": [7.5, 4.875, 5.25, 5.25], "texture": "#1"},
				"east": {"uv": [7.375, 4.875, 7.5, 5.25], "texture": "#1"},
				"south": {"uv": [5.25, 4.875, 7.5, 5.25], "texture": "#1"},
				"west": {"uv": [5.25, 4.875, 5.375, 5.25], "texture": "#1"},
				"up": {"uv": [5.25, 5, 7.5, 4.875], "texture": "#1"},
				"down": {"uv": [5.25, 5.25, 7.5, 5.125], "texture": "#1"}
			}
		},
		{
			"from": [6.325, 14.725, 7.625],
			"to": [8.075, 14.85, 7.775],
			"rotation": {"angle": 0, "axis": "y", "origin": [-1.95, 4.375, 0.025]},
			"faces": {
				"north": {"uv": [7.5, 4.75, 5.75, 4.875], "texture": "#1"},
				"east": {"uv": [7.375, 4.75, 7.5, 4.875], "texture": "#1"},
				"south": {"uv": [5.75, 4.75, 7.5, 4.875], "texture": "#1"},
				"west": {"uv": [5.75, 4.75, 5.875, 4.875], "texture": "#1"},
				"up": {"uv": [5.75, 4.875, 7.5, 4.75], "texture": "#1"},
				"down": {"uv": [5.75, 4.875, 7.5, 4.75], "texture": "#1"}
			}
		},
		{
			"from": [6.45, 14.85, 7.625],
			"to": [7.95, 14.975, 7.775],
			"rotation": {"angle": 0, "axis": "y", "origin": [-2.075, 4.5, 0.025]},
			"faces": {
				"north": {"uv": [7.375, 4.625, 5.875, 4.75], "texture": "#1"},
				"east": {"uv": [7.25, 4.625, 7.375, 4.75], "texture": "#1"},
				"south": {"uv": [5.875, 4.625, 7.375, 4.75], "texture": "#1"},
				"west": {"uv": [5.875, 4.625, 6, 4.75], "texture": "#1"},
				"up": {"uv": [5.875, 4.75, 7.375, 4.625], "texture": "#1"},
				"down": {"uv": [5.875, 4.75, 7.375, 4.625], "texture": "#1"}
			}
		},
		{
			"from": [6.45, 15.725, 7.625],
			"to": [7.825, 15.975, 7.775],
			"rotation": {"angle": 0, "axis": "y", "origin": [-2.075, 5, 0.025]},
			"faces": {
				"north": {"uv": [7.25, 3.625, 5.875, 3.875], "texture": "#1"},
				"east": {"uv": [7.125, 3.625, 7.25, 3.875], "texture": "#1"},
				"south": {"uv": [5.875, 3.625, 7.25, 3.875], "texture": "#1"},
				"west": {"uv": [5.875, 3.625, 6, 3.875], "texture": "#1"},
				"up": {"uv": [5.875, 3.75, 7.25, 3.625], "texture": "#1"},
				"down": {"uv": [5.875, 3.875, 7.25, 3.75], "texture": "#1"}
			}
		},
		{
			"from": [6.325, 15.975, 7.625],
			"to": [7.825, 16.225, 7.775],
			"rotation": {"angle": 0, "axis": "y", "origin": [-2.075, 5.25, 0.025]},
			"faces": {
				"north": {"uv": [7.25, 3.375, 5.75, 3.625], "texture": "#1"},
				"east": {"uv": [7.125, 3.375, 7.25, 3.625], "texture": "#1"},
				"south": {"uv": [5.75, 3.375, 7.25, 3.625], "texture": "#1"},
				"west": {"uv": [5.75, 3.375, 5.875, 3.625], "texture": "#1"},
				"up": {"uv": [5.75, 3.5, 7.25, 3.375], "texture": "#1"},
				"down": {"uv": [5.75, 3.625, 7.25, 3.5], "texture": "#1"}
			}
		},
		{
			"from": [6.2, 16.225, 7.625],
			"to": [7.825, 16.35, 7.775],
			"rotation": {"angle": 0, "axis": "y", "origin": [-2.075, 5.5, 0.025]},
			"faces": {
				"north": {"uv": [7.25, 3.25, 5.625, 3.375], "texture": "#1"},
				"east": {"uv": [7.125, 3.25, 7.25, 3.375], "texture": "#1"},
				"south": {"uv": [5.625, 3.25, 7.25, 3.375], "texture": "#1"},
				"west": {"uv": [5.625, 3.25, 5.75, 3.375], "texture": "#1"},
				"up": {"uv": [5.625, 3.375, 7.25, 3.25], "texture": "#1"},
				"down": {"uv": [5.625, 3.375, 7.25, 3.25], "texture": "#1"}
			}
		},
		{
			"from": [6.075, 16.35, 7.625],
			"to": [7.825, 16.475, 7.775],
			"rotation": {"angle": 0, "axis": "y", "origin": [-2.075, 5.625, 0.025]},
			"faces": {
				"north": {"uv": [7.25, 3.125, 5.5, 3.25], "texture": "#1"},
				"east": {"uv": [7.125, 3.125, 7.25, 3.25], "texture": "#1"},
				"south": {"uv": [5.5, 3.125, 7.25, 3.25], "texture": "#1"},
				"west": {"uv": [5.5, 3.125, 5.625, 3.25], "texture": "#1"},
				"up": {"uv": [5.5, 3.25, 7.25, 3.125], "texture": "#1"},
				"down": {"uv": [5.5, 3.25, 7.25, 3.125], "texture": "#1"}
			}
		},
		{
			"from": [5.95, 16.6, 7.625],
			"to": [7.7, 16.725, 7.775],
			"rotation": {"angle": 0, "axis": "y", "origin": [-2.2, 5.875, 0.025]},
			"faces": {
				"north": {"uv": [7.125, 2.875, 5.375, 3], "texture": "#1"},
				"east": {"uv": [7, 2.875, 7.125, 3], "texture": "#1"},
				"south": {"uv": [5.375, 2.875, 7.125, 3], "texture": "#1"},
				"west": {"uv": [5.375, 2.875, 5.5, 3], "texture": "#1"},
				"up": {"uv": [5.375, 3, 7.125, 2.875], "texture": "#1"},
				"down": {"uv": [5.375, 3, 7.125, 2.875], "texture": "#1"}
			}
		},
		{
			"from": [5.95, 16.475, 7.625],
			"to": [7.825, 16.6, 7.775],
			"rotation": {"angle": 0, "axis": "y", "origin": [-2.2, 5.75, 0.025]},
			"faces": {
				"north": {"uv": [7.25, 3, 5.375, 3.125], "texture": "#1"},
				"east": {"uv": [7.125, 3, 7.25, 3.125], "texture": "#1"},
				"south": {"uv": [5.375, 3, 7.25, 3.125], "texture": "#1"},
				"west": {"uv": [5.375, 3, 5.5, 3.125], "texture": "#1"},
				"up": {"uv": [5.375, 3.125, 7.25, 3], "texture": "#1"},
				"down": {"uv": [5.375, 3.125, 7.25, 3], "texture": "#1"}
			}
		},
		{
			"from": [6.575, 14.975, 7.625],
			"to": [7.95, 15.6, 7.775],
			"rotation": {"angle": 0, "axis": "y", "origin": [-1.95, 4.625, 0.025]},
			"faces": {
				"north": {"uv": [7.375, 4, 6, 4.625], "texture": "#1"},
				"east": {"uv": [7.25, 4, 7.375, 4.625], "texture": "#1"},
				"south": {"uv": [6, 4, 7.375, 4.625], "texture": "#1"},
				"west": {"uv": [6, 4, 6.125, 4.625], "texture": "#1"},
				"up": {"uv": [6, 4.125, 7.375, 4], "texture": "#1"},
				"down": {"uv": [6, 4.625, 7.375, 4.5], "texture": "#1"}
			}
		},
		{
			"from": [6.075, 16.725, 7.625],
			"to": [7.7, 17.225, 7.775],
			"rotation": {"angle": 0, "axis": "y", "origin": [-2.2, 6.375, 0.025]},
			"faces": {
				"north": {"uv": [7.125, 2.375, 5.5, 2.875], "texture": "#1"},
				"east": {"uv": [7, 2.375, 7.125, 2.875], "texture": "#1"},
				"south": {"uv": [5.5, 2.375, 7.125, 2.875], "texture": "#1"},
				"west": {"uv": [5.5, 2.375, 5.625, 2.875], "texture": "#1"},
				"up": {"uv": [5.5, 2.5, 7.125, 2.375], "texture": "#1"},
				"down": {"uv": [5.5, 2.875, 7.125, 2.75], "texture": "#1"}
			}
		},
		{
			"from": [6.075, 15.975, 7.45],
			"to": [6.95, 16.225, 7.6],
			"rotation": {"angle": 0, "axis": "y", "origin": [-2.2, 5.625, -0.2]},
			"faces": {
				"north": {"uv": [9.375, 3.375, 8.5, 3.625], "texture": "#1"},
				"east": {"uv": [9.25, 3.375, 9.375, 3.625], "texture": "#1"},
				"south": {"uv": [8.5, 3.375, 9.375, 3.625], "texture": "#1"},
				"west": {"uv": [8.5, 3.375, 8.625, 3.625], "texture": "#1"},
				"up": {"uv": [8.5, 3.5, 9.375, 3.375], "texture": "#1"},
				"down": {"uv": [8.5, 3.625, 9.375, 3.5], "texture": "#1"}
			}
		},
		{
			"from": [6.075, 16.225, 7.45],
			"to": [6.825, 16.725, 7.6],
			"rotation": {"angle": 0, "axis": "y", "origin": [-2.2, 5.875, -0.2]},
			"faces": {
				"north": {"uv": [9.25, 2.875, 8.5, 3.375], "texture": "#1"},
				"east": {"uv": [9.125, 2.875, 9.25, 3.375], "texture": "#1"},
				"south": {"uv": [8.5, 2.875, 9.25, 3.375], "texture": "#1"},
				"west": {"uv": [8.5, 2.875, 8.625, 3.375], "texture": "#1"},
				"up": {"uv": [8.5, 3, 9.25, 2.875], "texture": "#1"},
				"down": {"uv": [8.5, 3.375, 9.25, 3.25], "texture": "#1"}
			}
		},
		{
			"from": [6.7, 14.475, 7.4],
			"to": [7.45, 14.975, 7.875],
			"rotation": {"angle": 0, "axis": "y", "origin": [-1.575, 4.125, -0.2]},
			"faces": {
				"north": {"uv": [6.875, 4.625, 6.125, 5.125], "texture": "#1"},
				"east": {"uv": [6.75, 4.625, 6.875, 5.125], "texture": "#1"},
				"south": {"uv": [6.125, 4.625, 6.875, 5.125], "texture": "#1"},
				"west": {"uv": [6.125, 4.625, 6.25, 5.125], "texture": "#1"},
				"up": {"uv": [6.125, 4.75, 6.875, 4.625], "texture": "#1"},
				"down": {"uv": [6.125, 5.125, 6.875, 5], "texture": "#1"}
			}
		},
		{
			"from": [6.2, 16.725, 7.45],
			"to": [6.7, 17.225, 7.6],
			"rotation": {"angle": 0, "axis": "y", "origin": [-2.075, 6.375, -0.2]},
			"faces": {
				"north": {"uv": [9.125, 2.375, 8.625, 2.875], "texture": "#1"},
				"east": {"uv": [9, 2.375, 9.125, 2.875], "texture": "#1"},
				"south": {"uv": [8.625, 2.375, 9.125, 2.875], "texture": "#1"},
				"west": {"uv": [8.625, 2.375, 8.75, 2.875], "texture": "#1"},
				"up": {"uv": [8.625, 2.5, 9.125, 2.375], "texture": "#1"},
				"down": {"uv": [8.625, 2.875, 9.125, 2.75], "texture": "#1"}
			}
		},
		{
			"from": [6.325, 17.225, 7.45],
			"to": [6.7, 17.35, 7.6],
			"rotation": {"angle": 0, "axis": "y", "origin": [-2.075, 6.875, -0.2]},
			"faces": {
				"north": {"uv": [9.125, 2.25, 8.75, 2.375], "texture": "#1"},
				"east": {"uv": [9, 2.25, 9.125, 2.375], "texture": "#1"},
				"south": {"uv": [8.75, 2.25, 9.125, 2.375], "texture": "#1"},
				"west": {"uv": [8.75, 2.25, 8.875, 2.375], "texture": "#1"},
				"up": {"uv": [8.75, 2.375, 9.125, 2.25], "texture": "#1"},
				"down": {"uv": [8.75, 2.375, 9.125, 2.25], "texture": "#1"}
			}
		},
		{
			"from": [6.325, 17.35, 7.45],
			"to": [6.575, 17.6, 7.6],
			"rotation": {"angle": 0, "axis": "y", "origin": [-2.075, 7, -0.2]},
			"faces": {
				"north": {"uv": [9, 2, 8.75, 2.25], "texture": "#1"},
				"east": {"uv": [8.875, 2, 9, 2.25], "texture": "#1"},
				"south": {"uv": [8.75, 2, 9, 2.25], "texture": "#1"},
				"west": {"uv": [8.75, 2, 8.875, 2.25], "texture": "#1"},
				"up": {"uv": [8.75, 2.125, 9, 2], "texture": "#1"},
				"down": {"uv": [8.75, 2.25, 9, 2.125], "texture": "#1"}
			}
		},
		{
			"from": [6.45, 17.6, 7.45],
			"to": [6.575, 17.85, 7.6],
			"rotation": {"angle": 0, "axis": "y", "origin": [-2.075, 7.25, -0.2]},
			"faces": {
				"north": {"uv": [9, 1.75, 8.875, 2], "texture": "#1"},
				"east": {"uv": [8.875, 1.75, 9, 2], "texture": "#1"},
				"south": {"uv": [8.875, 1.75, 9, 2], "texture": "#1"},
				"west": {"uv": [8.875, 1.75, 9, 2], "texture": "#1"},
				"up": {"uv": [8.875, 1.875, 9, 1.75], "texture": "#1"},
				"down": {"uv": [8.875, 2, 9, 1.875], "texture": "#1"}
			}
		},
		{
			"from": [5.95, 15.85, 7.45],
			"to": [6.95, 15.975, 7.6],
			"rotation": {"angle": 0, "axis": "y", "origin": [-2.325, 5.125, -0.2]},
			"faces": {
				"north": {"uv": [9.375, 3.625, 8.375, 3.75], "texture": "#1"},
				"east": {"uv": [9.25, 3.625, 9.375, 3.75], "texture": "#1"},
				"south": {"uv": [8.375, 3.625, 9.375, 3.75], "texture": "#1"},
				"west": {"uv": [8.375, 3.625, 8.5, 3.75], "texture": "#1"},
				"up": {"uv": [8.375, 3.75, 9.375, 3.625], "texture": "#1"},
				"down": {"uv": [8.375, 3.75, 9.375, 3.625], "texture": "#1"}
			}
		},
		{
			"from": [6.2, 15.225, 7.45],
			"to": [7.325, 15.35, 7.6],
			"rotation": {"angle": 0, "axis": "y", "origin": [-2.075, 4.5, -0.2]},
			"faces": {
				"north": {"uv": [9.75, 4.25, 8.625, 4.375], "texture": "#1"},
				"east": {"uv": [9.625, 4.25, 9.75, 4.375], "texture": "#1"},
				"south": {"uv": [8.625, 4.25, 9.75, 4.375], "texture": "#1"},
				"west": {"uv": [8.625, 4.25, 8.75, 4.375], "texture": "#1"},
				"up": {"uv": [8.625, 4.375, 9.75, 4.25], "texture": "#1"},
				"down": {"uv": [8.625, 4.375, 9.75, 4.25], "texture": "#1"}
			}
		},
		{
			"from": [6.325, 15.1, 7.45],
			"to": [7.325, 15.225, 7.6],
			"rotation": {"angle": 0, "axis": "y", "origin": [-2.075, 4.375, -0.2]},
			"faces": {
				"north": {"uv": [9.875, 4.375, 8.875, 4.5], "texture": "#1"},
				"east": {"uv": [9.75, 4.375, 9.875, 4.5], "texture": "#1"},
				"south": {"uv": [8.875, 4.375, 9.875, 4.5], "texture": "#1"},
				"west": {"uv": [8.875, 4.375, 9, 4.5], "texture": "#1"},
				"up": {"uv": [8.875, 4.5, 9.875, 4.375], "texture": "#1"},
				"down": {"uv": [8.875, 4.5, 9.875, 4.375], "texture": "#1"}
			}
		},
		{
			"from": [6.45, 14.975, 7.45],
			"to": [6.825, 15.1, 7.6],
			"rotation": {"angle": 0, "axis": "y", "origin": [-2.075, 4.25, -0.2]},
			"faces": {
				"north": {"uv": [9.375, 4.5, 9, 4.625], "texture": "#1"},
				"east": {"uv": [9.25, 4.5, 9.375, 4.625], "texture": "#1"},
				"south": {"uv": [9, 4.5, 9.375, 4.625], "texture": "#1"},
				"west": {"uv": [9, 4.5, 9.125, 4.625], "texture": "#1"},
				"up": {"uv": [9, 4.625, 9.375, 4.5], "texture": "#1"},
				"down": {"uv": [9, 4.625, 9.375, 4.5], "texture": "#1"}
			}
		},
		{
			"from": [6.825, 14.975, 7.4],
			"to": [7.325, 15.1, 7.875],
			"rotation": {"angle": 0, "axis": "y", "origin": [-1.7, 4.25, -0.2]},
			"faces": {
				"north": {"uv": [6.75, 4.5, 6.25, 4.625], "texture": "#1"},
				"east": {"uv": [6.625, 4.5, 6.75, 4.625], "texture": "#1"},
				"south": {"uv": [6.25, 4.5, 6.75, 4.625], "texture": "#1"},
				"west": {"uv": [6.25, 4.5, 6.375, 4.625], "texture": "#1"},
				"up": {"uv": [6.25, 4.625, 6.75, 4.5], "texture": "#1"},
				"down": {"uv": [6.25, 4.625, 6.75, 4.5], "texture": "#1"}
			}
		},
		{
			"from": [6.825, 14.35, 7.4],
			"to": [7.325, 14.475, 7.875],
			"rotation": {"angle": 0, "axis": "y", "origin": [-1.7, 3.625, -0.2]},
			"faces": {
				"north": {"uv": [6.75, 5.125, 6.25, 5.25], "texture": "#1"},
				"east": {"uv": [6.625, 5.125, 6.75, 5.25], "texture": "#1"},
				"south": {"uv": [6.25, 5.125, 6.75, 5.25], "texture": "#1"},
				"west": {"uv": [6.25, 5.125, 6.375, 5.25], "texture": "#1"},
				"up": {"uv": [6.25, 5.25, 6.75, 5.125], "texture": "#1"},
				"down": {"uv": [6.25, 5.25, 6.75, 5.125], "texture": "#1"}
			}
		},
		{
			"from": [6.575, 14.725, 7.45],
			"to": [6.7, 14.975, 7.6],
			"rotation": {"angle": 0, "axis": "y", "origin": [-2.2, 4.125, -0.2]},
			"faces": {
				"north": {"uv": [9.25, 4.625, 9.125, 4.875], "texture": "#1"},
				"east": {"uv": [9.125, 4.625, 9.25, 4.875], "texture": "#1"},
				"south": {"uv": [9.125, 4.625, 9.25, 4.875], "texture": "#1"},
				"west": {"uv": [9.125, 4.625, 9.25, 4.875], "texture": "#1"},
				"up": {"uv": [9.125, 4.75, 9.25, 4.625], "texture": "#1"},
				"down": {"uv": [9.125, 4.875, 9.25, 4.75], "texture": "#1"}
			}
		},
		{
			"from": [5.95, 15.6, 7.45],
			"to": [7.075, 15.85, 7.6],
			"rotation": {"angle": 0, "axis": "y", "origin": [-2.325, 5, -0.2]},
			"faces": {
				"north": {"uv": [9.5, 3.75, 8.375, 4], "texture": "#1"},
				"east": {"uv": [9.375, 3.75, 9.5, 4], "texture": "#1"},
				"south": {"uv": [8.375, 3.75, 9.5, 4], "texture": "#1"},
				"west": {"uv": [8.375, 3.75, 8.5, 4], "texture": "#1"},
				"up": {"uv": [8.375, 3.875, 9.5, 3.75], "texture": "#1"},
				"down": {"uv": [8.375, 4, 9.5, 3.875], "texture": "#1"}
			}
		},
		{
			"from": [5.95, 15.35, 7.45],
			"to": [7.2, 15.6, 7.6],
			"rotation": {"angle": 0, "axis": "y", "origin": [-2.325, 4.75, -0.2]},
			"faces": {
				"north": {"uv": [9.625, 4, 8.375, 4.25], "texture": "#1"},
				"east": {"uv": [9.5, 4, 9.625, 4.25], "texture": "#1"},
				"south": {"uv": [8.375, 4, 9.625, 4.25], "texture": "#1"},
				"west": {"uv": [8.375, 4, 8.5, 4.25], "texture": "#1"},
				"up": {"uv": [8.375, 4.125, 9.625, 4], "texture": "#1"},
				"down": {"uv": [8.375, 4.25, 9.625, 4.125], "texture": "#1"}
			}
		},
		{
			"from": [6.2, 17.225, 7.625],
			"to": [7.7, 17.6, 7.775],
			"rotation": {"angle": 0, "axis": "y", "origin": [-2.075, 6.875, 0.025]},
			"faces": {
				"north": {"uv": [7.125, 2, 5.625, 2.375], "texture": "#1"},
				"east": {"uv": [7, 2, 7.125, 2.375], "texture": "#1"},
				"south": {"uv": [5.625, 2, 7.125, 2.375], "texture": "#1"},
				"west": {"uv": [5.625, 2, 5.75, 2.375], "texture": "#1"},
				"up": {"uv": [5.625, 2.125, 7.125, 2], "texture": "#1"},
				"down": {"uv": [5.625, 2.375, 7.125, 2.25], "texture": "#1"}
			}
		},
		{
			"from": [6.325, 17.6, 7.625],
			"to": [7.7, 17.725, 7.775],
			"rotation": {"angle": 0, "axis": "y", "origin": [-1.95, 7.25, 0.025]},
			"faces": {
				"north": {"uv": [7.125, 1.875, 5.75, 2], "texture": "#1"},
				"east": {"uv": [7, 1.875, 7.125, 2], "texture": "#1"},
				"south": {"uv": [5.75, 1.875, 7.125, 2], "texture": "#1"},
				"west": {"uv": [5.75, 1.875, 5.875, 2], "texture": "#1"},
				"up": {"uv": [5.75, 2, 7.125, 1.875], "texture": "#1"},
				"down": {"uv": [5.75, 2, 7.125, 1.875], "texture": "#1"}
			}
		},
		{
			"from": [6.325, 17.725, 7.625],
			"to": [7.825, 17.85, 7.775],
			"rotation": {"angle": 0, "axis": "y", "origin": [-1.95, 7.375, 0.025]},
			"faces": {
				"north": {"uv": [7.25, 1.75, 5.75, 1.875], "texture": "#1"},
				"east": {"uv": [7.125, 1.75, 7.25, 1.875], "texture": "#1"},
				"south": {"uv": [5.75, 1.75, 7.25, 1.875], "texture": "#1"},
				"west": {"uv": [5.75, 1.75, 5.875, 1.875], "texture": "#1"},
				"up": {"uv": [5.75, 1.875, 7.25, 1.75], "texture": "#1"},
				"down": {"uv": [5.75, 1.875, 7.25, 1.75], "texture": "#1"}
			}
		},
		{
			"from": [6.7, 18.35, 7.625],
			"to": [7.825, 18.475, 7.775],
			"rotation": {"angle": 0, "axis": "y", "origin": [-1.7, 8, 0.025]},
			"faces": {
				"north": {"uv": [7.25, 1.125, 6.125, 1.25], "texture": "#1"},
				"east": {"uv": [7.125, 1.125, 7.25, 1.25], "texture": "#1"},
				"south": {"uv": [6.125, 1.125, 7.25, 1.25], "texture": "#1"},
				"west": {"uv": [6.125, 1.125, 6.25, 1.25], "texture": "#1"},
				"up": {"uv": [6.125, 1.25, 7.25, 1.125], "texture": "#1"},
				"down": {"uv": [6.125, 1.25, 7.25, 1.125], "texture": "#1"}
			}
		},
		{
			"from": [6.825, 18.6, 7.625],
			"to": [7.95, 18.725, 7.775],
			"rotation": {"angle": 0, "axis": "y", "origin": [-1.575, 8.25, 0.025]},
			"faces": {
				"north": {"uv": [7.375, 0.875, 6.25, 1], "texture": "#1"},
				"east": {"uv": [7.25, 0.875, 7.375, 1], "texture": "#1"},
				"south": {"uv": [6.25, 0.875, 7.375, 1], "texture": "#1"},
				"west": {"uv": [6.25, 0.875, 6.375, 1], "texture": "#1"},
				"up": {"uv": [6.25, 1, 7.375, 0.875], "texture": "#1"},
				"down": {"uv": [6.25, 1, 7.375, 0.875], "texture": "#1"}
			}
		},
		{
			"from": [7.2, 18.975, 7.625],
			"to": [7.95, 19.1, 7.775],
			"rotation": {"angle": 0, "axis": "y", "origin": [-1.575, 8.625, 0.025]},
			"faces": {
				"north": {"uv": [7.375, 0.5, 6.625, 0.625], "texture": "#1"},
				"east": {"uv": [7.25, 0.5, 7.375, 0.625], "texture": "#1"},
				"south": {"uv": [6.625, 0.5, 7.375, 0.625], "texture": "#1"},
				"west": {"uv": [6.625, 0.5, 6.75, 0.625], "texture": "#1"},
				"up": {"uv": [6.625, 0.625, 7.375, 0.5], "texture": "#1"},
				"down": {"uv": [6.625, 0.625, 7.375, 0.5], "texture": "#1"}
			}
		},
		{
			"from": [7.075, 18.85, 7.625],
			"to": [7.95, 18.975, 7.775],
			"rotation": {"angle": 0, "axis": "y", "origin": [-1.575, 8.5, 0.025]},
			"faces": {
				"north": {"uv": [7.375, 0.625, 6.5, 0.75], "texture": "#1"},
				"east": {"uv": [7.25, 0.625, 7.375, 0.75], "texture": "#1"},
				"south": {"uv": [6.5, 0.625, 7.375, 0.75], "texture": "#1"},
				"west": {"uv": [6.5, 0.625, 6.625, 0.75], "texture": "#1"},
				"up": {"uv": [6.5, 0.75, 7.375, 0.625], "texture": "#1"},
				"down": {"uv": [6.5, 0.75, 7.375, 0.625], "texture": "#1"}
			}
		},
		{
			"from": [7.325, 19.1, 7.625],
			"to": [7.95, 19.225, 7.775],
			"rotation": {"angle": 0, "axis": "y", "origin": [-1.575, 8.75, 0.025]},
			"faces": {
				"north": {"uv": [7.375, 0.375, 6.75, 0.5], "texture": "#1"},
				"east": {"uv": [7.25, 0.375, 7.375, 0.5], "texture": "#1"},
				"south": {"uv": [6.75, 0.375, 7.375, 0.5], "texture": "#1"},
				"west": {"uv": [6.75, 0.375, 6.875, 0.5], "texture": "#1"},
				"up": {"uv": [6.75, 0.5, 7.375, 0.375], "texture": "#1"},
				"down": {"uv": [6.75, 0.5, 7.375, 0.375], "texture": "#1"}
			}
		},
		{
			"from": [7.45, 19.225, 7.625],
			"to": [7.95, 19.35, 7.775],
			"rotation": {"angle": 0, "axis": "y", "origin": [-1.575, 8.875, 0.025]},
			"faces": {
				"north": {"uv": [7.375, 0.25, 6.875, 0.375], "texture": "#1"},
				"east": {"uv": [7.25, 0.25, 7.375, 0.375], "texture": "#1"},
				"south": {"uv": [6.875, 0.25, 7.375, 0.375], "texture": "#1"},
				"west": {"uv": [6.875, 0.25, 7, 0.375], "texture": "#1"},
				"up": {"uv": [6.875, 0.375, 7.375, 0.25], "texture": "#1"},
				"down": {"uv": [6.875, 0.375, 7.375, 0.25], "texture": "#1"}
			}
		},
		{
			"from": [7.7, 19.475, 7.625],
			"to": [7.95, 19.6, 7.775],
			"rotation": {"angle": 0, "axis": "y", "origin": [-1.575, 9.125, 0.025]},
			"faces": {
				"north": {"uv": [7.375, 0, 7.125, 0.125], "texture": "#1"},
				"east": {"uv": [7.25, 0, 7.375, 0.125], "texture": "#1"},
				"south": {"uv": [7.125, 0, 7.375, 0.125], "texture": "#1"},
				"west": {"uv": [7.125, 0, 7.25, 0.125], "texture": "#1"},
				"up": {"uv": [7.125, 0.125, 7.375, 0], "texture": "#1"},
				"down": {"uv": [7.125, 0.125, 7.375, 0], "texture": "#1"}
			}
		},
		{
			"from": [7.575, 19.35, 7.625],
			"to": [7.95, 19.475, 7.775],
			"rotation": {"angle": 0, "axis": "y", "origin": [-1.575, 9, 0.025]},
			"faces": {
				"north": {"uv": [7.375, 0.125, 7, 0.25], "texture": "#1"},
				"east": {"uv": [7.25, 0.125, 7.375, 0.25], "texture": "#1"},
				"south": {"uv": [7, 0.125, 7.375, 0.25], "texture": "#1"},
				"west": {"uv": [7, 0.125, 7.125, 0.25], "texture": "#1"},
				"up": {"uv": [7, 0.25, 7.375, 0.125], "texture": "#1"},
				"down": {"uv": [7, 0.25, 7.375, 0.125], "texture": "#1"}
			}
		},
		{
			"from": [6.95, 18.725, 7.625],
			"to": [7.95, 18.85, 7.775],
			"rotation": {"angle": 0, "axis": "y", "origin": [-1.575, 8.375, 0.025]},
			"faces": {
				"north": {"uv": [7.375, 0.75, 6.375, 0.875], "texture": "#1"},
				"east": {"uv": [7.25, 0.75, 7.375, 0.875], "texture": "#1"},
				"south": {"uv": [6.375, 0.75, 7.375, 0.875], "texture": "#1"},
				"west": {"uv": [6.375, 0.75, 6.5, 0.875], "texture": "#1"},
				"up": {"uv": [6.375, 0.875, 7.375, 0.75], "texture": "#1"},
				"down": {"uv": [6.375, 0.875, 7.375, 0.75], "texture": "#1"}
			}
		},
		{
			"from": [6.7, 18.475, 7.625],
			"to": [7.95, 18.6, 7.775],
			"rotation": {"angle": 0, "axis": "y", "origin": [-1.7, 8.125, 0.025]},
			"faces": {
				"north": {"uv": [7.375, 1, 6.125, 1.125], "texture": "#1"},
				"east": {"uv": [7.25, 1, 7.375, 1.125], "texture": "#1"},
				"south": {"uv": [6.125, 1, 7.375, 1.125], "texture": "#1"},
				"west": {"uv": [6.125, 1, 6.25, 1.125], "texture": "#1"},
				"up": {"uv": [6.125, 1.125, 7.375, 1], "texture": "#1"},
				"down": {"uv": [6.125, 1.125, 7.375, 1], "texture": "#1"}
			}
		},
		{
			"from": [6.45, 17.85, 7.625],
			"to": [7.825, 18.1, 7.775],
			"rotation": {"angle": 0, "axis": "y", "origin": [-1.95, 7.5, 0.025]},
			"faces": {
				"north": {"uv": [7.25, 1.5, 5.875, 1.75], "texture": "#1"},
				"east": {"uv": [7.125, 1.5, 7.25, 1.75], "texture": "#1"},
				"south": {"uv": [5.875, 1.5, 7.25, 1.75], "texture": "#1"},
				"west": {"uv": [5.875, 1.5, 6, 1.75], "texture": "#1"},
				"up": {"uv": [5.875, 1.625, 7.25, 1.5], "texture": "#1"},
				"down": {"uv": [5.875, 1.75, 7.25, 1.625], "texture": "#1"}
			}
		},
		{
			"from": [6.575, 18.1, 7.625],
			"to": [7.825, 18.35, 7.775],
			"rotation": {"angle": 0, "axis": "y", "origin": [-1.95, 7.75, 0.025]},
			"faces": {
				"north": {"uv": [7.25, 1.25, 6, 1.5], "texture": "#1"},
				"east": {"uv": [7.125, 1.25, 7.25, 1.5], "texture": "#1"},
				"south": {"uv": [6, 1.25, 7.25, 1.5], "texture": "#1"},
				"west": {"uv": [6, 1.25, 6.125, 1.5], "texture": "#1"},
				"up": {"uv": [6, 1.375, 7.25, 1.25], "texture": "#1"},
				"down": {"uv": [6, 1.5, 7.25, 1.375], "texture": "#1"}
			}
		},
		{
			"from": [6.45, 15.6, 7.625],
			"to": [7.95, 15.725, 7.775],
			"rotation": {"angle": 0, "axis": "y", "origin": [-1.95, 4.75, 0.025]},
			"faces": {
				"north": {"uv": [7.375, 3.875, 5.875, 4], "texture": "#1"},
				"east": {"uv": [7.25, 3.875, 7.375, 4], "texture": "#1"},
				"south": {"uv": [5.875, 3.875, 7.375, 4], "texture": "#1"},
				"west": {"uv": [5.875, 3.875, 6, 4], "texture": "#1"},
				"up": {"uv": [5.875, 4, 7.375, 3.875], "texture": "#1"},
				"down": {"uv": [5.875, 4, 7.375, 3.875], "texture": "#1"}
			}
		},
		{
			"from": [5.825, 14.725, 7.575],
			"to": [5.95, 14.85, 7.8],
			"rotation": {"angle": 0, "axis": "y", "origin": [-2.45, 4.375, 0.025]},
			"faces": {
				"north": {"uv": [5.375, 4.75, 5.25, 4.875], "texture": "#1"},
				"east": {"uv": [5.25, 4.75, 5.375, 4.875], "texture": "#1"},
				"south": {"uv": [5.25, 4.75, 5.375, 4.875], "texture": "#1"},
				"west": {"uv": [5.25, 4.75, 5.375, 4.875], "texture": "#1"},
				"up": {"uv": [5.25, 4.875, 5.375, 4.75], "texture": "#1"},
				"down": {"uv": [5.25, 4.875, 5.375, 4.75], "texture": "#1"}
			}
		},
		{
			"from": [6.45, 15.475, 7.625],
			"to": [6.575, 15.6, 7.725],
			"rotation": {"angle": 0, "axis": "y", "origin": [-1.825, 5.125, 0.075]},
			"faces": {
				"north": {"uv": [6, 4, 5.875, 4.125], "texture": "#1"},
				"east": {"uv": [5.875, 4, 6, 4.125], "texture": "#1"},
				"south": {"uv": [5.875, 4, 6, 4.125], "texture": "#1"},
				"west": {"uv": [5.875, 4, 6, 4.125], "texture": "#1"},
				"up": {"uv": [5.875, 4.125, 6, 4], "texture": "#1"},
				"down": {"uv": [5.875, 4.125, 6, 4], "texture": "#1"}
			}
		},
		{
			"from": [6.2, 15.35, 7.625],
			"to": [6.325, 15.6, 7.725],
			"rotation": {"angle": 0, "axis": "y", "origin": [-2.075, 5, 0.075]},
			"faces": {
				"north": {"uv": [5.75, 4, 5.625, 4.25], "texture": "#1"},
				"east": {"uv": [5.625, 4, 5.75, 4.25], "texture": "#1"},
				"south": {"uv": [5.625, 4, 5.75, 4.25], "texture": "#1"},
				"west": {"uv": [5.625, 4, 5.75, 4.25], "texture": "#1"},
				"up": {"uv": [5.625, 4.125, 5.75, 4], "texture": "#1"},
				"down": {"uv": [5.625, 4.25, 5.75, 4.125], "texture": "#1"}
			}
		},
		{
			"from": [6.325, 15.35, 7.625],
			"to": [6.45, 15.725, 7.725],
			"rotation": {"angle": 0, "axis": "y", "origin": [-1.95, 5, 0.075]},
			"faces": {
				"north": {"uv": [5.875, 3.875, 5.75, 4.25], "texture": "#1"},
				"east": {"uv": [5.75, 3.875, 5.875, 4.25], "texture": "#1"},
				"south": {"uv": [5.75, 3.875, 5.875, 4.25], "texture": "#1"},
				"west": {"uv": [5.75, 3.875, 5.875, 4.25], "texture": "#1"},
				"up": {"uv": [5.75, 4, 5.875, 3.875], "texture": "#1"},
				"down": {"uv": [5.75, 4.25, 5.875, 4.125], "texture": "#1"}
			}
		},
		{
			"from": [6.075, 15.85, 7.625],
			"to": [6.2, 16.1, 7.725],
			"rotation": {"angle": 0, "axis": "y", "origin": [-2.2, 5.5, 0.075]},
			"faces": {
				"north": {"uv": [5.625, 3.5, 5.5, 3.75], "texture": "#1"},
				"east": {"uv": [5.5, 3.5, 5.625, 3.75], "texture": "#1"},
				"south": {"uv": [5.5, 3.5, 5.625, 3.75], "texture": "#1"},
				"west": {"uv": [5.5, 3.5, 5.625, 3.75], "texture": "#1"},
				"up": {"uv": [5.5, 3.625, 5.625, 3.5], "texture": "#1"},
				"down": {"uv": [5.5, 3.75, 5.625, 3.625], "texture": "#1"}
			}
		},
		{
			"from": [6.2, 15.85, 7.625],
			"to": [6.325, 16.225, 7.725],
			"rotation": {"angle": 0, "axis": "y", "origin": [-2.075, 5.5, 0.075]},
			"faces": {
				"north": {"uv": [5.75, 3.375, 5.625, 3.75], "texture": "#1"},
				"east": {"uv": [5.625, 3.375, 5.75, 3.75], "texture": "#1"},
				"south": {"uv": [5.625, 3.375, 5.75, 3.75], "texture": "#1"},
				"west": {"uv": [5.625, 3.375, 5.75, 3.75], "texture": "#1"},
				"up": {"uv": [5.625, 3.5, 5.75, 3.375], "texture": "#1"},
				"down": {"uv": [5.625, 3.75, 5.75, 3.625], "texture": "#1"}
			}
		},
		{
			"from": [5.95, 13.975, 7.625],
			"to": [6.7, 14.1, 7.775],
			"rotation": {"angle": 0, "axis": "y", "origin": [-2.075, 3.625, 0.025]},
			"faces": {
				"north": {"uv": [6.125, 5.5, 5.375, 5.625], "texture": "#1"},
				"east": {"uv": [6, 5.5, 6.125, 5.625], "texture": "#1"},
				"south": {"uv": [5.375, 5.5, 6.125, 5.625], "texture": "#1"},
				"west": {"uv": [5.375, 5.5, 5.5, 5.625], "texture": "#1"},
				"up": {"uv": [5.375, 5.625, 6.125, 5.5], "texture": "#1"},
				"down": {"uv": [5.375, 5.625, 6.125, 5.5], "texture": "#1"}
			}
		},
		{
			"from": [7.825, 13.725, 7.625],
			"to": [8.075, 13.85, 7.775],
			"rotation": {"angle": 0, "axis": "y", "origin": [-0.2, 3.375, 0.025]},
			"faces": {
				"north": {"uv": [7.5, 5.75, 7.25, 5.875], "texture": "#1"},
				"east": {"uv": [7.375, 5.75, 7.5, 5.875], "texture": "#1"},
				"south": {"uv": [7.25, 5.75, 7.5, 5.875], "texture": "#1"},
				"west": {"uv": [7.25, 5.75, 7.375, 5.875], "texture": "#1"},
				"up": {"uv": [7.25, 5.875, 7.5, 5.75], "texture": "#1"},
				"down": {"uv": [7.25, 5.875, 7.5, 5.75], "texture": "#1"}
			}
		},
		{
			"from": [7.575, 13.85, 7.625],
			"to": [8.075, 13.975, 7.775],
			"rotation": {"angle": 0, "axis": "y", "origin": [-0.45, 3.5, 0.025]},
			"faces": {
				"north": {"uv": [7.5, 5.625, 7, 5.75], "texture": "#1"},
				"east": {"uv": [7.375, 5.625, 7.5, 5.75], "texture": "#1"},
				"south": {"uv": [7, 5.625, 7.5, 5.75], "texture": "#1"},
				"west": {"uv": [7, 5.625, 7.125, 5.75], "texture": "#1"},
				"up": {"uv": [7, 5.75, 7.5, 5.625], "texture": "#1"},
				"down": {"uv": [7, 5.75, 7.5, 5.625], "texture": "#1"}
			}
		},
		{
			"from": [7.2, 13.975, 7.625],
			"to": [8.075, 14.1, 7.775],
			"rotation": {"angle": 0, "axis": "y", "origin": [-0.825, 3.625, 0.025]},
			"faces": {
				"north": {"uv": [7.5, 5.5, 6.625, 5.625], "texture": "#1"},
				"east": {"uv": [7.375, 5.5, 7.5, 5.625], "texture": "#1"},
				"south": {"uv": [6.625, 5.5, 7.5, 5.625], "texture": "#1"},
				"west": {"uv": [6.625, 5.5, 6.75, 5.625], "texture": "#1"},
				"up": {"uv": [6.625, 5.625, 7.5, 5.5], "texture": "#1"},
				"down": {"uv": [6.625, 5.625, 7.5, 5.5], "texture": "#1"}
			}
		},
		{
			"from": [5.95, 13.85, 7.625],
			"to": [6.325, 13.975, 7.775],
			"rotation": {"angle": 0, "axis": "y", "origin": [-2.075, 3.5, 0.025]},
			"faces": {
				"north": {"uv": [5.75, 5.625, 5.375, 5.75], "texture": "#1"},
				"east": {"uv": [5.625, 5.625, 5.75, 5.75], "texture": "#1"},
				"south": {"uv": [5.375, 5.625, 5.75, 5.75], "texture": "#1"},
				"west": {"uv": [5.375, 5.625, 5.5, 5.75], "texture": "#1"},
				"up": {"uv": [5.375, 5.75, 5.75, 5.625], "texture": "#1"},
				"down": {"uv": [5.375, 5.75, 5.75, 5.625], "texture": "#1"}
			}
		},
		{
			"from": [5.95, 13.725, 7.625],
			"to": [6.2, 13.85, 7.775],
			"rotation": {"angle": 0, "axis": "y", "origin": [-2.075, 3.375, 0.025]},
			"faces": {
				"north": {"uv": [5.625, 5.75, 5.375, 5.875], "texture": "#1"},
				"east": {"uv": [5.5, 5.75, 5.625, 5.875], "texture": "#1"},
				"south": {"uv": [5.375, 5.75, 5.625, 5.875], "texture": "#1"},
				"west": {"uv": [5.375, 5.75, 5.5, 5.875], "texture": "#1"},
				"up": {"uv": [5.375, 5.875, 5.625, 5.75], "texture": "#1"},
				"down": {"uv": [5.375, 5.875, 5.625, 5.75], "texture": "#1"}
			}
		},
		{
			"from": [5.95, 14.1, 7.625],
			"to": [8.075, 14.35, 7.775],
			"rotation": {"angle": 0, "axis": "y", "origin": [-1.95, 3.875, 0.025]},
			"faces": {
				"north": {"uv": [7.5, 5.25, 5.375, 5.5], "texture": "#1"},
				"east": {"uv": [7.375, 5.25, 7.5, 5.5], "texture": "#1"},
				"south": {"uv": [5.375, 5.25, 7.5, 5.5], "texture": "#1"},
				"west": {"uv": [5.375, 5.25, 5.5, 5.5], "texture": "#1"},
				"up": {"uv": [5.375, 5.375, 7.5, 5.25], "texture": "#1"},
				"down": {"uv": [5.375, 5.5, 7.5, 5.375], "texture": "#1"}
			}
		},
		{
			"from": [6.7, 13.35, 7.275],
			"to": [6.95, 13.725, 7.75],
			"rotation": {"angle": 0, "axis": "y", "origin": [-1.45, 2.875, -0.125]},
			"faces": {
				"north": {"uv": [6.375, 5.875, 6.125, 6.25], "texture": "#1"},
				"east": {"uv": [6.25, 5.875, 6.375, 6.25], "texture": "#1"},
				"south": {"uv": [6.125, 5.875, 6.375, 6.25], "texture": "#1"},
				"west": {"uv": [6.125, 5.875, 6.25, 6.25], "texture": "#1"},
				"up": {"uv": [6.125, 6, 6.375, 5.875], "texture": "#1"},
				"down": {"uv": [6.125, 6.25, 6.375, 6.125], "texture": "#1"}
			}
		},
		{
			"from": [5.7, 12.975, 7.375],
			"to": [5.825, 13.1, 7.65],
			"rotation": {"angle": 0, "axis": "y", "origin": [-2.45, 2.375, -0.125]},
			"faces": {
				"north": {"uv": [5.25, 6.5, 5.125, 6.625], "texture": "#1"},
				"east": {"uv": [5.125, 6.5, 5.25, 6.625], "texture": "#1"},
				"south": {"uv": [5.125, 6.5, 5.25, 6.625], "texture": "#1"},
				"west": {"uv": [5.125, 6.5, 5.25, 6.625], "texture": "#1"},
				"up": {"uv": [5.125, 6.625, 5.25, 6.5], "texture": "#1"},
				"down": {"uv": [5.125, 6.625, 5.25, 6.5], "texture": "#1"}
			}
		},
		{
			"from": [10.075, 11.35, 7.375],
			"to": [10.45, 11.475, 7.65],
			"rotation": {"angle": 22.5, "axis": "z", "origin": [2.175, 0.75, -0.125]},
			"faces": {
				"north": {"uv": [5.125, 5.875, 4.75, 6], "texture": "#1"},
				"east": {"uv": [5, 5.875, 5.125, 6], "texture": "#1"},
				"south": {"uv": [4.75, 5.875, 5.125, 6], "texture": "#1"},
				"west": {"uv": [4.75, 5.875, 4.875, 6], "texture": "#1"},
				"up": {"uv": [4.75, 6, 5.125, 5.875], "texture": "#1"},
				"down": {"uv": [4.75, 6, 5.125, 5.875], "texture": "#1"}
			}
		},
		{
			"from": [9.95, 11.6, 7.375],
			"to": [10.45, 11.725, 7.65],
			"rotation": {"angle": 22.5, "axis": "z", "origin": [2.175, 1, -0.125]},
			"faces": {
				"north": {"uv": [5.125, 5.625, 4.625, 5.75], "texture": "#1"},
				"east": {"uv": [5, 5.625, 5.125, 5.75], "texture": "#1"},
				"south": {"uv": [4.625, 5.625, 5.125, 5.75], "texture": "#1"},
				"west": {"uv": [4.625, 5.625, 4.75, 5.75], "texture": "#1"},
				"up": {"uv": [4.625, 5.75, 5.125, 5.625], "texture": "#1"},
				"down": {"uv": [4.625, 5.75, 5.125, 5.625], "texture": "#1"}
			}
		},
		{
			"from": [6.85, 12.85, 7.325],
			"to": [7.125, 12.975, 7.7],
			"rotation": {"angle": 0, "axis": "y", "origin": [-1.15, 3.5, -0.125]},
			"faces": {
				"north": {"uv": [6.5, 6.625, 6.25, 6.75], "texture": "#1"},
				"east": {"uv": [6.125, 6.75, 6.5, 6.875], "texture": "#1"},
				"south": {"uv": [6.25, 6.625, 6.5, 6.75], "texture": "#1"},
				"west": {"uv": [6.25, 6.625, 6.375, 6.75], "texture": "#1"},
				"up": {"uv": [6.25, 6.75, 6.5, 6.625], "texture": "#1"},
				"down": {"uv": [6.25, 6.75, 6.5, 6.625], "texture": "#1"}
			}
		},
		{
			"from": [6.85, 12.975, 7.275],
			"to": [7.125, 13.225, 7.75],
			"rotation": {"angle": 0, "axis": "y", "origin": [-1.15, 3.625, -0.125]},
			"faces": {
				"north": {"uv": [6.5, 6.375, 6.25, 6.625], "texture": "#1"},
				"east": {"uv": [6.375, 6.375, 6.5, 6.625], "texture": "#1"},
				"south": {"uv": [6.25, 6.375, 6.5, 6.625], "texture": "#1"},
				"west": {"uv": [6.25, 6.375, 6.375, 6.625], "texture": "#1"},
				"up": {"uv": [6.25, 6.5, 6.5, 6.375], "texture": "#1"},
				"down": {"uv": [6.25, 6.625, 6.5, 6.5], "texture": "#1"}
			}
		},
		{
			"from": [6.2, 12.725, 7.275],
			"to": [6.475, 12.85, 7.75],
			"rotation": {"angle": 0, "axis": "y", "origin": [-1.8, 3.25, -0.125]},
			"faces": {
				"north": {"uv": [5.875, 6.75, 5.625, 6.875], "texture": "#1"},
				"east": {"uv": [5.75, 6.75, 5.875, 6.875], "texture": "#1"},
				"south": {"uv": [5.625, 6.75, 5.875, 6.875], "texture": "#1"},
				"west": {"uv": [5.625, 6.75, 5.75, 6.875], "texture": "#1"},
				"up": {"uv": [5.625, 6.875, 5.875, 6.75], "texture": "#1"},
				"down": {"uv": [5.625, 6.875, 5.875, 6.75], "texture": "#1"}
			}
		},
		{
			"from": [7.725, 11.975, 7.25],
			"to": [8.225, 12.225, 7.775],
			"rotation": {"angle": 0, "axis": "y", "origin": [0.125, 2.625, -0.125]},
			"faces": {
				"north": {"uv": [7.625, 7.375, 7.125, 7.625], "texture": "#1"},
				"east": {"uv": [7.5, 7.375, 7.625, 7.625], "texture": "#1"},
				"south": {"uv": [7.125, 7.375, 7.625, 7.625], "texture": "#1"},
				"west": {"uv": [7.125, 7.375, 7.25, 7.625], "texture": "#1"},
				"up": {"uv": [7.125, 7.5, 7.625, 7.375], "texture": "#1"},
				"down": {"uv": [7.125, 7.625, 7.625, 7.5], "texture": "#1"}
			}
		},
		{
			"from": [7.85, 12.225, 7.3],
			"to": [8.35, 12.35, 7.725],
			"rotation": {"angle": 0, "axis": "y", "origin": [0.25, 2.875, -0.125]},
			"faces": {
				"north": {"uv": [7.75, 7.25, 7.25, 7.375], "texture": "#1"},
				"east": {"uv": [7.625, 7.25, 7.75, 7.375], "texture": "#1"},
				"south": {"uv": [7.25, 7.25, 7.75, 7.375], "texture": "#1"},
				"west": {"uv": [7.25, 7.25, 7.375, 7.375], "texture": "#1"},
				"up": {"uv": [7.25, 7.375, 7.75, 7.25], "texture": "#1"},
				"down": {"uv": [7.25, 7.375, 7.75, 7.25], "texture": "#1"}
			}
		},
		{
			"from": [7.975, 12.35, 7.35],
			"to": [8.35, 12.475, 7.675],
			"rotation": {"angle": 0, "axis": "y", "origin": [0.25, 3, -0.125]},
			"faces": {
				"north": {"uv": [7.75, 7.125, 7.375, 7.25], "texture": "#1"},
				"east": {"uv": [7.625, 7.125, 7.75, 7.25], "texture": "#1"},
				"south": {"uv": [7.375, 7.125, 7.75, 7.25], "texture": "#1"},
				"west": {"uv": [7.375, 7.125, 7.5, 7.25], "texture": "#1"},
				"up": {"uv": [7.375, 7.25, 7.75, 7.125], "texture": "#1"},
				"down": {"uv": [7.375, 7.25, 7.75, 7.125], "texture": "#1"}
			}
		},
		{
			"from": [8.1, 12.475, 7.4],
			"to": [8.475, 12.6, 7.625],
			"rotation": {"angle": 0, "axis": "y", "origin": [0.375, 3.125, -0.125]},
			"faces": {
				"north": {"uv": [7.875, 7, 7.5, 7.125], "texture": "#1"},
				"east": {"uv": [7.75, 7, 7.875, 7.125], "texture": "#1"},
				"south": {"uv": [7.5, 7, 7.875, 7.125], "texture": "#1"},
				"west": {"uv": [7.5, 7, 7.625, 7.125], "texture": "#1"},
				"up": {"uv": [7.5, 7.125, 7.875, 7], "texture": "#1"},
				"down": {"uv": [7.5, 7.125, 7.875, 7], "texture": "#1"}
			}
		},
		{
			"from": [8.225, 12.6, 7.475],
			"to": [8.475, 12.725, 7.55],
			"rotation": {"angle": 0, "axis": "y", "origin": [0.375, 3.25, -0.125]},
			"faces": {
				"north": {"uv": [7.875, 6.875, 7.625, 7], "texture": "#1"},
				"east": {"uv": [7.75, 6.875, 7.875, 7], "texture": "#1"},
				"south": {"uv": [7.625, 6.875, 7.875, 7], "texture": "#1"},
				"west": {"uv": [7.625, 6.875, 7.75, 7], "texture": "#1"},
				"up": {"uv": [7.625, 7, 7.875, 6.875], "texture": "#1"},
				"down": {"uv": [7.625, 7, 7.875, 6.875], "texture": "#1"}
			}
		},
		{
			"from": [7.575, 11.35, 7.225],
			"to": [8.1, 11.975, 7.8],
			"rotation": {"angle": 0, "axis": "y", "origin": [-0.025, 2.125, -0.125]},
			"faces": {
				"north": {"uv": [7.5, 7.625, 7, 8.25], "texture": "#1"},
				"east": {"uv": [7.375, 7.625, 7.5, 8.25], "texture": "#1"},
				"south": {"uv": [7, 7.625, 7.5, 8.25], "texture": "#1"},
				"west": {"uv": [7, 7.625, 7.125, 8.25], "texture": "#1"},
				"up": {"uv": [7, 7.75, 7.5, 7.625], "texture": "#1"},
				"down": {"uv": [7, 8.25, 7.5, 8.125], "texture": "#1"}
			}
		},
		{
			"from": [6.475, 11.85, 7.25],
			"to": [6.85, 11.975, 7.775],
			"rotation": {"angle": 0, "axis": "y", "origin": [-1.125, 2.5, -0.125]},
			"faces": {
				"north": {"uv": [6.25, 7.625, 5.875, 7.75], "texture": "#1"},
				"east": {"uv": [6.125, 7.625, 6.25, 7.75], "texture": "#1"},
				"south": {"uv": [5.875, 7.625, 6.25, 7.75], "texture": "#1"},
				"west": {"uv": [5.875, 7.625, 6, 7.75], "texture": "#1"},
				"up": {"uv": [5.875, 7.75, 6.25, 7.625], "texture": "#1"},
				"down": {"uv": [5.875, 7.75, 6.25, 7.625], "texture": "#1"}
			}
		},
		{
			"from": [6.35, 12.1, 7.375],
			"to": [6.725, 12.225, 7.65],
			"rotation": {"angle": 0, "axis": "y", "origin": [-1.25, 2.75, -0.125]},
			"faces": {
				"north": {"uv": [6.125, 7.375, 5.75, 7.5], "texture": "#1"},
				"east": {"uv": [6, 7.375, 6.125, 7.5], "texture": "#1"},
				"south": {"uv": [5.75, 7.375, 6.125, 7.5], "texture": "#1"},
				"west": {"uv": [5.75, 7.375, 5.875, 7.5], "texture": "#1"},
				"up": {"uv": [5.75, 7.5, 6.125, 7.375], "texture": "#1"},
				"down": {"uv": [5.75, 7.5, 6.125, 7.375], "texture": "#1"}
			}
		},
		{
			"from": [6.225, 12.225, 7.45],
			"to": [6.475, 12.35, 7.575],
			"rotation": {"angle": 0, "axis": "y", "origin": [-1.25, 2.875, -0.125]},
			"faces": {
				"north": {"uv": [5.875, 7.25, 5.625, 7.375], "texture": "#1"},
				"east": {"uv": [5.75, 7.25, 5.875, 7.375], "texture": "#1"},
				"south": {"uv": [5.625, 7.25, 5.875, 7.375], "texture": "#1"},
				"west": {"uv": [5.625, 7.25, 5.75, 7.375], "texture": "#1"},
				"up": {"uv": [5.625, 7.375, 5.875, 7.25], "texture": "#1"},
				"down": {"uv": [5.625, 7.375, 5.875, 7.25], "texture": "#1"}
			}
		},
		{
			"from": [6.35, 11.975, 7.3],
			"to": [6.85, 12.1, 7.725],
			"rotation": {"angle": 0, "axis": "y", "origin": [-1.25, 2.625, -0.125]},
			"faces": {
				"north": {"uv": [6.25, 7.5, 5.75, 7.625], "texture": "#1"},
				"east": {"uv": [6.125, 7.5, 6.25, 7.625], "texture": "#1"},
				"south": {"uv": [5.75, 7.5, 6.25, 7.625], "texture": "#1"},
				"west": {"uv": [5.75, 7.5, 5.875, 7.625], "texture": "#1"},
				"up": {"uv": [5.75, 7.625, 6.25, 7.5], "texture": "#1"},
				"down": {"uv": [5.75, 7.625, 6.25, 7.5], "texture": "#1"}
			}
		},
		{
			"from": [6.6, 6.85, 7.325],
			"to": [6.975, 12.475, 7.7],
			"rotation": {"angle": 0, "axis": "y", "origin": [-1, -3.875, -0.25]},
			"faces": {
				"north": {"uv": [6.375, 7.125, 6, 12.75], "texture": "#1"},
				"east": {"uv": [5.125, 7.125, 5.5, 12.75], "texture": "#1"},
				"south": {"uv": [6, 7.125, 6.375, 12.75], "texture": "#1"},
				"west": {"uv": [4.25, 7.125, 4.625, 12.75], "texture": "#1"},
				"up": {"uv": [6, 7.25, 6.375, 7.125], "texture": "#1"},
				"down": {"uv": [6, 12.75, 6.375, 12.625], "texture": "#1"}
			}
		},
		{
			"from": [6.475, 9.225, 7.2],
			"to": [7.1, 9.725, 7.825],
			"rotation": {"angle": 0, "axis": "y", "origin": [-1.125, 0.5, -0.125]},
			"faces": {
				"north": {"uv": [6.5, 9.875, 5.875, 10.375], "texture": "#1"},
				"east": {"uv": [5, 9.875, 5.625, 10.375], "texture": "#1"},
				"south": {"uv": [5.875, 9.875, 6.5, 10.375], "texture": "#1"},
				"west": {"uv": [4.125, 9.875, 4.75, 10.375], "texture": "#1"},
				"up": {"uv": [5.875, 10, 6.5, 9.875], "texture": "#1"},
				"down": {"uv": [5.875, 10.375, 6.5, 10.25], "texture": "#1"}
			}
		},
		{
			"from": [6.475, 6.225, 7.2],
			"to": [7.1, 6.85, 7.825],
			"rotation": {"angle": 0, "axis": "y", "origin": [-1.125, -2.625, -0.125]},
			"faces": {
				"north": {"uv": [6.5, 12.75, 5.875, 13.375], "texture": "#1"},
				"east": {"uv": [5, 12.75, 5.625, 13.375], "texture": "#1"},
				"south": {"uv": [5.875, 12.75, 6.5, 13.375], "texture": "#1"},
				"west": {"uv": [4.125, 12.75, 4.75, 13.375], "texture": "#1"},
				"up": {"uv": [5.875, 12.875, 6.5, 12.75], "texture": "#1"},
				"down": {"uv": [5.875, 13.375, 6.5, 13.25], "texture": "#1"}
			}
		},
		{
			"from": [8.1, 3.725, 7.425],
			"to": [8.225, 4.475, 7.6],
			"rotation": {"angle": 0, "axis": "y", "origin": [0.5, -5, -0.25]},
			"faces": {
				"north": {"uv": [7.625, 15.125, 7.5, 15.875], "texture": "#1"},
				"east": {"uv": [7.5, 15.125, 7.625, 15.875], "texture": "#1"},
				"south": {"uv": [7.5, 15.125, 7.625, 15.875], "texture": "#1"},
				"west": {"uv": [7.5, 15.125, 7.625, 15.875], "texture": "#1"},
				"up": {"uv": [7.5, 15.25, 7.625, 15.125], "texture": "#1"},
				"down": {"uv": [7.5, 15.875, 7.625, 15.75], "texture": "#1"}
			}
		},
		{
			"from": [8.225, 4.475, 7.425],
			"to": [8.475, 5.1, 7.6],
			"rotation": {"angle": 0, "axis": "y", "origin": [0.625, -4.25, -0.25]},
			"faces": {
				"north": {"uv": [7.875, 14.5, 7.625, 15.125], "texture": "#1"},
				"east": {"uv": [7.75, 14.5, 7.875, 15.125], "texture": "#1"},
				"south": {"uv": [7.625, 14.5, 7.875, 15.125], "texture": "#1"},
				"west": {"uv": [7.625, 14.5, 7.75, 15.125], "texture": "#1"},
				"up": {"uv": [7.625, 14.625, 7.875, 14.5], "texture": "#1"},
				"down": {"uv": [7.625, 15.125, 7.875, 15], "texture": "#1"}
			}
		},
		{
			"from": [8.225, 3.975, 7.425],
			"to": [8.35, 4.475, 7.6],
			"rotation": {"angle": 0, "axis": "y", "origin": [0.625, -5, -0.25]},
			"faces": {
				"north": {"uv": [7.75, 15.125, 7.625, 15.625], "texture": "#1"},
				"east": {"uv": [7.625, 15.125, 7.75, 15.625], "texture": "#1"},
				"south": {"uv": [7.625, 15.125, 7.75, 15.625], "texture": "#1"},
				"west": {"uv": [7.625, 15.125, 7.75, 15.625], "texture": "#1"},
				"up": {"uv": [7.625, 15.25, 7.75, 15.125], "texture": "#1"},
				"down": {"uv": [7.625, 15.625, 7.75, 15.5], "texture": "#1"}
			}
		},
		{
			"from": [8.35, 5.1, 7.425],
			"to": [8.475, 5.6, 7.6],
			"rotation": {"angle": 0, "axis": "y", "origin": [0.75, -3.875, -0.25]},
			"faces": {
				"north": {"uv": [7.875, 14, 7.75, 14.5], "texture": "#1"},
				"east": {"uv": [7.75, 14, 7.875, 14.5], "texture": "#1"},
				"south": {"uv": [7.75, 14, 7.875, 14.5], "texture": "#1"},
				"west": {"uv": [7.75, 14, 7.875, 14.5], "texture": "#1"},
				"up": {"uv": [7.75, 14.125, 7.875, 14], "texture": "#1"},
				"down": {"uv": [7.75, 14.5, 7.875, 14.375], "texture": "#1"}
			}
		},
		{
			"from": [7.975, 5.975, 7.425],
			"to": [8.35, 6.225, 7.6],
			"rotation": {"angle": 0, "axis": "y", "origin": [0.375, -3, -0.25]},
			"faces": {
				"north": {"uv": [7.75, 13.375, 7.375, 13.625], "texture": "#1"},
				"east": {"uv": [7.625, 13.375, 7.75, 13.625], "texture": "#1"},
				"south": {"uv": [7.375, 13.375, 7.75, 13.625], "texture": "#1"},
				"west": {"uv": [7.375, 13.375, 7.5, 13.625], "texture": "#1"},
				"up": {"uv": [7.375, 13.5, 7.75, 13.375], "texture": "#1"},
				"down": {"uv": [7.375, 13.625, 7.75, 13.5], "texture": "#1"}
			}
		},
		{
			"from": [8.35, 5.6, 7.325],
			"to": [8.475, 6.225, 7.7],
			"rotation": {"angle": 0, "axis": "y", "origin": [0.75, -3.375, -0.25]},
			"faces": {
				"north": {"uv": [7.875, 13.375, 7.75, 14], "texture": "#1"},
				"east": {"uv": [7.75, 13.375, 7.875, 14], "texture": "#1"},
				"south": {"uv": [7.75, 13.375, 7.875, 14], "texture": "#1"},
				"west": {"uv": [7.75, 13.375, 7.875, 14], "texture": "#1"},
				"up": {"uv": [7.75, 13.5, 7.875, 13.375], "texture": "#1"},
				"down": {"uv": [7.75, 14, 7.875, 13.875], "texture": "#1"}
			}
		},
		{
			"from": [7.35, 7.6, 7.475],
			"to": [7.475, 8.475, 7.55],
			"rotation": {"angle": 0, "axis": "y", "origin": [-0.25, -1.75, -0.25]},
			"faces": {
				"north": {"uv": [6.875, 11.125, 6.75, 12], "texture": "#1"},
				"east": {"uv": [6.75, 11.125, 6.875, 12], "texture": "#1"},
				"south": {"uv": [6.75, 11.125, 6.875, 12], "texture": "#1"},
				"west": {"uv": [6.75, 11.125, 6.875, 12], "texture": "#1"},
				"up": {"uv": [6.75, 11.25, 6.875, 11.125], "texture": "#1"},
				"down": {"uv": [6.75, 12, 6.875, 11.875], "texture": "#1"}
			}
		},
		{
			"from": [7.35, 10.725, 7.375],
			"to": [7.475, 11.35, 7.65],
			"rotation": {"angle": 0, "axis": "y", "origin": [-0.25, 1.375, -0.25]},
			"faces": {
				"north": {"uv": [6.875, 8.25, 6.75, 8.875], "texture": "#1"},
				"east": {"uv": [6.75, 8.25, 6.875, 8.875], "texture": "#1"},
				"south": {"uv": [6.75, 8.25, 6.875, 8.875], "texture": "#1"},
				"west": {"uv": [6.75, 8.25, 6.875, 8.875], "texture": "#1"},
				"up": {"uv": [6.75, 8.375, 6.875, 8.25], "texture": "#1"},
				"down": {"uv": [6.75, 8.875, 6.875, 8.75], "texture": "#1"}
			}
		},
		{
			"from": [7.1, 10.725, 7.375],
			"to": [7.225, 11.35, 7.65],
			"rotation": {"angle": 0, "axis": "y", "origin": [-0.5, 1.375, -0.25]},
			"faces": {
				"north": {"uv": [6.625, 8.25, 6.5, 8.875], "texture": "#1"},
				"east": {"uv": [6.5, 8.25, 6.625, 8.875], "texture": "#1"},
				"south": {"uv": [6.5, 8.25, 6.625, 8.875], "texture": "#1"},
				"west": {"uv": [6.5, 8.25, 6.625, 8.875], "texture": "#1"},
				"up": {"uv": [6.5, 8.375, 6.625, 8.25], "texture": "#1"},
				"down": {"uv": [6.5, 8.875, 6.625, 8.75], "texture": "#1"}
			}
		},
		{
			"from": [6.975, 11.35, 7.375],
			"to": [7.1, 11.475, 7.65],
			"rotation": {"angle": 0, "axis": "y", "origin": [-0.625, 1.5, -0.25]},
			"faces": {
				"north": {"uv": [6.5, 8.125, 6.375, 8.25], "texture": "#1"},
				"east": {"uv": [6.375, 8.125, 6.5, 8.25], "texture": "#1"},
				"south": {"uv": [6.375, 8.125, 6.5, 8.25], "texture": "#1"},
				"west": {"uv": [6.375, 8.125, 6.5, 8.25], "texture": "#1"},
				"up": {"uv": [6.375, 8.25, 6.5, 8.125], "texture": "#1"},
				"down": {"uv": [6.375, 8.25, 6.5, 8.125], "texture": "#1"}
			}
		},
		{
			"from": [6.975, 10.6, 7.375],
			"to": [7.1, 10.725, 7.65],
			"rotation": {"angle": 0, "axis": "y", "origin": [-0.625, 0.75, -0.25]},
			"faces": {
				"north": {"uv": [6.5, 8.875, 6.375, 9], "texture": "#1"},
				"east": {"uv": [6.375, 8.875, 6.5, 9], "texture": "#1"},
				"south": {"uv": [6.375, 8.875, 6.5, 9], "texture": "#1"},
				"west": {"uv": [6.375, 8.875, 6.5, 9], "texture": "#1"},
				"up": {"uv": [6.375, 9, 6.5, 8.875], "texture": "#1"},
				"down": {"uv": [6.375, 9, 6.5, 8.875], "texture": "#1"}
			}
		},
		{
			"from": [7.475, 11.35, 7.375],
			"to": [7.6, 11.475, 7.65],
			"rotation": {"angle": 0, "axis": "y", "origin": [-0.125, 1.5, -0.25]},
			"faces": {
				"north": {"uv": [7, 8.125, 6.875, 8.25], "texture": "#1"},
				"east": {"uv": [6.875, 8.125, 7, 8.25], "texture": "#1"},
				"south": {"uv": [6.875, 8.125, 7, 8.25], "texture": "#1"},
				"west": {"uv": [6.875, 8.125, 7, 8.25], "texture": "#1"},
				"up": {"uv": [6.875, 8.25, 7, 8.125], "texture": "#1"},
				"down": {"uv": [6.875, 8.25, 7, 8.125], "texture": "#1"}
			}
		},
		{
			"from": [7.475, 10.6, 7.375],
			"to": [7.6, 10.725, 7.65],
			"rotation": {"angle": 0, "axis": "y", "origin": [-0.125, 0.75, -0.25]},
			"faces": {
				"north": {"uv": [7, 8.875, 6.875, 9], "texture": "#1"},
				"east": {"uv": [6.875, 8.875, 7, 9], "texture": "#1"},
				"south": {"uv": [6.875, 8.875, 7, 9], "texture": "#1"},
				"west": {"uv": [6.875, 8.875, 7, 9], "texture": "#1"},
				"up": {"uv": [6.875, 9, 7, 8.875], "texture": "#1"},
				"down": {"uv": [6.875, 9, 7, 8.875], "texture": "#1"}
			}
		},
		{
			"from": [7.225, 8.225, 7.475],
			"to": [7.35, 8.6, 7.55],
			"rotation": {"angle": 0, "axis": "y", "origin": [-0.375, -1.625, -0.25]},
			"faces": {
				"north": {"uv": [6.75, 11, 6.625, 11.375], "texture": "#1"},
				"east": {"uv": [6.625, 11, 6.75, 11.375], "texture": "#1"},
				"south": {"uv": [6.625, 11, 6.75, 11.375], "texture": "#1"},
				"west": {"uv": [6.625, 11, 6.75, 11.375], "texture": "#1"},
				"up": {"uv": [6.625, 11.125, 6.75, 11], "texture": "#1"},
				"down": {"uv": [6.625, 11.375, 6.75, 11.25], "texture": "#1"}
			}
		},
		{
			"from": [7.225, 7.35, 7.475],
			"to": [7.35, 7.6, 7.55],
			"rotation": {"angle": 0, "axis": "y", "origin": [-0.375, -2.625, -0.25]},
			"faces": {
				"north": {"uv": [6.75, 12, 6.625, 12.25], "texture": "#1"},
				"east": {"uv": [6.625, 12, 6.75, 12.25], "texture": "#1"},
				"south": {"uv": [6.625, 12, 6.75, 12.25], "texture": "#1"},
				"west": {"uv": [6.625, 12, 6.75, 12.25], "texture": "#1"},
				"up": {"uv": [6.625, 12.125, 6.75, 12], "texture": "#1"},
				"down": {"uv": [6.625, 12.25, 6.75, 12.125], "texture": "#1"}
			}
		},
		{
			"from": [7.1, 8.475, 7.475],
			"to": [7.225, 8.85, 7.55],
			"rotation": {"angle": 0, "axis": "y", "origin": [-0.5, -1.375, -0.25]},
			"faces": {
				"north": {"uv": [6.625, 10.75, 6.5, 11.125], "texture": "#1"},
				"east": {"uv": [6.5, 10.75, 6.625, 11.125], "texture": "#1"},
				"south": {"uv": [6.5, 10.75, 6.625, 11.125], "texture": "#1"},
				"west": {"uv": [6.5, 10.75, 6.625, 11.125], "texture": "#1"},
				"up": {"uv": [6.5, 10.875, 6.625, 10.75], "texture": "#1"},
				"down": {"uv": [6.5, 11.125, 6.625, 11], "texture": "#1"}
			}
		},
		{
			"from": [7.225, 8.6, 7.425],
			"to": [7.35, 8.85, 7.625],
			"rotation": {"angle": 0, "axis": "y", "origin": [-0.375, -0.625, -0.25]},
			"faces": {
				"north": {"uv": [6.75, 10.75, 6.625, 11], "texture": "#1"},
				"east": {"uv": [6.625, 10.75, 6.75, 11], "texture": "#1"},
				"south": {"uv": [6.625, 10.75, 6.75, 11], "texture": "#1"},
				"west": {"uv": [6.625, 10.75, 6.75, 11], "texture": "#1"},
				"up": {"uv": [6.625, 10.875, 6.75, 10.75], "texture": "#1"},
				"down": {"uv": [6.625, 11, 6.75, 10.875], "texture": "#1"}
			}
		},
		{
			"from": [7.35, 8.475, 7.4],
			"to": [7.6, 8.975, 7.625],
			"rotation": {"angle": 0, "axis": "y", "origin": [-0.125, -0.5, -0.25]},
			"faces": {
				"north": {"uv": [7, 10.625, 6.75, 11.125], "texture": "#1"},
				"east": {"uv": [6.875, 10.625, 7, 11.125], "texture": "#1"},
				"south": {"uv": [6.75, 10.625, 7, 11.125], "texture": "#1"},
				"west": {"uv": [6.75, 10.625, 6.875, 11.125], "texture": "#1"},
				"up": {"uv": [6.75, 10.75, 7, 10.625], "texture": "#1"},
				"down": {"uv": [6.75, 11.125, 7, 11], "texture": "#1"}
			}
		},
		{
			"from": [8.225, 5.6, 7.325],
			"to": [8.35, 5.975, 7.7],
			"rotation": {"angle": 0, "axis": "y", "origin": [0.625, -3.375, -0.25]},
			"faces": {
				"north": {"uv": [7.75, 13.625, 7.625, 14], "texture": "#1"},
				"east": {"uv": [7.625, 13.625, 7.75, 14], "texture": "#1"},
				"south": {"uv": [7.625, 13.625, 7.75, 14], "texture": "#1"},
				"west": {"uv": [7.625, 13.625, 7.75, 14], "texture": "#1"},
				"up": {"uv": [7.625, 13.75, 7.75, 13.625], "texture": "#1"},
				"down": {"uv": [7.625, 14, 7.75, 13.875], "texture": "#1"}
			}
		},
		{
			"from": [8.475, 5.1, 7.425],
			"to": [8.6, 6.1, 7.6],
			"rotation": {"angle": 0, "axis": "y", "origin": [0.875, -3.875, -0.25]},
			"faces": {
				"north": {"uv": [8, 13.5, 7.875, 14.5], "texture": "#1"},
				"east": {"uv": [7.875, 13.5, 8, 14.5], "texture": "#1"},
				"south": {"uv": [7.875, 13.5, 8, 14.5], "texture": "#1"},
				"west": {"uv": [7.875, 13.5, 8, 14.5], "texture": "#1"},
				"up": {"uv": [7.875, 13.625, 8, 13.5], "texture": "#1"},
				"down": {"uv": [7.875, 14.5, 8, 14.375], "texture": "#1"}
			}
		},
		{
			"from": [8.6, 5.6, 7.475],
			"to": [8.725, 6.35, 7.55],
			"rotation": {"angle": 0, "axis": "y", "origin": [1, -3.625, -0.25]},
			"faces": {
				"north": {"uv": [8.125, 13.25, 8, 14], "texture": "#1"},
				"east": {"uv": [8, 13.25, 8.125, 14], "texture": "#1"},
				"south": {"uv": [8, 13.25, 8.125, 14], "texture": "#1"},
				"west": {"uv": [8, 13.25, 8.125, 14], "texture": "#1"},
				"up": {"uv": [8, 13.375, 8.125, 13.25], "texture": "#1"},
				"down": {"uv": [8, 14, 8.125, 13.875], "texture": "#1"}
			}
		},
		{
			"from": [8.725, 5.35, 7.475],
			"to": [8.85, 5.85, 7.55],
			"rotation": {"angle": 0, "axis": "y", "origin": [1.125, -3.875, -0.25]},
			"faces": {
				"north": {"uv": [8.25, 13.75, 8.125, 14.25], "texture": "#1"},
				"east": {"uv": [8.125, 13.75, 8.25, 14.25], "texture": "#1"},
				"south": {"uv": [8.125, 13.75, 8.25, 14.25], "texture": "#1"},
				"west": {"uv": [8.125, 13.75, 8.25, 14.25], "texture": "#1"},
				"up": {"uv": [8.125, 13.875, 8.25, 13.75], "texture": "#1"},
				"down": {"uv": [8.125, 14.25, 8.25, 14.125], "texture": "#1"}
			}
		},
		{
			"from": [8.475, 6.1, 7.475],
			"to": [8.6, 6.35, 7.55],
			"rotation": {"angle": 0, "axis": "y", "origin": [0.875, -3.125, -0.25]},
			"faces": {
				"north": {"uv": [8, 13.25, 7.875, 13.5], "texture": "#1"},
				"east": {"uv": [7.875, 13.25, 8, 13.5], "texture": "#1"},
				"south": {"uv": [7.875, 13.25, 8, 13.5], "texture": "#1"},
				"west": {"uv": [7.875, 13.25, 8, 13.5], "texture": "#1"},
				"up": {"uv": [7.875, 13.375, 8, 13.25], "texture": "#1"},
				"down": {"uv": [7.875, 13.5, 8, 13.375], "texture": "#1"}
			}
		},
		{
			"from": [8.725, 6.1, 7.475],
			"to": [8.85, 6.225, 7.55],
			"rotation": {"angle": 0, "axis": "y", "origin": [1.125, -3.125, -0.25]},
			"faces": {
				"north": {"uv": [8.25, 13.375, 8.125, 13.5], "texture": "#1"},
				"east": {"uv": [8.125, 13.375, 8.25, 13.5], "texture": "#1"},
				"south": {"uv": [8.125, 13.375, 8.25, 13.5], "texture": "#1"},
				"west": {"uv": [8.125, 13.375, 8.25, 13.5], "texture": "#1"},
				"up": {"uv": [8.125, 13.5, 8.25, 13.375], "texture": "#1"},
				"down": {"uv": [8.125, 13.5, 8.25, 13.375], "texture": "#1"}
			}
		},
		{
			"from": [8.85, 5.225, 7.475],
			"to": [8.975, 5.475, 7.55],
			"rotation": {"angle": 0, "axis": "y", "origin": [1.25, -4, -0.25]},
			"faces": {
				"north": {"uv": [8.375, 14.125, 8.25, 14.375], "texture": "#1"},
				"east": {"uv": [8.25, 14.125, 8.375, 14.375], "texture": "#1"},
				"south": {"uv": [8.25, 14.125, 8.375, 14.375], "texture": "#1"},
				"west": {"uv": [8.25, 14.125, 8.375, 14.375], "texture": "#1"},
				"up": {"uv": [8.25, 14.25, 8.375, 14.125], "texture": "#1"},
				"down": {"uv": [8.25, 14.375, 8.375, 14.25], "texture": "#1"}
			}
		},
		{
			"from": [7.975, 4.475, 7.5],
			"to": [8.35, 5.975, 7.5],
			"rotation": {"angle": 0, "axis": "y", "origin": [0.375, -4, -0.275]},
			"faces": {
				"north": {"uv": [7.75, 13.625, 7.375, 15.125], "texture": "#1"},
				"south": {"uv": [7.375, 13.625, 7.75, 15.125], "texture": "#1"}
			}
		},
		{
			"from": [7.475, 9.225, 7.2],
			"to": [8.1, 9.725, 7.825],
			"rotation": {"angle": 0, "axis": "y", "origin": [-0.125, 0.5, -0.125]},
			"faces": {
				"north": {"uv": [7.5, 9.875, 6.875, 10.375], "texture": "#1"},
				"east": {"uv": [9.375, 9.875, 10, 10.375], "texture": "#1"},
				"south": {"uv": [6.875, 9.875, 7.5, 10.375], "texture": "#1"},
				"west": {"uv": [8.375, 9.875, 9, 10.375], "texture": "#1"},
				"up": {"uv": [6.875, 10, 7.5, 9.875], "texture": "#1"},
				"down": {"uv": [6.875, 10.375, 7.5, 10.25], "texture": "#1"}
			}
		},
		{
			"from": [7.475, 10.475, 7.2],
			"to": [8.1, 10.6, 7.825],
			"rotation": {"angle": 0, "axis": "y", "origin": [-0.125, 1.125, -0.125]},
			"faces": {
				"north": {"uv": [7.5, 9, 6.875, 9.125], "texture": "#1"},
				"east": {"uv": [9.375, 9, 10, 9.125], "texture": "#1"},
				"south": {"uv": [6.875, 9, 7.5, 9.125], "texture": "#1"},
				"west": {"uv": [8.375, 9, 9, 9.125], "texture": "#1"},
				"up": {"uv": [6.875, 9.125, 7.5, 9], "texture": "#1"},
				"down": {"uv": [6.875, 9.125, 7.5, 9], "texture": "#1"}
			}
		},
		{
			"from": [7.475, 12.975, 7.325],
			"to": [7.85, 13.225, 7.7],
			"rotation": {"angle": 0, "axis": "y", "origin": [-0.125, 3.625, -0.25]},
			"faces": {
				"north": {"uv": [7.25, 6.375, 6.875, 6.625], "texture": "#1"},
				"east": {"uv": [9.5, 6.375, 9.875, 6.625], "texture": "#1"},
				"south": {"uv": [6.875, 6.375, 7.25, 6.625], "texture": "#1"},
				"west": {"uv": [8.5, 6.375, 8.875, 6.625], "texture": "#1"},
				"up": {"uv": [6.875, 6.625, 7.25, 6.5], "texture": "#1"},
				"down": {"uv": [6.875, 6.625, 7.25, 6.5], "texture": "#1"}
			}
		},
		{
			"from": [7.35, 13.225, 7.325],
			"to": [7.725, 13.35, 7.7],
			"rotation": {"angle": 0, "axis": "y", "origin": [-0.25, 3.875, -0.25]},
			"faces": {
				"north": {"uv": [7.125, 6.25, 6.75, 6.375], "texture": "#1"},
				"east": {"uv": [9.5, 6.25, 9.875, 6.375], "texture": "#1"},
				"south": {"uv": [6.75, 6.25, 7.125, 6.375], "texture": "#1"},
				"west": {"uv": [8.5, 6.25, 8.875, 6.375], "texture": "#1"},
				"up": {"uv": [6.75, 6.375, 7.125, 6.25], "texture": "#1"},
				"down": {"uv": [6.75, 6.375, 7.125, 6.25], "texture": "#1"}
			}
		},
		{
			"from": [7.225, 13.35, 7.325],
			"to": [7.6, 13.475, 7.7],
			"rotation": {"angle": 0, "axis": "y", "origin": [-0.25, 4, -0.25]},
			"faces": {
				"north": {"uv": [7, 6.125, 6.625, 6.25], "texture": "#1"},
				"east": {"uv": [9.5, 6.125, 9.875, 6.25], "texture": "#1"},
				"south": {"uv": [6.625, 6.125, 7, 6.25], "texture": "#1"},
				"west": {"uv": [8.5, 6.125, 8.875, 6.25], "texture": "#1"},
				"up": {"uv": [6.625, 6.25, 7, 6.125], "texture": "#1"},
				"down": {"uv": [6.625, 6.25, 7, 6.125], "texture": "#1"}
			}
		},
		{
			"from": [7.6, 4.35, 7.325],
			"to": [7.975, 12.975, 7.7],
			"rotation": {"angle": 0, "axis": "y", "origin": [0, -4.375, -0.25]},
			"faces": {
				"north": {"uv": [7.375, 6.625, 7, 15.25], "texture": "#1"},
				"east": {"uv": [9.5, 6.625, 9.875, 15.25], "texture": "#1"},
				"south": {"uv": [7, 6.625, 7.375, 15.25], "texture": "#1"},
				"west": {"uv": [8.5, 6.625, 8.875, 15.25], "texture": "#1"},
				"up": {"uv": [7, 6.75, 7.375, 6.625], "texture": "#1"},
				"down": {"uv": [7, 15.25, 7.375, 15.125], "texture": "#1"}
			}
		}
	],
	"gui_light": "front",
	"display": {
		"thirdperson_righthand": {
			"rotation": [0, -90, 0],
			"translation": [-1.7, -11, 1.25],
			"scale": [2.8, 3, 2.8]
		},
		"thirdperson_lefthand": {
			"rotation": [0, 90, 0],
			"translation": [1.5, -11, 1.25],
			"scale": [2.8, 3, 2.8]
		},
		"firstperson_righthand": {
			"rotation": [55, -90, 60],
			"translation": [-1.75, -6, 1.75],
			"scale": [2, 2, 2]
		},
		"firstperson_lefthand": {
			"rotation": [-65, 90, 60],
			"translation": [-0.75, -6, 1.75],
			"scale": [2, 2, 2]
		},
		"ground": {
			"rotation": [-45, 90, 0],
			"translation": [0, 1.5, 0],
			"scale": [0.6, 0.6, 0.6]
		},
		"gui": {
			"rotation": [0, 0, -45],
			"translation": [-3.5, -4, 0],
			"scale": [1.5, 1.5, 1.5]
		},
		"head": {
			"translation": [0, 9.75, 0]
		},
		"fixed": {
			"rotation": [180, 0, 135],
			"translation": [2, -2.75, -2],
			"scale": [3, 3, 3]
		}
	}
}