{
	"credit": "Made with Blockbench",
	"texture_size": [32, 32],
	"textures": {
		"0": "civilization:item/tools/crucible",
		"particle": "civilization:item/tools/crucible"
	},
	"elements": [
		{
			"from": [8.5, 4, 2],
			"to": [8.51, 32, 15],
			"rotation": {"angle": 0, "axis": "y", "origin": [15, 13, 16]},
			"faces": {
				"east": {"uv": [16, 0, 9.5, 13.5], "texture": "#0"},
				"west": {"uv": [9.5, 0, 16, 13.5], "texture": "#0"}
			}
		},
		{
			"from": [8, 3, 9],
			"to": [9, 6, 10],
			"rotation": {"angle": 22.5, "axis": "x", "origin": [9, 3, 9]},
			"faces": {
				"north": {"uv": [0, 13.5, 0.5, 15], "texture": "#0"},
				"east": {"uv": [0, 13.5, 0.5, 15], "texture": "#0"},
				"south": {"uv": [0, 13.5, 0.5, 15], "texture": "#0"},
				"west": {"uv": [0, 13.5, 0.5, 15], "texture": "#0"},
				"up": {"uv": [0, 13.5, 0.5, 14], "texture": "#0"},
				"down": {"uv": [0, 13.5, 0.5, 15], "texture": "#0"}
			}
		},
		{
			"from": [8, 3, 7],
			"to": [9, 6, 8],
			"rotation": {"angle": -22.5, "axis": "x", "origin": [9, 3, 8]},
			"faces": {
				"north": {"uv": [2, 13.5, 2.5, 15], "texture": "#0"},
				"east": {"uv": [2, 13.5, 2.5, 15], "texture": "#0"},
				"south": {"uv": [2, 13.5, 2.5, 15], "texture": "#0"},
				"west": {"uv": [2, 13.5, 2.5, 15], "texture": "#0"},
				"up": {"uv": [2, 13.5, 2.5, 14], "texture": "#0"},
				"down": {"uv": [2, 13.5, 2.5, 15], "texture": "#0"}
			}
		},
		{
			"from": [7, -1, 7],
			"to": [10, 4, 10],
			"rotation": {"angle": 0, "axis": "y", "origin": [15, 7, 16]},
			"faces": {
				"north": {"uv": [0, 6, 1.5, 8.5], "texture": "#0"},
				"east": {"uv": [0, 6, 1.5, 8.5], "texture": "#0"},
				"south": {"uv": [0, 6, 1.5, 8.5], "texture": "#0"},
				"west": {"uv": [0, 6, 1.5, 8.5], "texture": "#0"},
				"up": {"uv": [0, 6, 1.5, 6.5], "texture": "#0"},
				"down": {"uv": [0, 6, 1.5, 8.5], "texture": "#0"}
			}
		},
		{
			"from": [6, -4, 7],
			"to": [11, -1, 10],
			"rotation": {"angle": 0, "axis": "y", "origin": [15, 4, 16]},
			"faces": {
				"north": {"uv": [1.5, 7, 4, 8.5], "texture": "#0"},
				"east": {"uv": [0, 8.5, 1.5, 10], "texture": "#0"},
				"south": {"uv": [1.5, 7, 4, 8.5], "texture": "#0"},
				"west": {"uv": [0, 8.5, 1.5, 10], "texture": "#0"},
				"up": {"uv": [1.5, 7, 4, 7.5], "texture": "#0"},
				"down": {"uv": [0, 9.5, 1.5, 10], "texture": "#0"}
			}
		},
		{
			"from": [7, -11, 7],
			"to": [10, -4, 10],
			"rotation": {"angle": 0, "axis": "y", "origin": [15, -1, 16]},
			"faces": {
				"north": {"uv": [0, 10, 1.5, 13.5], "texture": "#0"},
				"east": {"uv": [0, 10, 1.5, 13.5], "texture": "#0"},
				"south": {"uv": [0, 10, 1.5, 13.5], "texture": "#0"},
				"west": {"uv": [0, 10, 1.5, 13.5], "texture": "#0"},
				"up": {"uv": [0, 10, 1.5, 13.5], "texture": "#0"},
				"down": {"uv": [0, 10, 1.5, 13.5], "texture": "#0"}
			}
		},
		{
			"from": [6, -16, 6],
			"to": [11, -11, 11],
			"rotation": {"angle": 0, "axis": "y", "origin": [15, -5, 16]},
			"faces": {
				"north": {"uv": [0, 13.5, 2.5, 16], "texture": "#0"},
				"east": {"uv": [0, 13.5, 2.5, 16], "texture": "#0"},
				"south": {"uv": [0, 13.5, 2.5, 16], "texture": "#0"},
				"west": {"uv": [0, 13.5, 2.5, 16], "texture": "#0"},
				"up": {"uv": [0, 13.5, 2.5, 14], "texture": "#0"},
				"down": {"uv": [0.5, 15.5, 2, 16], "texture": "#0"}
			}
		},
		{
			"from": [8, -3, 5],
			"to": [9, -2, 7],
			"rotation": {"angle": 0, "axis": "y", "origin": [8, -2, 6]},
			"faces": {
				"north": {"uv": [0, 6, 0.5, 6.5], "texture": "#0"},
				"east": {"uv": [0, 6.5, 1, 7], "texture": "#0"},
				"south": {"uv": [7.5, 2.5, 8.5, 3], "texture": "#missing"},
				"west": {"uv": [0.5, 6.5, 1.5, 7], "texture": "#0"},
				"up": {"uv": [1, 6, 1.5, 7], "texture": "#0"},
				"down": {"uv": [1, 7, 1.5, 6], "texture": "#0"}
			}
		},
		{
			"from": [8, -1, 5],
			"to": [9, 3, 7],
			"rotation": {"angle": 0, "axis": "y", "origin": [8, 0, 6]},
			"faces": {
				"north": {"uv": [0.5, 6.5, 1, 8.5], "texture": "#0"},
				"east": {"uv": [0, 6.5, 1, 8.5], "texture": "#0"},
				"south": {"uv": [0.5, 6.5, 1.5, 8.5], "texture": "#0"},
				"west": {"uv": [0.5, 6.5, 1.5, 8.5], "texture": "#0"},
				"up": {"uv": [0, 6, 0.5, 7], "texture": "#0"},
				"down": {"uv": [1, 8.5, 1.5, 7.5], "texture": "#0"}
			}
		},
		{
			"from": [8, -1, 3],
			"to": [9, 2, 5],
			"rotation": {"angle": 0, "axis": "y", "origin": [8, 0, 5]},
			"faces": {
				"north": {"uv": [0.5, 6.5, 1, 8], "texture": "#0"},
				"east": {"uv": [0, 6.5, 1, 8], "texture": "#0"},
				"south": {"uv": [0.5, 6.5, 1.5, 8], "texture": "#0"},
				"west": {"uv": [0.5, 6.5, 1.5, 8], "texture": "#0"},
				"up": {"uv": [0.5, 6.5, 1, 7.5], "texture": "#0"},
				"down": {"uv": [0.5, 8, 1, 7], "texture": "#0"}
			}
		},
		{
			"from": [8, -2, 0],
			"to": [9, 1, 3],
			"rotation": {"angle": 0, "axis": "y", "origin": [8, 0, 1]},
			"faces": {
				"north": {"uv": [1, 7, 1.5, 8.5], "texture": "#0"},
				"east": {"uv": [0, 7, 1.5, 8.5], "texture": "#0"},
				"south": {"uv": [0, 7, 0.5, 8.5], "texture": "#0"},
				"west": {"uv": [0, 7, 1.5, 8.5], "texture": "#0"},
				"up": {"uv": [1, 4.5, 1.5, 6], "texture": "#0"},
				"down": {"uv": [0, 4.5, 0.5, 6], "texture": "#0"}
			}
		},
		{
			"from": [8, -1, -1],
			"to": [9, 2, 1],
			"rotation": {"angle": 0, "axis": "y", "origin": [8, 0, 1]},
			"faces": {
				"north": {"uv": [0.5, 6.5, 1, 8], "texture": "#0"},
				"east": {"uv": [0, 6.5, 1, 8], "texture": "#0"},
				"south": {"uv": [1, 6.5, 1.5, 8], "texture": "#0"},
				"west": {"uv": [0.5, 6.5, 1.5, 8], "texture": "#0"},
				"up": {"uv": [0.5, 6.5, 1, 7.5], "texture": "#0"},
				"down": {"uv": [1, 4.5, 1.5, 5.5], "texture": "#0"}
			}
		},
		{
			"from": [8, 2, 0],
			"to": [9, 3, 1],
			"rotation": {"angle": 0, "axis": "y", "origin": [8, 1, 1]},
			"faces": {
				"north": {"uv": [0, 6, 0.5, 6.5], "texture": "#0"},
				"east": {"uv": [0, 6, 0.5, 6.5], "texture": "#0"},
				"south": {"uv": [0, 6, 0.5, 6.5], "texture": "#0"},
				"west": {"uv": [0, 6, 0.5, 6.5], "texture": "#0"},
				"up": {"uv": [0, 6, 0.5, 6.5], "texture": "#0"},
				"down": {"uv": [0, 6, 0.5, 6.5], "texture": "#0"}
			}
		},
		{
			"from": [8, -3, 10],
			"to": [9, -2, 12],
			"rotation": {"angle": 0, "axis": "y", "origin": [8, -2, 11]},
			"faces": {
				"north": {"uv": [0, 6.5, 1, 7], "texture": "#0"},
				"east": {"uv": [0.5, 6.5, 1.5, 7], "texture": "#0"},
				"south": {"uv": [0, 6, 0.5, 6.5], "texture": "#0"},
				"west": {"uv": [0, 6.5, 1, 7], "texture": "#0"},
				"up": {"uv": [0, 7, 0.5, 6], "texture": "#0"},
				"down": {"uv": [0, 6, 0.5, 7], "texture": "#0"}
			}
		},
		{
			"from": [8, -1, 10],
			"to": [9, 3, 12],
			"rotation": {"angle": 0, "axis": "y", "origin": [8, 0, 11]},
			"faces": {
				"north": {"uv": [0, 6.5, 1, 8.5], "texture": "#0"},
				"east": {"uv": [0.5, 6.5, 1.5, 8.5], "texture": "#0"},
				"south": {"uv": [0.5, 6.5, 1, 8.5], "texture": "#0"},
				"west": {"uv": [0, 6.5, 1, 8.5], "texture": "#0"},
				"up": {"uv": [1.5, 4.5, 2, 5.5], "texture": "#0"},
				"down": {"uv": [0, 5, 0.5, 6], "texture": "#0"}
			}
		},
		{
			"from": [8, -1, 12],
			"to": [9, 2, 14],
			"rotation": {"angle": 0, "axis": "y", "origin": [8, 0, 14]},
			"faces": {
				"north": {"uv": [0, 7, 1, 8.5], "texture": "#0"},
				"east": {"uv": [0.5, 6.5, 1.5, 8], "texture": "#0"},
				"south": {"uv": [0.5, 7, 1, 8.5], "texture": "#0"},
				"west": {"uv": [0, 6.5, 1, 8], "texture": "#0"},
				"up": {"uv": [1.5, 4.5, 2, 5.5], "texture": "#0"},
				"down": {"uv": [0.5, 5, 1, 6], "texture": "#0"}
			}
		},
		{
			"from": [8, -2, 14],
			"to": [9, 1, 17],
			"rotation": {"angle": 0, "axis": "y", "origin": [8, 0, 15]},
			"faces": {
				"north": {"uv": [1, 7, 1.5, 8.5], "texture": "#0"},
				"east": {"uv": [0, 7, 1.5, 8.5], "texture": "#0"},
				"south": {"uv": [1, 7, 1.5, 8.5], "texture": "#0"},
				"west": {"uv": [0, 7, 1.5, 8.5], "texture": "#0"},
				"up": {"uv": [1.5, 4.5, 2, 6], "texture": "#0"},
				"down": {"uv": [0, 4.5, 0.5, 6], "texture": "#0"}
			}
		},
		{
			"from": [8, -1, 16],
			"to": [9, 2, 18],
			"rotation": {"angle": 0, "axis": "y", "origin": [8, 0, 18]},
			"faces": {
				"north": {"uv": [0.5, 7, 1, 8.5], "texture": "#0"},
				"east": {"uv": [0.5, 6.5, 1.5, 8], "texture": "#0"},
				"south": {"uv": [1, 7, 1.5, 8.5], "texture": "#0"},
				"west": {"uv": [0.5, 7, 1.5, 8.5], "texture": "#0"},
				"up": {"uv": [1.5, 4.5, 2, 5.5], "texture": "#0"},
				"down": {"uv": [1, 4.5, 1.5, 5.5], "texture": "#0"}
			}
		},
		{
			"from": [8, 2, 16],
			"to": [9, 3, 17],
			"rotation": {"angle": 0, "axis": "y", "origin": [8, 1, 17]},
			"faces": {
				"north": {"uv": [1, 6, 1.5, 6.5], "texture": "#0"},
				"east": {"uv": [1, 6, 1.5, 6.5], "texture": "#0"},
				"south": {"uv": [1, 6, 1.5, 6.5], "texture": "#0"},
				"west": {"uv": [1, 6, 1.5, 6.5], "texture": "#0"},
				"up": {"uv": [1, 6, 1.5, 6.5], "texture": "#0"},
				"down": {"uv": [1, 6, 1.5, 6.5], "texture": "#0"}
			}
		}
	],
	"display": {
		"thirdperson_righthand": {
			"translation": [-0.25, 7.25, 1.5],
			"scale": [0.6, 0.6, 0.6]
		},
		"thirdperson_lefthand": {
			"translation": [-0.25, 7.25, 1.5],
			"scale": [0.6, 0.6, 0.6]
		},
		"firstperson_righthand": {
			"rotation": [4, 11, -9],
			"translation": [0.5, 8, 0.5],
			"scale": [0.6, 0.6, 0.6]
		},
		"firstperson_lefthand": {
			"rotation": [4, 11, -9],
			"translation": [0.5, 8, 0.5],
			"scale": [0.6, 0.6, 0.6]
		},
		"ground": {
			"rotation": [69, 0, -16],
			"translation": [0, 2, 0],
			"scale": [0.28, 0.29, 0.29]
		},
		"gui": {
			"rotation": [56, 147, -58],
			"translation": [-0.15, 0, 0],
			"scale": [0.41, 0.41, 0.41]
		},
		"head": {
			"rotation": [0, 90, 0],
			"translation": [-0.5, 10.25, 0.75]
		},
		"fixed": {
			"rotation": [0, 90, 0],
			"translation": [-0.5, 14.25, -0.5]
		}
	},
	"groups": [
		{
			"name": "handle",
			"origin": [8, 8, 8],
			"color": 0,
			"children": [0, 1, 2, 3, 4, 5, 6]
		},
		{
			"name": "front",
			"origin": [8, 8, 8],
			"color": 0,
			"children": [7, 8, 9, 10, 11, 12]
		},
		{
			"name": "back",
			"origin": [8, 8, 8],
			"color": 0,
			"children": [13, 14, 15, 16, 17, 18]
		}
	]
}