{"model":{"type":"range_dispatch","property":"custom_model_data","fallback":{"type":"minecraft:model","model":"minecraft:item/leather_horse_armor"},"entries":[{"threshold":1,"model":{"type":"minecraft:model","model":"bettermodel:modern_item/concussion_concussionring2_1","tints":[{"type":"minecraft:custom_model_data","default":16777215}]}},{"threshold":2,"model":{"type":"minecraft:model","model":"bettermodel:modern_item/concussion_concussionring3_1","tints":[{"type":"minecraft:custom_model_data","default":16777215}]}},{"threshold":3,"model":{"type":"minecraft:model","model":"bettermodel:modern_item/lr_yeti_torso_1","tints":[{"type":"minecraft:custom_model_data","default":16777215}]}},{"threshold":4,"model":{"type":"minecraft:model","model":"bettermodel:modern_item/lr_yeti_h_head_1","tints":[{"type":"minecraft:custom_model_data","default":16777215}]}},{"threshold":5,"model":{"type":"minecraft:model","model":"bettermodel:modern_item/lr_yeti_h_jaw_1","tints":[{"type":"minecraft:custom_model_data","default":16777215}]}},{"threshold":6,"model":{"type":"minecraft:model","model":"bettermodel:modern_item/lr_yeti_left_arm_1","tints":[{"type":"minecraft:custom_model_data","default":16777215}]}},{"threshold":7,"model":{"type":"minecraft:model","model":"bettermodel:modern_item/lr_yeti_left_forearm_1","tints":[{"type":"minecraft:custom_model_data","default":16777215}]}},{"threshold":8,"model":{"type":"minecraft:model","model":"bettermodel:modern_item/lr_yeti_right_arm_1","tints":[{"type":"minecraft:custom_model_data","default":16777215}]}},{"threshold":9,"model":{"type":"minecraft:model","model":"bettermodel:modern_item/lr_yeti_right_forearm_1","tints":[{"type":"minecraft:custom_model_data","default":16777215}]}},{"threshold":10,"model":{"type":"minecraft:model","model":"bettermodel:modern_item/lr_yeti_left_leg_1","tints":[{"type":"minecraft:custom_model_data","default":16777215}]}},{"threshold":11,"model":{"type":"minecraft:model","model":"bettermodel:modern_item/lr_yeti_left_shin_1","tints":[{"type":"minecraft:custom_model_data","default":16777215}]}},{"threshold":12,"model":{"type":"minecraft:model","model":"bettermodel:modern_item/lr_yeti_left_foot_1","tints":[{"type":"minecraft:custom_model_data","default":16777215}]}},{"threshold":13,"model":{"type":"minecraft:model","model":"bettermodel:modern_item/lr_yeti_right_leg_1","tints":[{"type":"minecraft:custom_model_data","default":16777215}]}},{"threshold":14,"model":{"type":"minecraft:model","model":"bettermodel:modern_item/lr_yeti_right_shin_1","tints":[{"type":"minecraft:custom_model_data","default":16777215}]}},{"threshold":15,"model":{"type":"minecraft:model","model":"bettermodel:modern_item/lr_yeti_right_foot_1","tints":[{"type":"minecraft:custom_model_data","default":16777215}]}},{"threshold":16,"model":{"type":"minecraft:model","model":"bettermodel:modern_item/lr_yeti_necklace_1","tints":[{"type":"minecraft:custom_model_data","default":16777215}]}},{"threshold":17,"model":{"type":"minecraft:model","model":"bettermodel:modern_item/lr_yeti_hitbox_1","tints":[{"type":"minecraft:custom_model_data","default":16777215}]}},{"threshold":18,"model":{"type":"minecraft:model","model":"bettermodel:modern_item/lr_yeti_swipe_snow_1","tints":[{"type":"minecraft:custom_model_data","default":16777215}]}},{"threshold":19,"model":{"type":"minecraft:model","model":"bettermodel:modern_item/lr_yeti_swipe_snow2_1","tints":[{"type":"minecraft:custom_model_data","default":16777215}]}},{"threshold":20,"model":{"type":"minecraft:model","model":"bettermodel:modern_item/lr_yeti_chest_base_1","tints":[{"type":"minecraft:custom_model_data","default":16777215}]}},{"threshold":21,"model":{"type":"minecraft:model","model":"bettermodel:modern_item/lr_yeti_chest_lid_1","tints":[{"type":"minecraft:custom_model_data","default":16777215}]}},{"threshold":22,"model":{"type":"minecraft:model","model":"bettermodel:modern_item/lr_yeti_icespikes_spike_1","tints":[{"type":"minecraft:custom_model_data","default":16777215}]}},{"threshold":23,"model":{"type":"minecraft:model","model":"bettermodel:modern_item/lr_yeti_icespikes_hitbox_1","tints":[{"type":"minecraft:custom_model_data","default":16777215}]}},{"threshold":24,"model":{"type":"minecraft:model","model":"bettermodel:modern_item/lr_yeti_snowball_h_body_1","tints":[{"type":"minecraft:custom_model_data","default":16777215}]}},{"threshold":25,"model":{"type":"minecraft:model","model":"bettermodel:modern_item/lr_yeti_snowball_hitbox_1","tints":[{"type":"minecraft:custom_model_data","default":16777215}]}},{"threshold":26,"model":{"type":"minecraft:model","model":"bettermodel:modern_item/lr_yeti_snowball_parts_body_3_1","tints":[{"type":"minecraft:custom_model_data","default":16777215}]}},{"threshold":27,"model":{"type":"minecraft:model","model":"bettermodel:modern_item/lr_yeti_snowball_parts_body_4_1","tints":[{"type":"minecraft:custom_model_data","default":16777215}]}},{"threshold":28,"model":{"type":"minecraft:model","model":"bettermodel:modern_item/lr_yeti_snowball_parts_body_5_1","tints":[{"type":"minecraft:custom_model_data","default":16777215}]}},{"threshold":29,"model":{"type":"minecraft:model","model":"bettermodel:modern_item/lr_yeti_snowball_parts_swipe_snow_1","tints":[{"type":"minecraft:custom_model_data","default":16777215}]}},{"threshold":30,"model":{"type":"minecraft:model","model":"bettermodel:modern_item/lr_yeti_snowball_parts_swipe_snow2_1","tints":[{"type":"minecraft:custom_model_data","default":16777215}]}},{"threshold":31,"model":{"type":"minecraft:model","model":"bettermodel:modern_item/lr_yeti_snowball_parts_left_forearm_snow_1","tints":[{"type":"minecraft:custom_model_data","default":16777215}]}},{"threshold":32,"model":{"type":"minecraft:model","model":"bettermodel:modern_item/lr_yeti_snowball_parts_torso_1","tints":[{"type":"minecraft:custom_model_data","default":16777215}]}},{"threshold":33,"model":{"type":"minecraft:model","model":"bettermodel:modern_item/lr_yeti_snowball_parts_h_head_1","tints":[{"type":"minecraft:custom_model_data","default":16777215}]}},{"threshold":34,"model":{"type":"minecraft:model","model":"bettermodel:modern_item/lr_yeti_snowball_parts_h_jaw_1","tints":[{"type":"minecraft:custom_model_data","default":16777215}]}},{"threshold":35,"model":{"type":"minecraft:model","model":"bettermodel:modern_item/lr_yeti_snowball_parts_left_arm_1","tints":[{"type":"minecraft:custom_model_data","default":16777215}]}},{"threshold":36,"model":{"type":"minecraft:model","model":"bettermodel:modern_item/lr_yeti_snowball_parts_left_forearm_1","tints":[{"type":"minecraft:custom_model_data","default":16777215}]}},{"threshold":37,"model":{"type":"minecraft:model","model":"bettermodel:modern_item/lr_yeti_snowball_parts_right_arm_1","tints":[{"type":"minecraft:custom_model_data","default":16777215}]}},{"threshold":38,"model":{"type":"minecraft:model","model":"bettermodel:modern_item/lr_yeti_snowball_parts_right_forearm_1","tints":[{"type":"minecraft:custom_model_data","default":16777215}]}},{"threshold":39,"model":{"type":"minecraft:model","model":"bettermodel:modern_item/lr_yeti_snowball_parts_left_leg_1","tints":[{"type":"minecraft:custom_model_data","default":16777215}]}},{"threshold":40,"model":{"type":"minecraft:model","model":"bettermodel:modern_item/lr_yeti_snowball_parts_left_shin_1","tints":[{"type":"minecraft:custom_model_data","default":16777215}]}},{"threshold":41,"model":{"type":"minecraft:model","model":"bettermodel:modern_item/lr_yeti_snowball_parts_left_foot_1","tints":[{"type":"minecraft:custom_model_data","default":16777215}]}},{"threshold":42,"model":{"type":"minecraft:model","model":"bettermodel:modern_item/lr_yeti_snowball_parts_right_leg_1","tints":[{"type":"minecraft:custom_model_data","default":16777215}]}},{"threshold":43,"model":{"type":"minecraft:model","model":"bettermodel:modern_item/lr_yeti_snowball_parts_right_shin_1","tints":[{"type":"minecraft:custom_model_data","default":16777215}]}},{"threshold":44,"model":{"type":"minecraft:model","model":"bettermodel:modern_item/lr_yeti_snowball_parts_right_foot_1","tints":[{"type":"minecraft:custom_model_data","default":16777215}]}},{"threshold":45,"model":{"type":"minecraft:model","model":"bettermodel:modern_item/lr_yeti_snowball_parts_necklace_1","tints":[{"type":"minecraft:custom_model_data","default":16777215}]}},{"threshold":46,"model":{"type":"minecraft:model","model":"bettermodel:modern_item/lr_yeti_snowball_parts_left_forearm_snow_damaged_1","tints":[{"type":"minecraft:custom_model_data","default":16777215}]}}]}}