{
	"format_version": "1.21.6",
	"credit": "Made with Blockbench",
	"textures": {
		"1": "civilization:item/cosmetics/models/villager_wand_beam_1",
		"particle": "civilization:item/cosmetics/models/villager_wand_beam_1"
	},
	"elements": [
		{
			"from": [6.4996, -8, 15.54053],
			"to": [9.4996, 24, 15.54053],
			"faces": {
				"north": {"uv": [4, 0, 4.75, 8], "texture": "#1", "tintindex": 0},
				"south": {"uv": [4.75, 0, 5.5, 8], "texture": "#1", "tintindex": 0}
			}
		},
		{
			"from": [14.39235, -8, 9.27148],
			"to": [14.39235, 24, 12.27148],
			"rotation": {"angle": -22.5, "axis": "y", "origin": [14.39235, -8, 12.27148]},
			"faces": {
				"east": {"uv": [6, 8, 6.75, 16], "texture": "#1", "tintindex": 0},
				"west": {"uv": [6.75, 8, 7.5, 16], "texture": "#1", "tintindex": 0}
			}
		},
		{
			"from": [11.97835, -8, 13.68537],
			"to": [14.97835, 24, 13.68537],
			"rotation": {"angle": 45, "axis": "y", "origin": [12.97835, -7, 13.68537]},
			"faces": {
				"north": {"uv": [7, 0, 7.75, 8], "texture": "#1", "tintindex": 0},
				"south": {"uv": [7.75, 0, 8.5, 8], "texture": "#1", "tintindex": 0}
			}
		},
		{
			"from": [0.4593, -8, 6.50022],
			"to": [0.4593, 24, 9.50022],
			"faces": {
				"east": {"uv": [8.5, 0, 9.25, 8], "texture": "#1", "tintindex": 0},
				"west": {"uv": [9, 8, 9.75, 16], "texture": "#1", "tintindex": 0}
			}
		},
		{
			"from": [3.65184, -8, 14.77516],
			"to": [6.65184, 24, 14.77516],
			"rotation": {"angle": -22.5, "axis": "y", "origin": [4.65184, -7, 14.77516]},
			"faces": {
				"north": {"uv": [0, 8, 0.75, 16], "texture": "#1", "tintindex": 0},
				"south": {"uv": [0.75, 8, 1.5, 16], "texture": "#1", "tintindex": 0}
			}
		},
		{
			"from": [6.50031, -8, 0.45921],
			"to": [9.50031, 24, 0.45921],
			"faces": {
				"north": {"uv": [10, 0, 10.75, 8], "texture": "#1", "tintindex": 0},
				"south": {"uv": [10.5, 8, 11.25, 16], "texture": "#1", "tintindex": 0}
			}
		},
		{
			"from": [1.60735, -8, 3.72858],
			"to": [1.60735, 24, 6.72858],
			"rotation": {"angle": -22.5, "axis": "y", "origin": [1.60735, -8, 3.72858]},
			"faces": {
				"east": {"uv": [7.5, 8, 8.25, 16], "texture": "#1", "tintindex": 0},
				"west": {"uv": [8.25, 8, 9, 16], "texture": "#1", "tintindex": 0}
			}
		},
		{
			"from": [9.34736, -8, 14.77516],
			"to": [12.34736, 24, 14.77516],
			"rotation": {"angle": 22.5, "axis": "y", "origin": [11.34736, -7, 14.77516]},
			"faces": {
				"north": {"uv": [5.5, 0, 6.25, 8], "texture": "#1", "tintindex": 0},
				"south": {"uv": [6.25, 0, 7, 8], "texture": "#1", "tintindex": 0}
			}
		},
		{
			"from": [11.68616, -8, 3.02148],
			"to": [14.68616, 24, 3.02148],
			"rotation": {"angle": -45, "axis": "y", "origin": [13.68616, -7, 3.02148]},
			"faces": {
				"north": {"uv": [11.5, 0, 12.25, 8], "texture": "#1", "tintindex": 0},
				"south": {"uv": [12, 8, 12.75, 16], "texture": "#1", "tintindex": 0}
			}
		},
		{
			"from": [1.02156, -8, 2.31437],
			"to": [4.02156, 24, 2.31437],
			"rotation": {"angle": 45, "axis": "y", "origin": [3.02156, -7, 2.31437]},
			"faces": {
				"north": {"uv": [12.25, 0, 13, 8], "texture": "#1", "tintindex": 0},
				"south": {"uv": [12.75, 8, 13.5, 16], "texture": "#1", "tintindex": 0}
			}
		},
		{
			"from": [14.77503, -8, 3.65285],
			"to": [14.77503, 24, 6.65285],
			"rotation": {"angle": 22.5, "axis": "y", "origin": [14.77503, -8, 4.65285]},
			"faces": {
				"east": {"uv": [4.5, 8, 5.25, 16], "texture": "#1", "tintindex": 0},
				"west": {"uv": [5.25, 8, 6, 16], "texture": "#1", "tintindex": 0}
			}
		},
		{
			"from": [1.22467, -8, 9.34798],
			"to": [1.22467, 24, 12.34798],
			"rotation": {"angle": 22.5, "axis": "y", "origin": [1.22467, -8, 11.34798]},
			"faces": {
				"east": {"uv": [9.25, 0, 10, 8], "texture": "#1", "tintindex": 0},
				"west": {"uv": [9.75, 8, 10.5, 16], "texture": "#1", "tintindex": 0}
			}
		},
		{
			"from": [1.31516, -8, 12.97826],
			"to": [4.31516, 24, 12.97826],
			"rotation": {"angle": -45, "axis": "y", "origin": [2.31516, -7, 12.97826]},
			"faces": {
				"north": {"uv": [1.5, 8, 2.25, 16], "texture": "#1", "tintindex": 0},
				"south": {"uv": [2.25, 8, 3, 16], "texture": "#1", "tintindex": 0}
			}
		},
		{
			"from": [9.34807, -8, 1.22458],
			"to": [12.34807, 24, 1.22458],
			"rotation": {"angle": -22.5, "axis": "y", "origin": [11.34807, -7, 1.22458]},
			"faces": {
				"north": {"uv": [10.75, 0, 11.5, 8], "texture": "#1", "tintindex": 0},
				"south": {"uv": [11.25, 8, 12, 16], "texture": "#1", "tintindex": 0}
			}
		},
		{
			"from": [3.57643, -8, 0.8419],
			"to": [6.57643, 24, 0.8419],
			"rotation": {"angle": 22.5, "axis": "y", "origin": [5.57643, -7, 0.8419]},
			"faces": {
				"north": {"uv": [13, 0, 13.75, 8], "texture": "#1", "tintindex": 0},
				"south": {"uv": [13.5, 8, 14.25, 16], "texture": "#1", "tintindex": 0}
			}
		},
		{
			"from": [15.54032, -8, 6.50022],
			"to": [15.54032, 24, 9.50022],
			"faces": {
				"east": {"uv": [3, 8, 3.75, 16], "texture": "#1", "tintindex": 0},
				"west": {"uv": [3.75, 8, 4.5, 16], "texture": "#1", "tintindex": 0}
			}
		}
	],
	"display": {
		"gui": {
			"rotation": [30, -135, 0]
		}
	}
}