{
	"format_version": "1.21.6",
	"credit": "Made with Blockbench",
	"texture_size": [64, 64],
	"textures": {
		"0": "civilization:item/cosmetics/models/fart_gun",
		"1": "civilization:item/cosmetics/models/fart_gun_anim",
		"particle": "civilization:item/cosmetics/models/fart_gun"
	},
	"elements": [
		{
			"name": "inside",
			"from": [7, 21, 5],
			"to": [9, 23, 11],
			"rotation": {"angle": 0, "axis": "y", "origin": [8, 23.5, -6]},
			"faces": {
				"north": {"uv": [0, 0, 2, 2], "texture": "#1"},
				"east": {"uv": [12, 0, 6, 2], "texture": "#1"},
				"south": {"uv": [3, 0, 5, 2], "texture": "#1"},
				"west": {"uv": [6, 0, 12, 2], "texture": "#1"},
				"up": {"uv": [2, 9, 0, 3], "texture": "#1"},
				"down": {"uv": [5, 3, 3, 9], "texture": "#1"}
			}
		},
		{
			"from": [6.5, 20.5, 4.5],
			"to": [9.5, 23.5, 11.5],
			"rotation": {"angle": 0, "axis": "y", "origin": [8, 23.5, -6]},
			"faces": {
				"north": {"uv": [7.75, 0, 8.5, 0.75], "texture": "#0"},
				"east": {"uv": [8, 5.25, 6.25, 6], "texture": "#0"},
				"south": {"uv": [7.75, 0.75, 8.5, 1.5], "texture": "#0"},
				"west": {"uv": [6.25, 5.25, 8, 6], "texture": "#0"},
				"up": {"uv": [4.75, 8, 4, 6.25], "texture": "#0"},
				"down": {"uv": [0.75, 6.5, 0, 8.25], "texture": "#0"}
			}
		},
		{
			"name": "cube inverted",
			"from": [9.5, 23.5, 11.5],
			"to": [6.5, 20.5, 4.5],
			"rotation": {"angle": 0, "axis": "y", "origin": [8, 23.5, -6]},
			"faces": {
				"north": {"uv": [4.75, 0, 5.5, 0.75], "texture": "#0"},
				"east": {"uv": [3, 0.5, 4.75, 1.25], "texture": "#0"},
				"south": {"uv": [4.75, 0.75, 5.5, 1.5], "texture": "#0"},
				"west": {"uv": [6.25, 4.5, 8, 5.25], "texture": "#0"},
				"up": {"uv": [9, 9.75, 8.25, 8], "texture": "#0"},
				"down": {"uv": [9.25, 0, 8.5, 1.75], "texture": "#0"}
			}
		},
		{
			"from": [6, 15.5, -1.5],
			"to": [10, 19.5, 1.5],
			"rotation": {"angle": 0, "axis": "y", "origin": [8, 17.5, 0.5]},
			"faces": {
				"north": {"uv": [4.75, 7, 5.75, 8], "texture": "#0"},
				"east": {"uv": [8, 6, 7.25, 7], "texture": "#0"},
				"south": {"uv": [2.5, 7.25, 3.5, 8.25], "texture": "#0"},
				"west": {"uv": [7.25, 6, 8, 7], "texture": "#0"},
				"up": {"uv": [8.25, 7.75, 7.25, 7], "texture": "#0"},
				"down": {"uv": [8.5, 1.5, 7.5, 2.25], "texture": "#0"}
			}
		},
		{
			"from": [5, 14.5, -4.5],
			"to": [11, 20.5, -0.5],
			"rotation": {"angle": 0, "axis": "y", "origin": [8, 17.5, -2.5]},
			"faces": {
				"north": {"uv": [0, 5, 1.5, 6.5], "texture": "#0"},
				"east": {"uv": [6.75, 1.5, 5.75, 3], "texture": "#0"},
				"south": {"uv": [5, 3, 6.5, 4.5], "texture": "#0"},
				"west": {"uv": [5.75, 1.5, 6.75, 3], "texture": "#0"},
				"up": {"uv": [6.5, 7, 5, 6], "texture": "#0"},
				"down": {"uv": [4, 6.25, 2.5, 7.25], "texture": "#0"}
			}
		},
		{
			"from": [3, 12.5, -5.5],
			"to": [13, 22.5, -3.5],
			"rotation": {"angle": 0, "axis": "y", "origin": [8, 17.5, -4.5]},
			"faces": {
				"north": {"uv": [0, 0, 2.5, 2.5], "texture": "#0"},
				"east": {"uv": [1.75, 6.5, 1.25, 9], "texture": "#0"},
				"south": {"uv": [0, 2.5, 2.5, 5], "texture": "#0"},
				"west": {"uv": [1.25, 6.5, 1.75, 9], "texture": "#0"},
				"up": {"uv": [9, 3.5, 6.5, 3], "texture": "#0"},
				"down": {"uv": [9, 3.5, 6.5, 4], "texture": "#0"}
			}
		},
		{
			"from": [4, 13.5, -6],
			"to": [12, 21.5, -5],
			"rotation": {"angle": 0, "axis": "y", "origin": [8, 17.5, -5]},
			"faces": {
				"north": {"uv": [12, 8.5, 14.25, 10.75], "texture": "#0"},
				"east": {"uv": [14.25, 8.5, 14.5, 10.75], "texture": "#0"},
				"south": {"uv": [12, 8.5, 14.25, 10.75], "texture": "#0"},
				"west": {"uv": [14.25, 8.5, 14.5, 10.75], "texture": "#0"},
				"up": {"uv": [14.25, 8.5, 12, 8.25], "texture": "#0"},
				"down": {"uv": [14.25, 10.75, 12, 11], "texture": "#0"}
			}
		},
		{
			"from": [5.5, 14, 1.5],
			"to": [10.5, 20, 14.5],
			"rotation": {"angle": 0, "axis": "y", "origin": [8, 18, -5]},
			"faces": {
				"north": {"uv": [5, 4.5, 6.25, 6], "texture": "#0"},
				"east": {"uv": [5.75, 1.5, 2.5, 3], "texture": "#0"},
				"south": {"uv": [5.75, 0, 7, 1.5], "texture": "#0"},
				"west": {"uv": [2.5, 1.5, 5.75, 3], "texture": "#0"},
				"up": {"uv": [3.75, 6.25, 2.5, 3], "texture": "#0"},
				"down": {"uv": [5, 3, 3.75, 6.25], "texture": "#0"}
			}
		},
		{
			"from": [4.5, 16, 4.5],
			"to": [5.5, 17, 10.5],
			"rotation": {"angle": 0, "axis": "y", "origin": [8, 18, -5]},
			"faces": {
				"north": {"uv": [8.25, 7.5, 8.5, 7.75], "texture": "#0"},
				"east": {"uv": [6.5, 4, 8, 4.25], "texture": "#0"},
				"south": {"uv": [8.25, 7.75, 8.5, 8], "texture": "#0"},
				"west": {"uv": [6.5, 4.25, 8, 4.5], "texture": "#0"},
				"up": {"uv": [2.5, 9.75, 2.25, 8.25], "texture": "#0"},
				"down": {"uv": [4.25, 8.25, 4, 9.75], "texture": "#0"}
			}
		},
		{
			"from": [10.5, 16, 4.5],
			"to": [11.5, 17, 10.5],
			"rotation": {"angle": 0, "axis": "y", "origin": [8, 18, -5]},
			"faces": {
				"north": {"uv": [8.5, 7.5, 8.25, 7.75], "texture": "#0"},
				"east": {"uv": [8, 4.25, 6.5, 4.5], "texture": "#0"},
				"south": {"uv": [8.5, 7.75, 8.25, 8], "texture": "#0"},
				"west": {"uv": [8, 4, 6.5, 4.25], "texture": "#0"},
				"up": {"uv": [2.25, 9.75, 2.5, 8.25], "texture": "#0"},
				"down": {"uv": [4, 8.25, 4.25, 9.75], "texture": "#0"}
			}
		},
		{
			"from": [4, 15.5, 10.5],
			"to": [6, 17.5, 11.5],
			"rotation": {"angle": 0, "axis": "y", "origin": [8, 18, -5]},
			"faces": {
				"north": {"uv": [2.5, 0, 3, 0.5], "texture": "#0"},
				"east": {"uv": [2.5, 1, 2.75, 1.5], "texture": "#0"},
				"south": {"uv": [2.5, 0.5, 3, 1], "texture": "#0"},
				"west": {"uv": [2.75, 1, 3, 1.5], "texture": "#0"},
				"up": {"uv": [3.5, 0.25, 3, 0], "texture": "#0"},
				"down": {"uv": [3.5, 0.25, 3, 0.5], "texture": "#0"}
			}
		},
		{
			"from": [6.5, 17.75, 13.25],
			"to": [9.5, 20.75, 18.25],
			"rotation": {"angle": -22.5, "axis": "x", "origin": [8, 19.25, 16.25]},
			"faces": {
				"north": {"uv": [5.75, 7, 6.5, 7.75], "texture": "#0"},
				"east": {"uv": [9.75, 4, 8.5, 4.75], "texture": "#0"},
				"south": {"uv": [8.5, 4.75, 9.25, 5.5], "texture": "#0"},
				"west": {"uv": [8.5, 4, 9.75, 4.75], "texture": "#0"},
				"up": {"uv": [7.25, 7.25, 6.5, 6], "texture": "#0"},
				"down": {"uv": [5, 8.5, 4.25, 9.75], "texture": "#0"}
			}
		},
		{
			"from": [10, 15.5, 10.5],
			"to": [12, 17.5, 11.5],
			"rotation": {"angle": 0, "axis": "y", "origin": [8, 18, -5]},
			"faces": {
				"north": {"uv": [3, 0, 2.5, 0.5], "texture": "#0"},
				"east": {"uv": [3, 1, 2.75, 1.5], "texture": "#0"},
				"south": {"uv": [3, 0.5, 2.5, 1], "texture": "#0"},
				"west": {"uv": [2.75, 1, 2.5, 1.5], "texture": "#0"},
				"up": {"uv": [3, 0.25, 3.5, 0], "texture": "#0"},
				"down": {"uv": [3, 0.25, 3.5, 0.5], "texture": "#0"}
			}
		},
		{
			"from": [7.5, 21.5, 11.5],
			"to": [8.5, 22.5, 13.5],
			"rotation": {"angle": 0, "axis": "y", "origin": [8, 23.5, 1]},
			"faces": {
				"north": {"uv": [8.25, 5.75, 8.5, 6], "texture": "#0"},
				"east": {"uv": [8.5, 6.25, 8, 6.5], "texture": "#0"},
				"south": {"uv": [6.5, 8.25, 6.75, 8.5], "texture": "#0"},
				"west": {"uv": [8, 6.25, 8.5, 6.5], "texture": "#0"},
				"up": {"uv": [6.5, 8.5, 6.25, 8], "texture": "#0"},
				"down": {"uv": [8.25, 6.5, 8, 7], "texture": "#0"}
			}
		},
		{
			"from": [7.5, 19.5, 2.5],
			"to": [8.5, 21.5, 3.5],
			"rotation": {"angle": 0, "axis": "y", "origin": [8, 22.5, 15]},
			"faces": {
				"north": {"uv": [3.5, 8.25, 3.75, 8.75], "texture": "#0"},
				"east": {"uv": [8.5, 5.25, 8.25, 5.75], "texture": "#0"},
				"south": {"uv": [8.25, 4, 8.5, 4.5], "texture": "#0"},
				"west": {"uv": [8.25, 5.25, 8.5, 5.75], "texture": "#0"},
				"up": {"uv": [8.5, 7.25, 8.25, 7], "texture": "#0"},
				"down": {"uv": [8.5, 7.25, 8.25, 7.5], "texture": "#0"}
			}
		},
		{
			"from": [7.5, 21.5, 2.5],
			"to": [8.5, 22.5, 4.5],
			"rotation": {"angle": 0, "axis": "y", "origin": [8, 23.5, 15]},
			"faces": {
				"north": {"uv": [8.25, 6.75, 8.5, 7], "texture": "#0"},
				"east": {"uv": [8.75, 2.75, 8.25, 3], "texture": "#0"},
				"south": {"uv": [7, 8.25, 7.25, 8.5], "texture": "#0"},
				"west": {"uv": [8.25, 2.75, 8.75, 3], "texture": "#0"},
				"up": {"uv": [3.25, 8.75, 3, 8.25], "texture": "#0"},
				"down": {"uv": [3.5, 8.25, 3.25, 8.75], "texture": "#0"}
			}
		},
		{
			"from": [7.5, 19.5, 12.5],
			"to": [8.5, 21.5, 13.5],
			"rotation": {"angle": 0, "axis": "y", "origin": [8, 22.5, 1]},
			"faces": {
				"north": {"uv": [0, 8.25, 0.25, 8.75], "texture": "#0"},
				"east": {"uv": [8.5, 2.25, 8.25, 2.75], "texture": "#0"},
				"south": {"uv": [0.5, 8.25, 0.75, 8.75], "texture": "#0"},
				"west": {"uv": [8.25, 2.25, 8.5, 2.75], "texture": "#0"},
				"up": {"uv": [8.5, 6.75, 8.25, 6.5], "texture": "#0"},
				"down": {"uv": [7, 8.25, 6.75, 8.5], "texture": "#0"}
			}
		},
		{
			"from": [7, 19.5, 12],
			"to": [9, 20.5, 14],
			"rotation": {"angle": 0, "axis": "y", "origin": [8, 22.5, 1]},
			"faces": {
				"north": {"uv": [3, 1.25, 3.5, 1.5], "texture": "#0"},
				"east": {"uv": [3.5, 1.25, 4, 1.5], "texture": "#0"},
				"south": {"uv": [4, 1.25, 4.5, 1.5], "texture": "#0"},
				"west": {"uv": [1.5, 5, 2, 5.25], "texture": "#0"},
				"up": {"uv": [4, 0.5, 3.5, 0], "texture": "#0"},
				"down": {"uv": [4.5, 0, 4, 0.5], "texture": "#0"}
			}
		},
		{
			"from": [7, 19.5, 2],
			"to": [9, 20.5, 4],
			"rotation": {"angle": 0, "axis": "y", "origin": [8, 22.5, -9]},
			"faces": {
				"north": {"uv": [3, 1.25, 3.5, 1.5], "texture": "#0"},
				"east": {"uv": [3.5, 1.25, 4, 1.5], "texture": "#0"},
				"south": {"uv": [4, 1.25, 4.5, 1.5], "texture": "#0"},
				"west": {"uv": [1.5, 5, 2, 5.25], "texture": "#0"},
				"up": {"uv": [4, 0.5, 3.5, 0], "texture": "#0"},
				"down": {"uv": [4.5, 0, 4, 0.5], "texture": "#0"}
			}
		},
		{
			"from": [6.5, 9, 8.5],
			"to": [9.5, 15, 11.5],
			"rotation": {"angle": 22.5, "axis": "x", "origin": [8, 13, 10]},
			"faces": {
				"north": {"uv": [1.75, 6.5, 2.5, 8], "texture": "#0"},
				"east": {"uv": [7.75, 0, 7, 1.5], "texture": "#0"},
				"south": {"uv": [6.75, 1.5, 7.5, 3], "texture": "#0"},
				"west": {"uv": [7, 0, 7.75, 1.5], "texture": "#0"},
				"up": {"uv": [8.25, 3, 7.5, 2.25], "texture": "#0"},
				"down": {"uv": [7.25, 7.5, 6.5, 8.25], "texture": "#0"}
			}
		},
		{
			"from": [7, 11, 2],
			"to": [9, 15, 4],
			"rotation": {"angle": 0, "axis": "y", "origin": [8, 13, 3]},
			"faces": {
				"north": {"uv": [3.5, 7.25, 4, 8.25], "texture": "#0"},
				"east": {"uv": [2.25, 8, 1.75, 9], "texture": "#0"},
				"south": {"uv": [7.75, 7.75, 8.25, 8.75], "texture": "#0"},
				"west": {"uv": [1.75, 8, 2.25, 9], "texture": "#0"},
				"up": {"uv": [5.25, 8.5, 4.75, 8], "texture": "#0"},
				"down": {"uv": [5.75, 8, 5.25, 8.5], "texture": "#0"}
			}
		},
		{
			"from": [7.5, 12.57612, 6.86732],
			"to": [8.5, 15.57612, 8.86732],
			"rotation": {"angle": 0, "axis": "y", "origin": [8, 12.57612, 8.36732]},
			"faces": {
				"north": {"uv": [4.75, 6.25, 5, 7], "texture": "#0"},
				"east": {"uv": [8.5, 4.5, 8, 5.25], "texture": "#0"},
				"south": {"uv": [8, 5.25, 8.25, 6], "texture": "#0"},
				"west": {"uv": [8, 4.5, 8.5, 5.25], "texture": "#0"},
				"up": {"uv": [6, 8.5, 5.75, 8], "texture": "#0"},
				"down": {"uv": [6.25, 8, 6, 8.5], "texture": "#0"}
			}
		}
	],
	"gui_light": "front",
	"display": {
		"thirdperson_righthand": {
			"rotation": [-3.76, -0.42, -1.26],
			"translation": [0, -4.5, 1.5],
			"scale": [0.83047, 0.85, 0.85]
		},
		"thirdperson_lefthand": {
			"rotation": [46.75, 0, 0],
			"translation": [0, -2.75, -2],
			"scale": [0.85, 0.85, 0.85]
		},
		"firstperson_righthand": {
			"translation": [3.5, -6, 0],
			"scale": [0.8, 0.8, 0.8]
		},
		"firstperson_lefthand": {
			"translation": [3.5, -6, 0],
			"scale": [0.8, 0.8, 0.8]
		},
		"ground": {
			"rotation": [9, 0, 50],
			"translation": [4.5, -2, 0],
			"scale": [0.5, 0.5, 0.5]
		},
		"gui": {
			"rotation": [155.1, -53.38, 156.38],
			"translation": [-0.25, -6, 0],
			"scale": [0.61, 0.61, 0.61]
		}
	}
}