{
	"format_version": "1.21.6",
	"credit": "Made with Blockbench",
	"texture_size": [64, 64],
	"textures": {
		"0": "civilization:item/cosmetics/models/flamethrower/flamethrower",
		"1": "civilization:item/cosmetics/models/flamethrower/flamethrower_anim",
		"particle": "civilization:item/cosmetics/models/flamethrower/flamethrower_anim"
	},
	"elements": [
		{
			"from": [6.20711, 15.25, -2.5],
			"to": [9.20711, 18.25, 12.5],
			"rotation": {"angle": 45, "axis": "z", "origin": [8.70711, 16.75, -1]},
			"faces": {
				"north": {"uv": [8.25, 3.5, 9, 4.25], "texture": "#0"},
				"east": {"uv": [2.5, 0, 6.25, 0.75], "texture": "#0"},
				"south": {"uv": [5, 8.25, 5.75, 9], "texture": "#0"},
				"west": {"uv": [3.5, 1.5, 7.25, 2.25], "texture": "#0"},
				"up": {"uv": [4.25, 7.25, 3.5, 3.5], "texture": "#0"},
				"down": {"uv": [5, 3.5, 4.25, 7.25], "texture": "#0"}
			}
		},
		{
			"from": [7, 15.75, -8.5],
			"to": [9, 17.75, 7.5],
			"rotation": {"angle": 45, "axis": "z", "origin": [8, 16.75, -0.5]},
			"faces": {
				"north": {"uv": [2.75, 8.5, 3.25, 9], "texture": "#0"},
				"east": {"uv": [4.5, 0.75, 8.5, 1.25], "texture": "#0"},
				"south": {"uv": [8.75, 0, 9.25, 0.5], "texture": "#0"},
				"west": {"uv": [6, 6, 10, 6.5], "texture": "#0"},
				"up": {"uv": [3.75, 11.25, 3.25, 7.25], "texture": "#0"},
				"down": {"uv": [4.25, 7.25, 3.75, 11.25], "texture": "#0"}
			}
		},
		{
			"from": [8, 9.61612, -4.62609],
			"to": [8, 10.61612, 2.37391],
			"rotation": {"angle": -45, "axis": "x", "origin": [8, 10.75, -3.65642]},
			"faces": {
				"north": {"uv": [0, 0, 0, 0.25], "texture": "#0"},
				"east": {"uv": [6.25, 1.25, 4.5, 1.5], "texture": "#0"},
				"south": {"uv": [0, 0, 0, 0.25], "texture": "#0"},
				"west": {"uv": [4.5, 1.25, 6.25, 1.5], "texture": "#0"},
				"up": {"uv": [0, 1.5, 0, 0], "texture": "#0"},
				"down": {"uv": [0, 0, 0, 1.5], "texture": "#0"}
			}
		},
		{
			"from": [8, 9.19377, -11.96224],
			"to": [8, 10.19377, -2.96224],
			"rotation": {"angle": 22.5, "axis": "x", "origin": [8, 10.68121, -3.07836]},
			"faces": {
				"north": {"uv": [0, 0, 0, 0.25], "texture": "#0"},
				"east": {"uv": [2.25, 3.75, 0, 4], "texture": "#0"},
				"south": {"uv": [0, 0, 0, 0.25], "texture": "#0"},
				"west": {"uv": [0, 3.75, 2.25, 4], "texture": "#0"},
				"up": {"uv": [0, 2.25, 0, 0], "texture": "#0"},
				"down": {"uv": [0, 0, 0, 2.25], "texture": "#0"}
			}
		},
		{
			"from": [8.1, 12.28597, -12.74],
			"to": [8.1, 15.28597, -10.74],
			"rotation": {"angle": -22.5, "axis": "x", "origin": [8.1, 14.28597, -11.74]},
			"faces": {
				"north": {"uv": [0, 0, 0, 0.75], "texture": "#0"},
				"east": {"uv": [6.25, 8.25, 5.75, 9], "texture": "#0"},
				"south": {"uv": [0, 0, 0, 0.75], "texture": "#0"},
				"west": {"uv": [5.75, 8.25, 6.25, 9], "texture": "#0"},
				"up": {"uv": [0, 0.5, 0, 0], "texture": "#0"},
				"down": {"uv": [0, 0, 0, 0.5], "texture": "#0"}
			}
		},
		{
			"from": [8, 14.07403, -13.79865],
			"to": [8, 20.07403, -10.79865],
			"rotation": {"angle": 0, "axis": "y", "origin": [8, 15.57403, -11.79865]},
			"faces": {
				"north": {"uv": [0, 0, 0, 3], "texture": "#1"},
				"east": {"uv": [3, 1, 0, 7], "texture": "#1"},
				"south": {"uv": [0, 0, 0, 3], "texture": "#1"},
				"west": {"uv": [0, 1, 3, 7], "texture": "#1"},
				"up": {"uv": [0, 2, 0, 0], "texture": "#1"},
				"down": {"uv": [0, 0, 0, 2], "texture": "#1"}
			}
		},
		{
			"from": [6.5, 15.25, -10.5],
			"to": [9.5, 18.25, -5.5],
			"rotation": {"angle": -45, "axis": "z", "origin": [8, 16.75, -8]},
			"faces": {
				"north": {"uv": [2, 8.5, 2.75, 9.25], "texture": "#0"},
				"east": {"uv": [1, 3, 2.25, 3.75], "texture": "#0"},
				"south": {"uv": [8.5, 6.5, 9.25, 7.25], "texture": "#0"},
				"west": {"uv": [6.25, 0, 7.5, 0.75], "texture": "#0"},
				"up": {"uv": [8, 6, 7.25, 4.75], "texture": "#0"},
				"down": {"uv": [8.5, 6.5, 7.75, 7.75], "texture": "#0"}
			}
		},
		{
			"from": [9.5, 15.25, -10.5],
			"to": [6.5, 18.25, -5.5],
			"rotation": {"angle": -45, "axis": "z", "origin": [8, 16.75, -8]},
			"faces": {
				"north": {"uv": [2, 8.5, 2.75, 9.25], "texture": "#0"},
				"east": {"uv": [7.5, 0, 6.25, 0.75], "texture": "#0"},
				"south": {"uv": [8.5, 6.5, 9.25, 7.25], "texture": "#0"},
				"west": {"uv": [2.25, 3, 1, 3.75], "texture": "#0"},
				"up": {"uv": [8, 6, 7.25, 4.75], "texture": "#0"},
				"down": {"uv": [7.75, 6.5, 8.5, 7.75], "texture": "#0"}
			}
		},
		{
			"from": [6, 13.5, 1.5],
			"to": [10, 18.5, 10.5],
			"rotation": {"angle": 0, "axis": "y", "origin": [8, 18, -8]},
			"faces": {
				"north": {"uv": [7.25, 1.25, 8.25, 2.5], "texture": "#0"},
				"east": {"uv": [5, 3.5, 7.25, 4.75], "texture": "#0"},
				"south": {"uv": [7.25, 3.5, 8.25, 4.75], "texture": "#0"},
				"west": {"uv": [5, 4.75, 7.25, 6], "texture": "#0"},
				"up": {"uv": [3, 6.25, 2, 4], "texture": "#0"},
				"down": {"uv": [6, 6, 5, 8.25], "texture": "#0"}
			}
		},
		{
			"from": [6.5, 10.5, 0.5],
			"to": [9.5, 13.5, 5.5],
			"rotation": {"angle": 0, "axis": "y", "origin": [8, 13.5, -11]},
			"faces": {
				"north": {"uv": [7.75, 8.5, 8.5, 9.25], "texture": "#0"},
				"east": {"uv": [7.5, 0, 8.75, 0.75], "texture": "#0"},
				"south": {"uv": [8.5, 8.5, 9.25, 9.25], "texture": "#0"},
				"west": {"uv": [7.75, 7.75, 9, 8.5], "texture": "#0"},
				"up": {"uv": [8.75, 6, 8, 4.75], "texture": "#0"},
				"down": {"uv": [9, 1.25, 8.25, 2.5], "texture": "#0"}
			}
		},
		{
			"from": [7, 8.5, 9.5],
			"to": [9, 14.5, 12.5],
			"rotation": {"angle": -45, "axis": "x", "origin": [8, 11.5, 10]},
			"faces": {
				"north": {"uv": [2.5, 0.75, 3, 2.25], "texture": "#0"},
				"east": {"uv": [4.25, 7.25, 5, 8.75], "texture": "#0"},
				"south": {"uv": [3, 4, 3.5, 5.5], "texture": "#0"},
				"west": {"uv": [7, 7.25, 7.75, 8.75], "texture": "#0"},
				"up": {"uv": [0.5, 3.75, 0, 3], "texture": "#0"},
				"down": {"uv": [3.5, 5.5, 3, 6.25], "texture": "#0"}
			}
		},
		{
			"from": [8, 7.94657, 1.7109],
			"to": [8, 14.94657, 11.7109],
			"rotation": {"angle": -22.5, "axis": "x", "origin": [8, 10.69657, 8.2109]},
			"faces": {
				"north": {"uv": [0, 0, 0, 1.5], "texture": "#0"},
				"east": {"uv": [12.25, 1.5, 9.75, 3.25], "texture": "#0"},
				"south": {"uv": [0, 0, 0, 1.5], "texture": "#0"},
				"west": {"uv": [9.75, 1.5, 12.25, 3.25], "texture": "#0"},
				"up": {"uv": [0, 2.5, 0, 0], "texture": "#0"},
				"down": {"uv": [0, 0, 0, 2.5], "texture": "#0"}
			}
		}
	],
	"gui_light": "front",
	"display": {
		"thirdperson_righthand": {
			"rotation": [4, 0, 0],
			"translation": [0, -3.5, 3.25],
			"scale": [0.9, 0.9, 0.9]
		},
		"thirdperson_lefthand": {
			"rotation": [37.75, 0, 0],
			"translation": [0, -3.5, -1.25],
			"scale": [0.9, 0.9, 0.9]
		},
		"firstperson_righthand": {
			"translation": [3.5, -6, 0],
			"scale": [0.8, 0.8, 0.8]
		},
		"firstperson_lefthand": {
			"translation": [3.5, -6, 0],
			"scale": [0.8, 0.8, 0.8]
		},
		"ground": {
			"rotation": [9, 0, 50],
			"translation": [4.5, -2, 0],
			"scale": [0.5, 0.5, 0.5]
		},
		"gui": {
			"rotation": [155.1, -53.38, 156.38],
			"translation": [-3, -5.5, 0],
			"scale": [0.6, 0.6, 0.6]
		}
	}
}