{
	"format_version": "1.9.0",
	"credit": "Made with Blockbench",
	"texture_size": [64, 64],
	"textures": {
		"0": "civilization:item/cosmetics/models/made_in_heaven",
		"1": "civilization:item/cosmetics/models/horse_white",
		"2": "civilization:item/cosmetics/models/redstone_block",
		"3": "civilization:item/cosmetics/models/gold_block",
		"4": "civilization:item/cosmetics/models/clock_00"
	},
	"elements": [
		{
			"name": "Headd",
			"from": [4.4, 27.89036, 3.16269],
			"to": [9.525, 27.99036, 8.96269],
			"rotation": {"angle": 0, "axis": "x", "origin": [7, 19.24655, 4.87966]},
			"faces": {
				"north": {"uv": [9.5, 2, 11.5, 2.25], "texture": "#0"},
				"east": {"uv": [9.5, 2, 11.5, 2.25], "texture": "#0"},
				"south": {"uv": [9.5, 2, 11.5, 2.25], "texture": "#0"},
				"west": {"uv": [9.5, 2, 11.5, 2.25], "texture": "#0"},
				"up": {"uv": [9.5, 2, 11.5, 2.25], "texture": "#0"},
				"down": {"uv": [9.5, 2, 11.5, 2.25], "texture": "#0"}
			}
		},
		{
			"name": "Headd",
			"from": [5.18616, 28.05528, 3.14526],
			"to": [10.31116, 28.15528, 8.94526],
			"rotation": {"angle": 0, "axis": "x", "origin": [7, 19.24655, 4.87966]},
			"faces": {
				"north": {"uv": [9.5, 2, 11.5, 2.25], "texture": "#0"},
				"east": {"uv": [9.5, 2, 11.5, 2.25], "texture": "#0"},
				"south": {"uv": [9.5, 2, 11.5, 2.25], "texture": "#0"},
				"west": {"uv": [9.5, 2, 11.5, 2.25], "texture": "#0"},
				"up": {"uv": [9.5, 2, 11.5, 2.25], "texture": "#0"},
				"down": {"uv": [9.5, 2, 11.5, 2.25], "texture": "#0"}
			}
		},
		{
			"name": "Headd",
			"from": [4.4, 28.28884, 3.12783],
			"to": [9.525, 28.38884, 8.92783],
			"rotation": {"angle": 0, "axis": "x", "origin": [7, 19.24655, 4.87966]},
			"faces": {
				"north": {"uv": [9.5, 2, 11.5, 2.25], "texture": "#0"},
				"east": {"uv": [9.5, 2, 11.5, 2.25], "texture": "#0"},
				"south": {"uv": [9.5, 2, 11.5, 2.25], "texture": "#0"},
				"west": {"uv": [9.5, 2, 11.5, 2.25], "texture": "#0"},
				"up": {"uv": [9.5, 2, 11.5, 2.25], "texture": "#0"},
				"down": {"uv": [9.5, 2, 11.5, 2.25], "texture": "#0"}
			}
		},
		{
			"name": "Headd",
			"from": [4.4, 28.48808, 3.11039],
			"to": [9.525, 28.58808, 8.91039],
			"rotation": {"angle": 0, "axis": "x", "origin": [7, 19.24655, 4.87966]},
			"faces": {
				"north": {"uv": [9.5, 2, 11.5, 2.25], "texture": "#0"},
				"east": {"uv": [9.5, 2, 11.5, 2.25], "texture": "#0"},
				"south": {"uv": [9.5, 2, 11.5, 2.25], "texture": "#0"},
				"west": {"uv": [9.5, 2, 11.5, 2.25], "texture": "#0"},
				"up": {"uv": [9.5, 2, 11.5, 2.25], "texture": "#0"},
				"down": {"uv": [9.5, 2, 11.5, 2.25], "texture": "#0"}
			}
		},
		{
			"name": "Headd",
			"from": [5.15143, 28.65451, 3.09296],
			"to": [10.27643, 28.75451, 8.89296],
			"rotation": {"angle": 0, "axis": "x", "origin": [7, 19.24655, 4.87966]},
			"faces": {
				"north": {"uv": [9.5, 2, 11.5, 2.25], "texture": "#0"},
				"east": {"uv": [9.5, 2, 11.5, 2.25], "texture": "#0"},
				"south": {"uv": [9.5, 2, 11.5, 2.25], "texture": "#0"},
				"west": {"uv": [9.5, 2, 11.5, 2.25], "texture": "#0"},
				"up": {"uv": [9.5, 2, 11.5, 2.25], "texture": "#0"},
				"down": {"uv": [9.5, 2, 11.5, 2.25], "texture": "#0"}
			}
		},
		{
			"name": "Headd",
			"from": [3.54438, 28.8492, 3.07553],
			"to": [8.66938, 28.9492, 8.87553],
			"rotation": {"angle": 0, "axis": "x", "origin": [7, 19.24655, 4.87966]},
			"faces": {
				"north": {"uv": [9.5, 2, 11.5, 2.25], "texture": "#0"},
				"east": {"uv": [9.5, 2, 11.5, 2.25], "texture": "#0"},
				"south": {"uv": [9.5, 2, 11.5, 2.25], "texture": "#0"},
				"west": {"uv": [9.5, 2, 11.5, 2.25], "texture": "#0"},
				"up": {"uv": [9.5, 2, 11.5, 2.25], "texture": "#0"},
				"down": {"uv": [9.5, 2, 11.5, 2.25], "texture": "#0"}
			}
		},
		{
			"name": "Headd",
			"from": [5, 24.09036, 3.23769],
			"to": [8.925, 29.29036, 8.86269],
			"rotation": {"angle": 0, "axis": "x", "origin": [7, 19.24655, 4.87966]},
			"faces": {
				"north": {"uv": [2.25, 2, 3.75, 3.5], "texture": "#0"},
				"east": {"uv": [0, 2, 2, 4], "texture": "#0"},
				"south": {"uv": [6, 2, 8, 4], "texture": "#0"},
				"west": {"uv": [4, 2, 6, 4], "texture": "#0"},
				"up": {"uv": [4, 2, 2, 0], "texture": "#0"},
				"down": {"uv": [6, 0, 4, 2], "texture": "#0"}
			}
		},
		{
			"name": "Headd",
			"from": [4.5, 28.09036, 3.23769],
			"to": [9.425, 29.29036, 8.86269],
			"rotation": {"angle": 0, "axis": "x", "origin": [7, 19.24655, 4.87966]},
			"faces": {
				"north": {"uv": [2.25, 0.25, 3.75, 1.75], "texture": "#0"},
				"east": {"uv": [4, 2, 2, 0], "texture": "#0"},
				"south": {"uv": [6, 2, 8, 4], "texture": "#0"},
				"west": {"uv": [4, 2, 2, 0], "texture": "#0"},
				"up": {"uv": [4, 2, 2, 0], "texture": "#0"},
				"down": {"uv": [6, 0, 4, 2], "texture": "#0"}
			}
		},
		{
			"name": "Headd",
			"from": [8.9, 24.09036, 3.23769],
			"to": [9.425, 28.09036, 8.86269],
			"rotation": {"angle": 0, "axis": "x", "origin": [7, 19.24655, 4.87966]},
			"faces": {
				"north": {"uv": [2.25, 3.5, 3.75, 3.75], "texture": "#0"},
				"east": {"uv": [0, 2, 2, 4], "texture": "#0"},
				"south": {"uv": [6, 2, 8, 4], "texture": "#0"},
				"west": {"uv": [4, 2, 6, 4], "texture": "#0"},
				"up": {"uv": [4, 2, 2, 0], "texture": "#0"},
				"down": {"uv": [6, 0, 4, 2], "texture": "#0"}
			}
		},
		{
			"name": "Headd",
			"from": [4.55, 24.09036, 3.06269],
			"to": [5.075, 28.29036, 8.68769],
			"rotation": {"angle": 0, "axis": "x", "origin": [2.65, 19.24655, 4.70466]},
			"faces": {
				"north": {"uv": [2.25, 3.5, 3.75, 3.75], "texture": "#0"},
				"east": {"uv": [0, 2, 2, 4], "texture": "#0"},
				"south": {"uv": [6, 2, 8, 4], "texture": "#0"},
				"west": {"uv": [4, 2, 6, 4], "texture": "#0"},
				"up": {"uv": [4, 2, 2, 0], "texture": "#0"},
				"down": {"uv": [6, 0, 4, 2], "texture": "#0"}
			}
		},
		{
			"name": "Headd",
			"from": [4.075, 24.69036, 6.06269],
			"to": [4.525, 27.34036, 7.46269],
			"rotation": {"angle": 0, "axis": "x", "origin": [7, 19.24655, 4.87966]},
			"faces": {
				"north": {"uv": [5, 2.75, 5.5, 3.75], "texture": "#0"},
				"east": {"uv": [5, 2.75, 5.5, 3.75], "texture": "#0"},
				"south": {"uv": [5, 2.75, 5.5, 3.75], "texture": "#0"},
				"west": {"uv": [5, 2.75, 5.5, 3.75], "texture": "#0"},
				"up": {"uv": [5, 2.75, 5.5, 3.75], "texture": "#0"},
				"down": {"uv": [5, 2.75, 5.5, 3.75], "texture": "#0"}
			}
		},
		{
			"name": "Headd",
			"from": [4.075, 25.36536, 5.36269],
			"to": [4.525, 26.69036, 8.16269],
			"rotation": {"angle": 0, "axis": "x", "origin": [7, 19.24655, 4.87966]},
			"faces": {
				"north": {"uv": [5, 2.75, 5.5, 3.75], "texture": "#0"},
				"east": {"uv": [5, 2.75, 5.5, 3.75], "texture": "#0"},
				"south": {"uv": [5, 2.75, 5.5, 3.75], "texture": "#0"},
				"west": {"uv": [5, 2.75, 5.5, 3.75], "texture": "#0"},
				"up": {"uv": [5, 2.75, 5.5, 3.75], "texture": "#0"},
				"down": {"uv": [5, 2.75, 5.5, 3.75], "texture": "#0"}
			}
		},
		{
			"name": "Headd",
			"from": [9.475, 24.71309, 6.0356],
			"to": [9.925, 27.36309, 7.4356],
			"rotation": {"angle": 0, "axis": "x", "origin": [7, 19.24655, 4.87966]},
			"faces": {
				"north": {"uv": [5.5, 2.75, 5, 3.75], "texture": "#0"},
				"east": {"uv": [5.5, 2.75, 5, 3.75], "texture": "#0"},
				"south": {"uv": [5.5, 2.75, 5, 3.75], "texture": "#0"},
				"west": {"uv": [5.5, 2.75, 5, 3.75], "texture": "#0"},
				"up": {"uv": [5.5, 2.75, 5, 3.75], "texture": "#0"},
				"down": {"uv": [5.5, 2.75, 5, 3.75], "texture": "#0"}
			}
		},
		{
			"name": "Headd",
			"from": [9.475, 25.38809, 5.3356],
			"to": [9.925, 26.71309, 8.1356],
			"rotation": {"angle": 0, "axis": "x", "origin": [7, 19.24655, 4.87966]},
			"faces": {
				"north": {"uv": [5.5, 2.75, 5, 3.75], "texture": "#0"},
				"east": {"uv": [5.5, 2.75, 5, 3.75], "texture": "#0"},
				"south": {"uv": [5.5, 2.75, 5, 3.75], "texture": "#0"},
				"west": {"uv": [5.5, 2.75, 5, 3.75], "texture": "#0"},
				"up": {"uv": [5.5, 2.75, 5, 3.75], "texture": "#0"},
				"down": {"uv": [5.5, 2.75, 5, 3.75], "texture": "#0"}
			}
		},
		{
			"name": "LeftLeg",
			"from": [6.65018, 13.65321, 11.50839],
			"to": [7.45018, 19.05321, 12.50839],
			"rotation": {"angle": 0, "axis": "x", "origin": [13.25, 9.34655, 12.47966]},
			"faces": {
				"north": {"uv": [2.75, 0.5, 1.75, 3.5], "texture": "#3"},
				"east": {"uv": [2.75, 0.5, 1.75, 3.5], "texture": "#3"},
				"south": {"uv": [2.75, 0.5, 1.75, 3.5], "texture": "#3"},
				"west": {"uv": [2.75, 0.5, 1.75, 3.5], "texture": "#3"},
				"up": {"uv": [2.75, 0.5, 1.75, 3.5], "texture": "#3"},
				"down": {"uv": [2.75, 0.5, 1.75, 3.5], "texture": "#3"}
			}
		},
		{
			"name": "Headd",
			"from": [5.95, 21.70102, 3.30672],
			"to": [8.075, 24.20102, 8.90672],
			"rotation": {"angle": 0, "axis": "x", "origin": [7, 19.24655, 4.87966]},
			"faces": {
				"north": {"uv": [2, 3.5, 4, 4], "texture": "#0"},
				"east": {"uv": [2, 3.5, 4, 4], "texture": "#0"},
				"south": {"uv": [2, 3.5, 4, 4], "texture": "#0"},
				"west": {"uv": [2, 3.5, 4, 4], "texture": "#0"},
				"up": {"uv": [2, 3.5, 4, 4], "texture": "#0"},
				"down": {"uv": [2, 3.5, 4, 4], "texture": "#0"}
			}
		},
		{
			"name": "Headd",
			"from": [6.55, 22.67602, 3.25672],
			"to": [7.575, 22.77602, 8.10672],
			"rotation": {"angle": 0, "axis": "x", "origin": [7, 19.17155, 4.87966]},
			"faces": {
				"north": {"uv": [2, 1.25, 4, 1.75], "texture": "#0"},
				"east": {"uv": [2, 1.25, 4, 1.75], "texture": "#0"},
				"south": {"uv": [2, 1.25, 4, 1.75], "texture": "#0"},
				"west": {"uv": [2, 1.25, 4, 1.75], "texture": "#0"},
				"up": {"uv": [2, 1.25, 4, 1.75], "texture": "#0"},
				"down": {"uv": [2, 1.25, 4, 1.75], "texture": "#0"}
			}
		},
		{
			"name": "Headd",
			"from": [6.85, 22.45102, 3.25672],
			"to": [7.3, 22.50102, 8.10672],
			"rotation": {"angle": 0, "axis": "x", "origin": [7, 18.89655, 4.87966]},
			"faces": {
				"north": {"uv": [2, 1.25, 4, 1.75], "texture": "#0"},
				"east": {"uv": [2, 1.25, 4, 1.75], "texture": "#0"},
				"south": {"uv": [2, 1.25, 4, 1.75], "texture": "#0"},
				"west": {"uv": [2, 1.25, 4, 1.75], "texture": "#0"},
				"up": {"uv": [2, 1.25, 4, 1.75], "texture": "#0"},
				"down": {"uv": [2, 1.25, 4, 1.75], "texture": "#0"}
			}
		},
		{
			"name": "Headd",
			"from": [5.4, 23.10102, 3.30672],
			"to": [8.625, 24.20102, 8.90672],
			"rotation": {"angle": 0, "axis": "x", "origin": [7, 19.24655, 4.87966]},
			"faces": {
				"north": {"uv": [2, 3.5, 4, 4], "texture": "#0"},
				"east": {"uv": [2, 3.5, 4, 4], "texture": "#0"},
				"south": {"uv": [2, 3.5, 4, 4], "texture": "#0"},
				"west": {"uv": [2, 3.5, 4, 4], "texture": "#0"},
				"up": {"uv": [2, 3.5, 4, 4], "texture": "#0"},
				"down": {"uv": [2, 3.5, 4, 4], "texture": "#0"}
			}
		},
		{
			"name": "Headd",
			"from": [5.75321, 21.95392, 3.26269],
			"to": [6.67821, 24.65392, 8.86269],
			"rotation": {"angle": 0, "axis": "x", "origin": [7, 19.24655, 4.87966]},
			"faces": {
				"north": {"uv": [2.25, 3.5, 3.75, 4], "texture": "#0"},
				"east": {"uv": [2, 3.5, 4, 4], "texture": "#0"},
				"south": {"uv": [2, 3.5, 4, 4], "texture": "#0"},
				"west": {"uv": [2, 3.5, 4, 4], "texture": "#0"},
				"up": {"uv": [2, 3.5, 4, 4], "texture": "#0"},
				"down": {"uv": [2, 3.5, 4, 4], "texture": "#0"}
			}
		},
		{
			"name": "Headd",
			"from": [7.32179, 21.95392, 3.26269],
			"to": [8.24679, 24.65392, 8.86269],
			"rotation": {"angle": 0, "axis": "x", "origin": [7, 19.24655, 4.87966]},
			"faces": {
				"north": {"uv": [3.75, 3.5, 2.25, 4], "texture": "#0"},
				"east": {"uv": [4, 3.5, 2, 4], "texture": "#0"},
				"south": {"uv": [4, 3.5, 2, 4], "texture": "#0"},
				"west": {"uv": [4, 3.5, 2, 4], "texture": "#0"},
				"up": {"uv": [4, 3.5, 2, 4], "texture": "#0"},
				"down": {"uv": [4, 3.5, 2, 4], "texture": "#0"}
			}
		},
		{
			"name": "Body",
			"from": [6.05, 24.72022, 3.17043],
			"to": [7.975, 26.79522, 3.27043],
			"rotation": {"angle": 0, "axis": "x", "origin": [7, 19.24655, 4.87966]},
			"faces": {
				"north": {"uv": [0, 0, 16, 16], "texture": "#4"},
				"east": {"uv": [0.5, 0.75, 3.5, 3.25], "texture": "#4"},
				"south": {"uv": [0.5, 0.75, 3.5, 3.25], "texture": "#4"},
				"west": {"uv": [0.5, 0.75, 3.5, 3.25], "texture": "#4"},
				"up": {"uv": [0.5, 0.75, 3.5, 3.25], "texture": "#4"},
				"down": {"uv": [0.5, 0.75, 3.5, 3.25], "texture": "#4"}
			}
		},
		{
			"name": "Body",
			"from": [3.02383, 19.07307, 4.90528],
			"to": [8.12383, 22.57307, 8.70528],
			"rotation": {"angle": 0, "axis": "x", "origin": [7, 19.24655, 4.87966]},
			"faces": {
				"north": {"uv": [7, 5, 5, 8], "texture": "#0"},
				"east": {"uv": [8, 5, 7, 8], "texture": "#0"},
				"south": {"uv": [10, 5, 8, 8], "texture": "#0"},
				"west": {"uv": [5, 5, 4, 8], "texture": "#0"},
				"up": {"uv": [5, 5, 7, 4], "texture": "#0"},
				"down": {"uv": [7, 4, 9, 5], "texture": "#0"}
			}
		},
		{
			"name": "Body",
			"from": [5.87617, 19.07307, 4.90528],
			"to": [10.97617, 22.57307, 8.70528],
			"rotation": {"angle": 0, "axis": "x", "origin": [6.9, 19.24655, 4.87966]},
			"faces": {
				"north": {"uv": [5, 5, 7, 8], "texture": "#0"},
				"east": {"uv": [4, 5, 5, 8], "texture": "#0"},
				"south": {"uv": [8, 5, 10, 8], "texture": "#0"},
				"west": {"uv": [7, 5, 8, 8], "texture": "#0"},
				"up": {"uv": [7, 5, 5, 4], "texture": "#0"},
				"down": {"uv": [9, 4, 7, 5], "texture": "#0"}
			}
		},
		{
			"name": "Body",
			"from": [3.4, 7.859, 4.90528],
			"to": [6.9, 21.959, 8.60528],
			"rotation": {"angle": 0, "axis": "x", "origin": [7, 19.24655, 4.87966]},
			"faces": {
				"north": {"uv": [5, 5, 7, 8], "texture": "#0"},
				"east": {"uv": [4, 5, 5, 8], "texture": "#0"},
				"south": {"uv": [8, 5, 10, 8], "texture": "#0"},
				"west": {"uv": [7, 5, 8, 8], "texture": "#0"},
				"up": {"uv": [7, 5, 5, 4], "texture": "#0"},
				"down": {"uv": [9, 4, 7, 5], "texture": "#0"}
			}
		},
		{
			"name": "Body",
			"from": [6.9, 7.859, 4.90528],
			"to": [7.2, 21.959, 8.45528],
			"rotation": {"angle": 0, "axis": "x", "origin": [7, 19.24655, 4.87966]},
			"faces": {
				"north": {"uv": [5, 5, 7, 8], "texture": "#0"},
				"east": {"uv": [4, 5, 5, 8], "texture": "#0"},
				"south": {"uv": [8, 5, 10, 8], "texture": "#0"},
				"west": {"uv": [7, 5, 8, 8], "texture": "#0"},
				"up": {"uv": [7, 5, 5, 4], "texture": "#0"},
				"down": {"uv": [9, 4, 7, 5], "texture": "#0"}
			}
		},
		{
			"name": "Body",
			"from": [6.9, 7.859, 4.90528],
			"to": [7.2, 10.659, 8.50528],
			"rotation": {"angle": 0, "axis": "x", "origin": [7, 19.24655, 4.87966]},
			"faces": {
				"north": {"uv": [5, 5, 7, 8], "texture": "#0"},
				"east": {"uv": [4, 5, 5, 8], "texture": "#0"},
				"south": {"uv": [8, 5, 10, 8], "texture": "#0"},
				"west": {"uv": [7, 5, 8, 8], "texture": "#0"},
				"up": {"uv": [7, 5, 5, 4], "texture": "#0"},
				"down": {"uv": [9, 4, 7, 5], "texture": "#0"}
			}
		},
		{
			"name": "Body",
			"from": [7.2, 7.859, 4.90528],
			"to": [10.6, 21.959, 8.60528],
			"rotation": {"angle": 0, "axis": "x", "origin": [7, 19.24655, 4.87966]},
			"faces": {
				"north": {"uv": [5, 5, 7, 8], "texture": "#0"},
				"east": {"uv": [4, 5, 5, 8], "texture": "#0"},
				"south": {"uv": [8, 5, 10, 8], "texture": "#0"},
				"west": {"uv": [7, 5, 8, 8], "texture": "#0"},
				"up": {"uv": [7, 5, 5, 4], "texture": "#0"},
				"down": {"uv": [9, 4, 7, 5], "texture": "#0"}
			}
		},
		{
			"name": "Body",
			"from": [7.025, 18.259, 4.60528],
			"to": [10.65, 21.259, 4.90528],
			"rotation": {"angle": 0, "axis": "x", "origin": [7, 19.24655, 4.87966]},
			"faces": {
				"north": {"uv": [5, 5, 7, 8], "texture": "#0"},
				"east": {"uv": [4, 5, 5, 8], "texture": "#0"},
				"south": {"uv": [8, 5, 10, 8], "texture": "#0"},
				"west": {"uv": [7, 5, 8, 8], "texture": "#0"},
				"up": {"uv": [7, 5, 5, 4], "texture": "#0"},
				"down": {"uv": [9, 4, 7, 5], "texture": "#0"}
			}
		},
		{
			"name": "Body",
			"from": [3.325, 18.309, 4.60528],
			"to": [6.95, 21.259, 4.90528],
			"rotation": {"angle": 0, "axis": "x", "origin": [7, 19.24655, 4.87966]},
			"faces": {
				"north": {"uv": [5, 5, 7, 8], "texture": "#0"},
				"east": {"uv": [4, 5, 5, 8], "texture": "#0"},
				"south": {"uv": [8, 5, 10, 8], "texture": "#0"},
				"west": {"uv": [7, 5, 8, 8], "texture": "#0"},
				"up": {"uv": [7, 5, 5, 4], "texture": "#0"},
				"down": {"uv": [9, 4, 7, 5], "texture": "#0"}
			}
		},
		{
			"name": "Body",
			"from": [3.8, 15.759, 4.60528],
			"to": [6.7, 17.659, 4.90528],
			"rotation": {"angle": 0, "axis": "x", "origin": [7, 19.24655, 4.87966]},
			"faces": {
				"north": {"uv": [5, 5, 7, 8], "texture": "#0"},
				"east": {"uv": [4, 5, 5, 8], "texture": "#0"},
				"south": {"uv": [8, 5, 10, 8], "texture": "#0"},
				"west": {"uv": [7, 5, 8, 8], "texture": "#0"},
				"up": {"uv": [7, 5, 5, 4], "texture": "#0"},
				"down": {"uv": [9, 4, 7, 5], "texture": "#0"}
			}
		},
		{
			"name": "Body",
			"from": [7.2, 15.759, 4.60528],
			"to": [10.1, 17.659, 4.90528],
			"rotation": {"angle": 0, "axis": "x", "origin": [7, 19.24655, 4.87966]},
			"faces": {
				"north": {"uv": [5, 5, 7, 8], "texture": "#0"},
				"east": {"uv": [4, 5, 5, 8], "texture": "#0"},
				"south": {"uv": [8, 5, 10, 8], "texture": "#0"},
				"west": {"uv": [7, 5, 8, 8], "texture": "#0"},
				"up": {"uv": [7, 5, 5, 4], "texture": "#0"},
				"down": {"uv": [9, 4, 7, 5], "texture": "#0"}
			}
		},
		{
			"name": "Body",
			"from": [3.9, 16.659, 8.60528],
			"to": [10.1, 16.859, 8.68028],
			"rotation": {"angle": 0, "axis": "x", "origin": [7, 20.14655, 8.87966]},
			"faces": {
				"north": {"uv": [5, 5, 7, 8], "texture": "#0"},
				"east": {"uv": [4, 5, 5, 8], "texture": "#0"},
				"south": {"uv": [8, 5, 10, 8], "texture": "#0"},
				"west": {"uv": [7, 5, 8, 8], "texture": "#0"},
				"up": {"uv": [7, 5, 5, 4], "texture": "#0"},
				"down": {"uv": [9, 4, 7, 5], "texture": "#0"}
			}
		},
		{
			"name": "Body",
			"from": [3.9, 12.459, 8.60528],
			"to": [10.1, 12.659, 8.68028],
			"rotation": {"angle": 0, "axis": "x", "origin": [7, 15.94655, 8.87966]},
			"faces": {
				"north": {"uv": [5, 5, 7, 8], "texture": "#0"},
				"east": {"uv": [4, 5, 5, 8], "texture": "#0"},
				"south": {"uv": [8, 5, 10, 8], "texture": "#0"},
				"west": {"uv": [7, 5, 8, 8], "texture": "#0"},
				"up": {"uv": [7, 5, 5, 4], "texture": "#0"},
				"down": {"uv": [9, 4, 7, 5], "texture": "#0"}
			}
		},
		{
			"name": "Body",
			"from": [5.9, 10.159, 8.60528],
			"to": [8, 12.359, 9.18028],
			"rotation": {"angle": 0, "axis": "x", "origin": [7, 14.14655, 8.87966]},
			"faces": {
				"north": {"uv": [1.5, 0.5, 3.5, 3.5], "texture": "#3"},
				"east": {"uv": [1.5, 0.5, 3.5, 3.5], "texture": "#3"},
				"south": {"uv": [1.5, 0.5, 3.5, 3.5], "texture": "#3"},
				"west": {"uv": [1.5, 0.5, 3.5, 3.5], "texture": "#3"},
				"up": {"uv": [1.5, 0.5, 3.5, 3.5], "texture": "#3"},
				"down": {"uv": [1.5, 0.5, 3.5, 3.5], "texture": "#3"}
			}
		},
		{
			"name": "Body",
			"from": [5.9, 19.459, 8.60528],
			"to": [8, 21.659, 9.18028],
			"rotation": {"angle": 0, "axis": "x", "origin": [7, 23.44655, 8.87966]},
			"faces": {
				"north": {"uv": [1.5, 0.5, 3.5, 3.5], "texture": "#3"},
				"east": {"uv": [1.5, 0.5, 3.5, 3.5], "texture": "#3"},
				"south": {"uv": [1.5, 0.5, 3.5, 3.5], "texture": "#3"},
				"west": {"uv": [1.5, 0.5, 3.5, 3.5], "texture": "#3"},
				"up": {"uv": [1.5, 0.5, 3.5, 3.5], "texture": "#3"},
				"down": {"uv": [1.5, 0.5, 3.5, 3.5], "texture": "#3"}
			}
		},
		{
			"name": "Body",
			"from": [3.8, 13.459, 4.60528],
			"to": [6.7, 15.359, 4.90528],
			"rotation": {"angle": 0, "axis": "x", "origin": [7, 19.54655, 4.87966]},
			"faces": {
				"north": {"uv": [5, 5, 7, 8], "texture": "#0"},
				"east": {"uv": [4, 5, 5, 8], "texture": "#0"},
				"south": {"uv": [8, 5, 10, 8], "texture": "#0"},
				"west": {"uv": [7, 5, 8, 8], "texture": "#0"},
				"up": {"uv": [7, 5, 5, 4], "texture": "#0"},
				"down": {"uv": [9, 4, 7, 5], "texture": "#0"}
			}
		},
		{
			"name": "Body",
			"from": [7.2, 13.459, 4.60528],
			"to": [10.1, 15.359, 4.90528],
			"rotation": {"angle": 0, "axis": "x", "origin": [7, 19.54655, 4.87966]},
			"faces": {
				"north": {"uv": [5, 5, 7, 8], "texture": "#0"},
				"east": {"uv": [4, 5, 5, 8], "texture": "#0"},
				"south": {"uv": [8, 5, 10, 8], "texture": "#0"},
				"west": {"uv": [7, 5, 8, 8], "texture": "#0"},
				"up": {"uv": [7, 5, 5, 4], "texture": "#0"},
				"down": {"uv": [9, 4, 7, 5], "texture": "#0"}
			}
		},
		{
			"name": "Body",
			"from": [3.8, 11.159, 4.60528],
			"to": [6.7, 13.059, 4.90528],
			"rotation": {"angle": 0, "axis": "x", "origin": [7, 19.84655, 4.87966]},
			"faces": {
				"north": {"uv": [5, 5, 7, 8], "texture": "#0"},
				"east": {"uv": [4, 5, 5, 8], "texture": "#0"},
				"south": {"uv": [8, 5, 10, 8], "texture": "#0"},
				"west": {"uv": [7, 5, 8, 8], "texture": "#0"},
				"up": {"uv": [7, 5, 5, 4], "texture": "#0"},
				"down": {"uv": [9, 4, 7, 5], "texture": "#0"}
			}
		},
		{
			"name": "Body",
			"from": [7.2, 11.159, 4.60528],
			"to": [10.1, 13.059, 4.90528],
			"rotation": {"angle": 0, "axis": "x", "origin": [7, 19.84655, 4.87966]},
			"faces": {
				"north": {"uv": [5, 5, 7, 8], "texture": "#0"},
				"east": {"uv": [4, 5, 5, 8], "texture": "#0"},
				"south": {"uv": [8, 5, 10, 8], "texture": "#0"},
				"west": {"uv": [7, 5, 8, 8], "texture": "#0"},
				"up": {"uv": [7, 5, 5, 4], "texture": "#0"},
				"down": {"uv": [9, 4, 7, 5], "texture": "#0"}
			}
		},
		{
			"name": "Body",
			"from": [4.17893, 20.31853, 7.36385],
			"to": [5.27893, 20.61853, 16.36385],
			"rotation": {"angle": -45, "axis": "x", "origin": [5.5, 19.24655, 4.87966]},
			"faces": {
				"north": {"uv": [9, 4.7, 8, 3.75], "texture": "#0"},
				"east": {"uv": [4, 5, 5, 8], "texture": "#0"},
				"south": {"uv": [8, 5, 10, 8], "texture": "#0"},
				"west": {"uv": [9, 4.7, 8, 3.75], "texture": "#0"},
				"up": {"uv": [9, 4.7, 8, 3.75], "texture": "#0"},
				"down": {"uv": [9, 4, 7, 5], "texture": "#0"}
			}
		},
		{
			"name": "Body",
			"from": [5.59273, 18.31889, 8.01968],
			"to": [6.69273, 18.61889, 17.01968],
			"rotation": {"angle": -45, "axis": "x", "origin": [7, 19.24655, 4.87966]},
			"faces": {
				"north": {"uv": [9, 4.7, 8, 3.75], "texture": "#0"},
				"east": {"uv": [4, 5, 5, 8], "texture": "#0"},
				"south": {"uv": [8, 5, 10, 8], "texture": "#0"},
				"west": {"uv": [9, 4.7, 8, 3.75], "texture": "#0"},
				"up": {"uv": [9, 4.7, 8, 3.75], "texture": "#0"},
				"down": {"uv": [9, 4, 7, 5], "texture": "#0"}
			}
		},
		{
			"name": "Body",
			"from": [6.16152, 19.45493, 8.365],
			"to": [7.26152, 19.75493, 17.365],
			"rotation": {"angle": -45, "axis": "x", "origin": [7, 19.24655, 4.87966]},
			"faces": {
				"north": {"uv": [9, 4.7, 8, 3.75], "texture": "#0"},
				"east": {"uv": [4, 5, 5, 8], "texture": "#0"},
				"south": {"uv": [8, 5, 10, 8], "texture": "#0"},
				"west": {"uv": [9, 4.7, 8, 3.75], "texture": "#0"},
				"up": {"uv": [9, 4.7, 8, 3.75], "texture": "#0"},
				"down": {"uv": [9, 4, 7, 5], "texture": "#0"}
			}
		},
		{
			"name": "Body",
			"from": [6.692, 19.34198, 7.93324],
			"to": [7.792, 19.64198, 16.93324],
			"rotation": {"angle": -22.5, "axis": "x", "origin": [7, 19.24655, 4.87966]},
			"faces": {
				"north": {"uv": [9, 4.7, 8, 3.75], "texture": "#0"},
				"east": {"uv": [4, 5, 5, 8], "texture": "#0"},
				"south": {"uv": [8, 5, 10, 8], "texture": "#0"},
				"west": {"uv": [9, 4.7, 8, 3.75], "texture": "#0"},
				"up": {"uv": [9, 4.7, 8, 3.75], "texture": "#0"},
				"down": {"uv": [9, 4, 7, 5], "texture": "#0"}
			}
		},
		{
			"name": "Body",
			"from": [10.20247, 20.1309, 8.33084],
			"to": [11.30247, 20.4309, 17.33084],
			"rotation": {"angle": -22.5, "axis": "x", "origin": [10.25, 19.24655, 4.87966]},
			"faces": {
				"north": {"uv": [9, 4.7, 8, 3.75], "texture": "#0"},
				"east": {"uv": [4, 5, 5, 8], "texture": "#0"},
				"south": {"uv": [8, 5, 10, 8], "texture": "#0"},
				"west": {"uv": [9, 4.7, 8, 3.75], "texture": "#0"},
				"up": {"uv": [9, 4.7, 8, 3.75], "texture": "#0"},
				"down": {"uv": [9, 4, 7, 5], "texture": "#0"}
			}
		},
		{
			"name": "Body",
			"from": [3.53046, 17.63578, 6.86836],
			"to": [4.63046, 17.93578, 16.46836],
			"rotation": {"angle": -45, "axis": "x", "origin": [5.5, 19.24655, 4.87966]},
			"faces": {
				"north": {"uv": [9, 4.7, 8, 3.75], "texture": "#0"},
				"east": {"uv": [4, 5, 5, 8], "texture": "#0"},
				"south": {"uv": [8, 5, 10, 8], "texture": "#0"},
				"west": {"uv": [9, 4.7, 8, 3.75], "texture": "#0"},
				"up": {"uv": [9, 4.7, 8, 3.75], "texture": "#0"},
				"down": {"uv": [9, 4, 7, 5], "texture": "#0"}
			}
		},
		{
			"name": "Body",
			"from": [5.8683, 18.41113, 7.86198],
			"to": [6.9683, 18.71113, 17.46198],
			"rotation": {"angle": -45, "axis": "x", "origin": [7, 19.24655, 4.87966]},
			"faces": {
				"north": {"uv": [9, 4.7, 8, 3.75], "texture": "#0"},
				"east": {"uv": [4, 5, 5, 8], "texture": "#0"},
				"south": {"uv": [8, 5, 10, 8], "texture": "#0"},
				"west": {"uv": [9, 4.7, 8, 3.75], "texture": "#0"},
				"up": {"uv": [9, 4.7, 8, 3.75], "texture": "#0"},
				"down": {"uv": [9, 4, 7, 5], "texture": "#0"}
			}
		},
		{
			"name": "Body",
			"from": [7.0317, 18.41113, 7.86198],
			"to": [8.1317, 18.71113, 17.46198],
			"rotation": {"angle": -45, "axis": "x", "origin": [7, 19.24655, 4.87966]},
			"faces": {
				"north": {"uv": [8, 4.7, 9, 3.75], "texture": "#0"},
				"east": {"uv": [8, 4.7, 9, 3.75], "texture": "#0"},
				"south": {"uv": [10, 5, 8, 8], "texture": "#0"},
				"west": {"uv": [5, 5, 4, 8], "texture": "#0"},
				"up": {"uv": [8, 4.7, 9, 3.75], "texture": "#0"},
				"down": {"uv": [7, 4, 9, 5], "texture": "#0"}
			}
		},
		{
			"name": "Body",
			"from": [7.22107, 20.31853, 7.36385],
			"to": [8.32107, 20.61853, 16.36385],
			"rotation": {"angle": -22.5, "axis": "x", "origin": [7, 19.24655, 4.87966]},
			"faces": {
				"north": {"uv": [8, 4.7, 9, 3.75], "texture": "#0"},
				"east": {"uv": [8, 4.7, 9, 3.75], "texture": "#0"},
				"south": {"uv": [10, 5, 8, 8], "texture": "#0"},
				"west": {"uv": [5, 5, 4, 8], "texture": "#0"},
				"up": {"uv": [8, 4.7, 9, 3.75], "texture": "#0"},
				"down": {"uv": [7, 4, 9, 5], "texture": "#0"}
			}
		},
		{
			"name": "Body",
			"from": [3.80727, 18.31889, 8.01968],
			"to": [4.90727, 18.61889, 17.01968],
			"rotation": {"angle": -45, "axis": "x", "origin": [3.5, 19.24655, 4.87966]},
			"faces": {
				"north": {"uv": [8, 4.7, 9, 3.75], "texture": "#0"},
				"east": {"uv": [8, 4.7, 9, 3.75], "texture": "#0"},
				"south": {"uv": [10, 5, 8, 8], "texture": "#0"},
				"west": {"uv": [5, 5, 4, 8], "texture": "#0"},
				"up": {"uv": [8, 4.7, 9, 3.75], "texture": "#0"},
				"down": {"uv": [7, 4, 9, 5], "texture": "#0"}
			}
		},
		{
			"name": "Body",
			"from": [6.73848, 19.45493, 8.365],
			"to": [7.83848, 19.75493, 17.365],
			"rotation": {"angle": -45, "axis": "x", "origin": [7, 19.24655, 4.87966]},
			"faces": {
				"north": {"uv": [8, 4.7, 9, 3.75], "texture": "#0"},
				"east": {"uv": [8, 4.7, 9, 3.75], "texture": "#0"},
				"south": {"uv": [10, 5, 8, 8], "texture": "#0"},
				"west": {"uv": [5, 5, 4, 8], "texture": "#0"},
				"up": {"uv": [8, 4.7, 9, 3.75], "texture": "#0"},
				"down": {"uv": [7, 4, 9, 5], "texture": "#0"}
			}
		},
		{
			"name": "Body",
			"from": [7.0317, 18.41113, 7.86198],
			"to": [8.1317, 18.71113, 17.46198],
			"rotation": {"angle": -45, "axis": "x", "origin": [7, 19.24655, 4.87966]},
			"faces": {
				"north": {"uv": [8, 4.7, 9, 3.75], "texture": "#0"},
				"east": {"uv": [8, 4.7, 9, 3.75], "texture": "#0"},
				"south": {"uv": [10, 5, 8, 8], "texture": "#0"},
				"west": {"uv": [5, 5, 4, 8], "texture": "#0"},
				"up": {"uv": [8, 4.7, 9, 3.75], "texture": "#0"},
				"down": {"uv": [7, 4, 9, 5], "texture": "#0"}
			}
		},
		{
			"name": "Body",
			"from": [9.28133, 18.27565, 7.08766],
			"to": [10.38133, 18.57565, 16.68766],
			"rotation": {"angle": -45, "axis": "x", "origin": [7.75, 19.24655, 4.87966]},
			"faces": {
				"north": {"uv": [8, 4.7, 9, 3.75], "texture": "#0"},
				"east": {"uv": [8, 4.7, 9, 3.75], "texture": "#0"},
				"south": {"uv": [10, 5, 8, 8], "texture": "#0"},
				"west": {"uv": [5, 5, 4, 8], "texture": "#0"},
				"up": {"uv": [8, 4.7, 9, 3.75], "texture": "#0"},
				"down": {"uv": [7, 4, 9, 5], "texture": "#0"}
			}
		},
		{
			"name": "Body",
			"from": [8.44753, 20.1309, 8.33084],
			"to": [9.54753, 20.4309, 17.33084],
			"rotation": {"angle": -22.5, "axis": "x", "origin": [9.5, 19.24655, 4.87966]},
			"faces": {
				"north": {"uv": [8, 4.7, 9, 3.75], "texture": "#0"},
				"east": {"uv": [8, 4.7, 9, 3.75], "texture": "#0"},
				"south": {"uv": [10, 5, 8, 8], "texture": "#0"},
				"west": {"uv": [5, 5, 4, 8], "texture": "#0"},
				"up": {"uv": [8, 4.7, 9, 3.75], "texture": "#0"},
				"down": {"uv": [7, 4, 9, 5], "texture": "#0"}
			}
		},
		{
			"name": "Body",
			"from": [5.53799, 19.64042, 8.3285],
			"to": [6.63799, 19.94042, 17.3285],
			"rotation": {"angle": -22.5, "axis": "x", "origin": [7, 19.24655, 4.87966]},
			"faces": {
				"north": {"uv": [8, 4.7, 9, 3.75], "texture": "#0"},
				"east": {"uv": [8, 4.7, 9, 3.75], "texture": "#0"},
				"south": {"uv": [10, 5, 8, 8], "texture": "#0"},
				"west": {"uv": [5, 5, 4, 8], "texture": "#0"},
				"up": {"uv": [8, 4.7, 9, 3.75], "texture": "#0"},
				"down": {"uv": [7, 4, 9, 5], "texture": "#0"}
			}
		},
		{
			"name": "Body",
			"from": [6.208, 19.34198, 7.93324],
			"to": [7.308, 19.64198, 16.93324],
			"rotation": {"angle": -22.5, "axis": "x", "origin": [7, 19.24655, 4.87966]},
			"faces": {
				"north": {"uv": [8, 4.7, 9, 3.75], "texture": "#0"},
				"east": {"uv": [8, 4.7, 9, 3.75], "texture": "#0"},
				"south": {"uv": [10, 5, 8, 8], "texture": "#0"},
				"west": {"uv": [5, 5, 4, 8], "texture": "#0"},
				"up": {"uv": [8, 4.7, 9, 3.75], "texture": "#0"},
				"down": {"uv": [7, 4, 9, 5], "texture": "#0"}
			}
		},
		{
			"name": "Body",
			"from": [3.1546, 19.05537, 7.16889],
			"to": [4.2546, 19.35537, 16.16889],
			"rotation": {"angle": -45, "axis": "x", "origin": [4.25, 19.24655, 4.87966]},
			"faces": {
				"north": {"uv": [8, 4.7, 9, 3.75], "texture": "#0"},
				"east": {"uv": [8, 4.7, 9, 3.75], "texture": "#0"},
				"south": {"uv": [10, 5, 8, 8], "texture": "#0"},
				"west": {"uv": [5, 5, 4, 8], "texture": "#0"},
				"up": {"uv": [8, 4.7, 9, 3.75], "texture": "#0"},
				"down": {"uv": [7, 4, 9, 5], "texture": "#0"}
			}
		},
		{
			"name": "Body",
			"from": [6.675, 12.7931, -3.07782],
			"to": [7.375, 13.4931, 3.02218],
			"rotation": {"angle": 45, "axis": "x", "origin": [7, 19.24655, 4.87966]},
			"faces": {
				"north": {"uv": [0.25, 0.25, 2.5, 1.5], "texture": "#3"},
				"east": {"uv": [0.25, 0.25, 2.5, 1.5], "texture": "#3"},
				"south": {"uv": [10, 5, 8, 8], "texture": "#3"},
				"west": {"uv": [0.25, 0.25, 2.5, 1.5], "texture": "#3"},
				"up": {"uv": [0.25, 0.25, 2.5, 1.5], "texture": "#3"},
				"down": {"uv": [0.25, 0.25, 2.5, 1.5], "texture": "#3"}
			}
		},
		{
			"name": "Body",
			"from": [6.675, 12.0302, 6.68398],
			"to": [7.375, 12.7302, 12.78398],
			"rotation": {"angle": 45, "axis": "x", "origin": [7, 19.24655, 4.87966]},
			"faces": {
				"north": {"uv": [0.25, 0.25, 2.5, 1.5], "texture": "#3"},
				"east": {"uv": [0.25, 0.25, 2.5, 1.5], "texture": "#3"},
				"south": {"uv": [10, 5, 8, 8], "texture": "#3"},
				"west": {"uv": [0.25, 0.25, 2.5, 1.5], "texture": "#3"},
				"up": {"uv": [0.25, 0.25, 2.5, 1.5], "texture": "#3"},
				"down": {"uv": [0.25, 0.25, 2.5, 1.5], "texture": "#3"}
			}
		},
		{
			"name": "Body",
			"from": [6.675, 14.52511, 7.06531],
			"to": [7.375, 15.22511, 13.16531],
			"rotation": {"angle": 45, "axis": "x", "origin": [7, 19.24655, 4.87966]},
			"faces": {
				"north": {"uv": [0.25, 0.25, 2.5, 1.5], "texture": "#3"},
				"east": {"uv": [0.25, 0.25, 2.5, 1.5], "texture": "#3"},
				"south": {"uv": [10, 5, 8, 8], "texture": "#3"},
				"west": {"uv": [0.25, 0.25, 2.5, 1.5], "texture": "#3"},
				"up": {"uv": [0.25, 0.25, 2.5, 1.5], "texture": "#3"},
				"down": {"uv": [0.25, 0.25, 2.5, 1.5], "texture": "#3"}
			}
		},
		{
			"name": "Body",
			"from": [5.97269, 12.5931, -5.08612],
			"to": [7.37269, 13.3681, 2.91388],
			"rotation": {"angle": 45, "axis": "x", "origin": [7, 19.24655, 4.87966]},
			"faces": {
				"north": {"uv": [4.25, 5, 6.5, 6.25], "texture": "#1"},
				"east": {"uv": [4.25, 5, 6.5, 6.25], "texture": "#1"},
				"south": {"uv": [10, 5, 8, 8], "texture": "#1"},
				"west": {"uv": [4.25, 5, 6.5, 6.25], "texture": "#1"},
				"up": {"uv": [4.25, 5, 6.5, 6.25], "texture": "#1"},
				"down": {"uv": [4.25, 5, 6.5, 6.25], "texture": "#1"}
			}
		},
		{
			"name": "Body",
			"from": [6, 5.295, -2.58817],
			"to": [8, 7.395, 1.63683],
			"rotation": {"angle": 45, "axis": "x", "origin": [7, 19.24655, 4.87966]},
			"faces": {
				"north": {"uv": [4.25, 5, 6.5, 6.25], "texture": "#1"},
				"east": {"uv": [4.25, 5, 6.5, 6.25], "texture": "#1"},
				"south": {"uv": [4.25, 5, 6.5, 6.25], "texture": "#1"},
				"west": {"uv": [4.25, 5, 6.5, 6.25], "texture": "#1"},
				"up": {"uv": [4.25, 5, 6.5, 6.25], "texture": "#1"},
				"down": {"uv": [4.25, 5, 6.5, 6.25], "texture": "#1"}
			}
		},
		{
			"name": "Body",
			"from": [5.6, 6.97895, -2.92043],
			"to": [8.4, 9.57895, 1.72957],
			"rotation": {"angle": 45, "axis": "x", "origin": [7, 19.24655, 4.87966]},
			"faces": {
				"north": {"uv": [4.25, 5, 6.5, 6.25], "texture": "#1"},
				"east": {"uv": [4.25, 5, 6.5, 6.25], "texture": "#1"},
				"south": {"uv": [4.25, 5, 6.5, 6.25], "texture": "#1"},
				"west": {"uv": [4.25, 5, 6.5, 6.25], "texture": "#1"},
				"up": {"uv": [4.25, 5, 6.5, 6.25], "texture": "#1"},
				"down": {"uv": [4.25, 5, 6.5, 6.25], "texture": "#1"}
			}
		},
		{
			"name": "Body",
			"from": [5.5, 7.07895, -3.12043],
			"to": [8.5, 7.57895, 1.82957],
			"rotation": {"angle": 45, "axis": "x", "origin": [7, 19.24655, 4.87966]},
			"faces": {
				"north": {"uv": [1.25, 1.75, 3.5, 3], "texture": "#2"},
				"east": {"uv": [1.25, 1.75, 3.5, 3], "texture": "#2"},
				"south": {"uv": [1.25, 1.75, 3.5, 3], "texture": "#2"},
				"west": {"uv": [1.25, 1.75, 3.5, 3], "texture": "#2"},
				"up": {"uv": [1.25, 1.75, 3.5, 3], "texture": "#2"},
				"down": {"uv": [1.25, 1.75, 3.5, 3], "texture": "#2"}
			}
		},
		{
			"name": "Body",
			"from": [4.575, 9.67895, 1.07957],
			"to": [9.3, 10.17895, 1.62957],
			"rotation": {"angle": 45, "axis": "x", "origin": [6, 21.84655, 6.67966]},
			"faces": {
				"north": {"uv": [1.25, 1.75, 3.5, 3], "texture": "#2"},
				"east": {"uv": [1.25, 1.75, 3.5, 3], "texture": "#2"},
				"south": {"uv": [1.25, 1.75, 3.5, 3], "texture": "#2"},
				"west": {"uv": [1.25, 1.75, 3.5, 3], "texture": "#2"},
				"up": {"uv": [1.25, 1.75, 3.5, 3], "texture": "#2"},
				"down": {"uv": [1.25, 1.75, 3.5, 3], "texture": "#2"}
			}
		},
		{
			"name": "Body",
			"from": [4.575, 10.67895, 1.77957],
			"to": [9.3, 11.17895, 2.32957],
			"rotation": {"angle": 45, "axis": "x", "origin": [6, 22.84655, 7.37966]},
			"faces": {
				"north": {"uv": [1.25, 1.75, 3.5, 3], "texture": "#2"},
				"east": {"uv": [1.25, 1.75, 3.5, 3], "texture": "#2"},
				"south": {"uv": [1.25, 1.75, 3.5, 3], "texture": "#2"},
				"west": {"uv": [1.25, 1.75, 3.5, 3], "texture": "#2"},
				"up": {"uv": [1.25, 1.75, 3.5, 3], "texture": "#2"},
				"down": {"uv": [1.25, 1.75, 3.5, 3], "texture": "#2"}
			}
		},
		{
			"name": "Body",
			"from": [5.5, 10.45011, 9.37696],
			"to": [5.9, 10.95011, 14.32696],
			"rotation": {"angle": 45, "axis": "x", "origin": [7, 19.24655, 4.87966]},
			"faces": {
				"north": {"uv": [1.25, 1.75, 3.5, 3], "texture": "#2"},
				"east": {"uv": [1.25, 1.75, 3.5, 3], "texture": "#2"},
				"south": {"uv": [1.25, 1.75, 3.5, 3], "texture": "#2"},
				"west": {"uv": [1.25, 1.75, 3.5, 3], "texture": "#2"},
				"up": {"uv": [1.25, 1.75, 3.5, 3], "texture": "#2"},
				"down": {"uv": [1.25, 1.75, 3.5, 3], "texture": "#2"}
			}
		},
		{
			"name": "Body",
			"from": [5.79041, 13.70895, 9.34133],
			"to": [6.09041, 14.20895, 12.44133],
			"rotation": {"angle": 45, "axis": "x", "origin": [7, 19.24655, 4.87966]},
			"faces": {
				"north": {"uv": [1.25, 1.75, 3.5, 3], "texture": "#2"},
				"east": {"uv": [1.25, 1.75, 3.5, 3], "texture": "#2"},
				"south": {"uv": [1.25, 1.75, 3.5, 3], "texture": "#2"},
				"west": {"uv": [1.25, 1.75, 3.5, 3], "texture": "#2"},
				"up": {"uv": [1.25, 1.75, 3.5, 3], "texture": "#2"},
				"down": {"uv": [1.25, 1.75, 3.5, 3], "texture": "#2"}
			}
		},
		{
			"name": "Body",
			"from": [8.1, 10.45011, 9.37696],
			"to": [8.5, 10.95011, 14.32696],
			"rotation": {"angle": 45, "axis": "x", "origin": [7, 19.24655, 4.87966]},
			"faces": {
				"north": {"uv": [3.5, 1.75, 1.25, 3], "texture": "#2"},
				"east": {"uv": [3.5, 1.75, 1.25, 3], "texture": "#2"},
				"south": {"uv": [3.5, 1.75, 1.25, 3], "texture": "#2"},
				"west": {"uv": [3.5, 1.75, 1.25, 3], "texture": "#2"},
				"up": {"uv": [3.5, 1.75, 1.25, 3], "texture": "#2"},
				"down": {"uv": [3.5, 1.75, 1.25, 3], "texture": "#2"}
			}
		},
		{
			"name": "Body",
			"from": [5.4, 7.10395, -0.22043],
			"to": [8.6, 7.52895, 0.42957],
			"rotation": {"angle": 45, "axis": "x", "origin": [7, 19.24655, 4.87966]},
			"faces": {
				"north": {"uv": [4.25, 5, 6.5, 6.25], "texture": "#1"},
				"east": {"uv": [4.225, 5, 6.475, 6.25], "texture": "#1"},
				"south": {"uv": [4.25, 5, 6.5, 6.25], "texture": "#1"},
				"west": {"uv": [4.25, 5, 6.5, 6.25], "texture": "#1"},
				"up": {"uv": [4.25, 5, 6.5, 6.25], "texture": "#1"},
				"down": {"uv": [4.25, 5, 6.5, 6.25], "texture": "#1"}
			}
		},
		{
			"name": "Body",
			"from": [6, 6.90395, -2.72043],
			"to": [8.2, 7.32895, -2.09543],
			"rotation": {"angle": 45, "axis": "x", "origin": [7, 19.04655, 2.37966]},
			"faces": {
				"north": {"uv": [2, 7.5, 2.25, 8], "texture": "#1"},
				"east": {"uv": [2, 7.5, 2.25, 8], "texture": "#1"},
				"south": {"uv": [2, 7.5, 2.25, 8], "texture": "#1"},
				"west": {"uv": [2, 7.5, 2.25, 8], "texture": "#1"},
				"up": {"uv": [2, 7.5, 2.25, 8], "texture": "#1"},
				"down": {"uv": [2, 7.5, 2.25, 8], "texture": "#1"}
			}
		},
		{
			"name": "Body",
			"from": [6, 6.90395, -2.72043],
			"to": [8.2, 7.32895, -2.09543],
			"rotation": {"angle": 45, "axis": "x", "origin": [7, 19.04655, 2.37966]},
			"faces": {
				"north": {"uv": [2, 7.5, 2.25, 8], "texture": "#1"},
				"east": {"uv": [2, 7.5, 2.25, 8], "texture": "#1"},
				"south": {"uv": [2, 7.5, 2.25, 8], "texture": "#1"},
				"west": {"uv": [2, 7.5, 2.25, 8], "texture": "#1"},
				"up": {"uv": [2, 7.5, 2.25, 8], "texture": "#1"},
				"down": {"uv": [2, 7.5, 2.25, 8], "texture": "#1"}
			}
		},
		{
			"name": "Body",
			"from": [6.30299, 10.22751, -6.59333],
			"to": [8.50299, 11.15251, -6.46833],
			"rotation": {"angle": 45, "axis": "x", "origin": [6.9, 10.34655, -6.52034]},
			"faces": {
				"north": {"uv": [2, 7.5, 2.25, 8], "texture": "#1"},
				"east": {"uv": [2, 7.5, 2.25, 8], "texture": "#1"},
				"south": {"uv": [2, 7.5, 2.25, 8], "texture": "#1"},
				"west": {"uv": [2, 7.5, 2.25, 8], "texture": "#1"},
				"up": {"uv": [2, 7.5, 2.25, 8], "texture": "#1"},
				"down": {"uv": [2, 7.5, 2.25, 8], "texture": "#1"}
			}
		},
		{
			"name": "Body",
			"from": [6.27885, 10.74652, -5.91288],
			"to": [8.47885, 10.97152, -5.78788],
			"rotation": {"angle": 22.5, "axis": "x", "origin": [6.87586, 10.86557, -5.83988]},
			"faces": {
				"north": {"uv": [2, 7.5, 2.25, 8], "texture": "#1"},
				"east": {"uv": [2, 7.5, 2.25, 8], "texture": "#1"},
				"south": {"uv": [2, 7.5, 2.25, 8], "texture": "#1"},
				"west": {"uv": [2, 7.5, 2.25, 8], "texture": "#1"},
				"up": {"uv": [2, 7.5, 2.25, 8], "texture": "#1"},
				"down": {"uv": [2, 7.5, 2.25, 8], "texture": "#1"}
			}
		},
		{
			"name": "Body",
			"from": [4.9, 8.72337, -2.9266],
			"to": [9.1, 15.22337, 2.0734],
			"rotation": {"angle": 45, "axis": "x", "origin": [7, 19.24655, 4.87966]},
			"faces": {
				"north": {"uv": [4.25, 5, 6.5, 6.25], "texture": "#1"},
				"east": {"uv": [4.25, 5, 6.5, 6.25], "texture": "#1"},
				"south": {"uv": [4.25, 5, 6.5, 6.25], "texture": "#1"},
				"west": {"uv": [4.25, 5, 6.5, 6.25], "texture": "#1"},
				"up": {"uv": [4.25, 5, 6.5, 6.25], "texture": "#1"},
				"down": {"uv": [4.25, 5, 6.5, 6.25], "texture": "#1"}
			}
		},
		{
			"name": "Body",
			"from": [4.85, 9.87399, -2.13113],
			"to": [9.15, 11.22399, -1.53113],
			"rotation": {"angle": 45, "axis": "x", "origin": [7, 19.24655, 4.87966]},
			"faces": {
				"north": {"uv": [0.75, 0, 3, 0.25], "texture": "#2"},
				"east": {"uv": [0.75, 0, 3, 0.25], "texture": "#2"},
				"south": {"uv": [0.75, 0, 3, 0.25], "texture": "#2"},
				"west": {"uv": [0.75, 0, 3, 0.25], "texture": "#2"},
				"up": {"uv": [0.75, 0, 3, 0.25], "texture": "#2"},
				"down": {"uv": [0.75, 0, 3, 0.25], "texture": "#2"}
			}
		},
		{
			"name": "Body",
			"from": [4.675, 10.05344, -2.51271],
			"to": [4.875, 12.32844, -0.21271],
			"rotation": {"angle": 45, "axis": "x", "origin": [7, 19.24655, 4.87966]},
			"faces": {
				"north": {"uv": [2.75, 0.5, 1.75, 3.5], "texture": "#3"},
				"east": {"uv": [0, 0, 4, 4], "texture": "#3"},
				"south": {"uv": [0, 0, 4, 4], "texture": "#3"},
				"west": {"uv": [0, 0, 4, 4], "texture": "#3"},
				"up": {"uv": [0, 0, 4, 4], "texture": "#3"},
				"down": {"uv": [0, 0, 4, 4], "texture": "#3"}
			}
		},
		{
			"name": "Body",
			"from": [4.65, 10.61417, -1.93727],
			"to": [4.675, 11.68917, -0.83727],
			"rotation": {"angle": 45, "axis": "x", "origin": [7, 19.24655, 4.87966]},
			"faces": {
				"north": {"uv": [0.5, 0.75, 3.5, 3.25], "texture": "#4"},
				"east": {"uv": [0.5, 0.75, 3.5, 3.25], "texture": "#4"},
				"south": {"uv": [0.5, 0.75, 3.5, 3.25], "texture": "#4"},
				"west": {"uv": [0, 0, 16, 16], "texture": "#4"},
				"up": {"uv": [0.5, 0.75, 3.5, 3.25], "texture": "#4"},
				"down": {"uv": [0.5, 0.75, 3.5, 3.25], "texture": "#4"}
			}
		},
		{
			"name": "Body",
			"from": [6.05, 10.26569, -3.05981],
			"to": [7.975, 12.24069, -3.03481],
			"rotation": {"angle": 45, "axis": "x", "origin": [7, 19.24655, 4.87966]},
			"faces": {
				"north": {"uv": [0, 0, 16, 16], "texture": "#4"},
				"east": {"uv": [0.5, 0.75, 3.5, 3.25], "texture": "#4"},
				"south": {"uv": [0.5, 0.75, 3.5, 3.25], "texture": "#4"},
				"west": {"uv": [0.5, 0.75, 3.5, 3.25], "texture": "#4"},
				"up": {"uv": [0.5, 0.75, 3.5, 3.25], "texture": "#4"},
				"down": {"uv": [0.5, 0.75, 3.5, 3.25], "texture": "#4"}
			}
		},
		{
			"name": "Body",
			"from": [9.35, 10.61417, -1.93727],
			"to": [9.375, 11.68917, -0.83727],
			"rotation": {"angle": 45, "axis": "x", "origin": [7, 19.24655, 4.87966]},
			"faces": {
				"north": {"uv": [0.5, 0.75, 3.5, 3.25], "texture": "#4"},
				"east": {"uv": [0, 0, 16, 16], "texture": "#4"},
				"south": {"uv": [0.5, 0.75, 3.5, 3.25], "texture": "#4"},
				"west": {"uv": [0.5, 0.75, 3.5, 3.25], "texture": "#4"},
				"up": {"uv": [0.5, 0.75, 3.5, 3.25], "texture": "#4"},
				"down": {"uv": [0.5, 0.75, 3.5, 3.25], "texture": "#4"}
			}
		},
		{
			"name": "Body",
			"from": [9.1, 10.05344, -2.51271],
			"to": [9.3, 12.32844, -0.21271],
			"rotation": {"angle": 45, "axis": "x", "origin": [7, 19.24655, 4.87966]},
			"faces": {
				"north": {"uv": [2.75, 0.5, 1.75, 3.5], "texture": "#3"},
				"east": {"uv": [0, 0, 4, 4], "texture": "#3"},
				"south": {"uv": [0, 0, 4, 4], "texture": "#3"},
				"west": {"uv": [0, 0, 4, 4], "texture": "#3"},
				"up": {"uv": [0, 0, 4, 4], "texture": "#3"},
				"down": {"uv": [0, 0, 4, 4], "texture": "#3"}
			}
		},
		{
			"name": "Body",
			"from": [6.62731, 12.5931, -5.08612],
			"to": [8.02731, 13.3681, 2.91388],
			"rotation": {"angle": 45, "axis": "x", "origin": [7, 19.24655, 4.87966]},
			"faces": {
				"north": {"uv": [4.25, 5, 6.5, 6.25], "texture": "#1"},
				"east": {"uv": [4.25, 5, 6.5, 6.25], "texture": "#1"},
				"south": {"uv": [4.25, 5, 6.5, 6.25], "texture": "#1"},
				"west": {"uv": [4.25, 5, 6.5, 6.25], "texture": "#1"},
				"up": {"uv": [4.25, 5, 6.5, 6.25], "texture": "#1"},
				"down": {"uv": [4.25, 5, 6.5, 6.25], "texture": "#1"}
			}
		},
		{
			"name": "Body",
			"from": [5.575, 9.6999, 0.0593],
			"to": [8.525, 14.8249, 11.0593],
			"rotation": {"angle": 45, "axis": "x", "origin": [7, 19.24655, 4.87966]},
			"faces": {
				"north": {"uv": [4.25, 5, 6.5, 6.25], "texture": "#1"},
				"east": {"uv": [4.25, 5, 6.5, 6.25], "texture": "#1"},
				"south": {"uv": [4.25, 5, 6.5, 6.25], "texture": "#1"},
				"west": {"uv": [4.25, 5, 6.5, 6.25], "texture": "#1"},
				"up": {"uv": [4.25, 5, 6.5, 6.25], "texture": "#1"},
				"down": {"uv": [4.25, 5, 6.5, 6.25], "texture": "#1"}
			}
		},
		{
			"name": "Body",
			"from": [5.175, 10.6999, 8.0593],
			"to": [9.225, 16.1249, 9.0593],
			"rotation": {"angle": 45, "axis": "x", "origin": [7, 20.54655, 2.87966]},
			"faces": {
				"north": {"uv": [1.25, 7.5, 1.45, 7.75], "texture": "#1"},
				"east": {"uv": [1.25, 7.5, 1.45, 7.75], "texture": "#1"},
				"south": {"uv": [1.25, 7.5, 1.45, 7.75], "texture": "#1"},
				"west": {"uv": [1.25, 7.5, 1.45, 7.75], "texture": "#1"},
				"up": {"uv": [1.25, 7.5, 1.45, 7.75], "texture": "#1"},
				"down": {"uv": [1.25, 7.5, 1.6, 7.7], "texture": "#1"}
			}
		},
		{
			"name": "RightLeg",
			"from": [-0.4438, 18.3693, 5.56506],
			"to": [3.2562, 20.3693, 7.76506],
			"rotation": {"angle": 45, "axis": "x", "origin": [2.825, 19.29655, 7.07966]},
			"faces": {
				"north": {"uv": [3.5, 0.75, 0.5, 3.25], "texture": "#4"},
				"east": {"uv": [3.5, 0.75, 0.5, 3.25], "texture": "#4"},
				"south": {"uv": [3.5, 0.75, 0.5, 3.25], "texture": "#4"},
				"west": {"uv": [16, 0, 0, 16], "texture": "#4"},
				"up": {"uv": [3.5, 0.75, 0.5, 3.25], "texture": "#4"},
				"down": {"uv": [3.5, 0.75, 0.5, 3.25], "texture": "#4"}
			}
		},
		{
			"name": "LeftArm",
			"from": [0.15721, 14.78076, 4.84834],
			"to": [3.13221, 21.78076, 8.04834],
			"rotation": {"angle": 22.5, "axis": "x", "origin": [7, 19.24655, 4.87966]},
			"faces": {
				"north": {"uv": [9, 13, 10, 16], "texture": "#0"},
				"east": {"uv": [8, 13, 9, 16], "texture": "#0"},
				"south": {"uv": [11, 13, 12, 16], "texture": "#0"},
				"west": {"uv": [10, 13, 11, 16], "texture": "#0"},
				"up": {"uv": [10, 13, 9, 12], "texture": "#0"},
				"down": {"uv": [11, 12, 10, 13], "texture": "#0"}
			}
		},
		{
			"name": "LeftArm",
			"from": [-0.29279, 16.83076, 4.44834],
			"to": [3.25721, 21.78076, 8.44834],
			"rotation": {"angle": 22.5, "axis": "x", "origin": [7, 19.24655, 4.87966]},
			"faces": {
				"north": {"uv": [9, 13, 10, 16], "texture": "#0"},
				"east": {"uv": [8, 13, 9, 16], "texture": "#0"},
				"south": {"uv": [11, 13, 12, 16], "texture": "#0"},
				"west": {"uv": [10, 13, 11, 16], "texture": "#0"},
				"up": {"uv": [10, 13, 9, 12], "texture": "#0"},
				"down": {"uv": [11, 12, 10, 13], "texture": "#0"}
			}
		},
		{
			"name": "LeftArm",
			"from": [0.13221, 11.36499, 5.12782],
			"to": [3.15721, 17.26499, 7.72782],
			"rotation": {"angle": 45, "axis": "x", "origin": [7, 19.24655, 2.87966]},
			"faces": {
				"north": {"uv": [9, 13, 10, 16], "texture": "#0"},
				"east": {"uv": [8, 13, 9, 16], "texture": "#0"},
				"south": {"uv": [11, 13, 12, 16], "texture": "#0"},
				"west": {"uv": [10, 13, 11, 16], "texture": "#0"},
				"up": {"uv": [10, 13, 9, 12], "texture": "#0"},
				"down": {"uv": [11, 12, 10, 13], "texture": "#0"}
			}
		},
		{
			"name": "LeftArm",
			"from": [-0.24279, 14.26499, 4.62782],
			"to": [3.25721, 16.46499, 7.92782],
			"rotation": {"angle": 45, "axis": "x", "origin": [7, 19.24655, 2.87966]},
			"faces": {
				"north": {"uv": [9, 13, 10, 16], "texture": "#0"},
				"east": {"uv": [8, 13, 9, 16], "texture": "#0"},
				"south": {"uv": [11, 13, 12, 16], "texture": "#0"},
				"west": {"uv": [10, 13, 11, 16], "texture": "#0"},
				"up": {"uv": [10, 13, 9, 12], "texture": "#0"},
				"down": {"uv": [11, 12, 10, 13], "texture": "#0"}
			}
		},
		{
			"name": "LeftArm",
			"from": [-0.34563, 11.32385, 4.64448],
			"to": [3.22937, 13.82385, 7.94448],
			"rotation": {"angle": 45, "axis": "x", "origin": [7, 19.24655, 2.87966]},
			"faces": {
				"north": {"uv": [9, 13, 10, 16], "texture": "#0"},
				"east": {"uv": [8, 13, 9, 16], "texture": "#0"},
				"south": {"uv": [11, 13, 12, 16], "texture": "#0"},
				"west": {"uv": [10, 13, 11, 16], "texture": "#0"},
				"up": {"uv": [10, 13, 9, 12], "texture": "#0"},
				"down": {"uv": [11, 12, 10, 13], "texture": "#0"}
			}
		},
		{
			"name": "LeftArm",
			"from": [-0.2733, 11.76877, 6.23589],
			"to": [0.2267, 12.26877, 6.73589],
			"rotation": {"angle": 45, "axis": "x", "origin": [7, 19.24655, 4.87966]},
			"faces": {
				"north": {"uv": [2.75, 0.5, 1.75, 3.5], "texture": "#3"},
				"east": {"uv": [2.75, 0.5, 1.75, 3.5], "texture": "#3"},
				"south": {"uv": [2.75, 0.5, 1.75, 3.5], "texture": "#3"},
				"west": {"uv": [2.75, 0.5, 1.75, 3.5], "texture": "#3"},
				"up": {"uv": [2.75, 0.5, 1.75, 3.5], "texture": "#3"},
				"down": {"uv": [2.75, 0.5, 1.75, 3.5], "texture": "#3"}
			}
		},
		{
			"name": "LeftArm",
			"from": [0.4267, 11.76877, 6.23589],
			"to": [0.9267, 12.26877, 6.73589],
			"rotation": {"angle": 45, "axis": "x", "origin": [7, 19.24655, 4.87966]},
			"faces": {
				"north": {"uv": [2.75, 0.5, 1.75, 3.5], "texture": "#3"},
				"east": {"uv": [8, 13, 9, 16], "texture": "#3"},
				"south": {"uv": [11, 13, 12, 16], "texture": "#3"},
				"west": {"uv": [10, 13, 11, 16], "texture": "#3"},
				"up": {"uv": [10, 13, 9, 12], "texture": "#3"},
				"down": {"uv": [11, 12, 10, 13], "texture": "#3"}
			}
		},
		{
			"name": "LeftArm",
			"from": [1.1267, 11.76877, 6.23589],
			"to": [1.6267, 12.26877, 6.73589],
			"rotation": {"angle": 45, "axis": "x", "origin": [7, 19.24655, 4.87966]},
			"faces": {
				"north": {"uv": [2.75, 0.5, 1.75, 3.5], "texture": "#3"},
				"east": {"uv": [8, 13, 9, 16], "texture": "#3"},
				"south": {"uv": [11, 13, 12, 16], "texture": "#3"},
				"west": {"uv": [10, 13, 11, 16], "texture": "#3"},
				"up": {"uv": [10, 13, 9, 12], "texture": "#3"},
				"down": {"uv": [11, 12, 10, 13], "texture": "#3"}
			}
		},
		{
			"name": "LeftArm",
			"from": [1.9267, 11.76877, 6.23589],
			"to": [2.4267, 12.26877, 6.73589],
			"rotation": {"angle": 45, "axis": "x", "origin": [7, 19.24655, 4.87966]},
			"faces": {
				"north": {"uv": [2.75, 0.5, 1.75, 3.5], "texture": "#3"},
				"east": {"uv": [8, 13, 9, 16], "texture": "#3"},
				"south": {"uv": [11, 13, 12, 16], "texture": "#3"},
				"west": {"uv": [10, 13, 11, 16], "texture": "#3"},
				"up": {"uv": [10, 13, 9, 12], "texture": "#3"},
				"down": {"uv": [11, 12, 10, 13], "texture": "#3"}
			}
		},
		{
			"name": "LeftArm",
			"from": [2.6267, 11.76877, 6.23589],
			"to": [3.1267, 12.26877, 6.73589],
			"rotation": {"angle": 45, "axis": "x", "origin": [7, 19.24655, 4.87966]},
			"faces": {
				"north": {"uv": [2.75, 0.5, 1.75, 3.5], "texture": "#3"},
				"east": {"uv": [8, 13, 9, 16], "texture": "#3"},
				"south": {"uv": [11, 13, 12, 16], "texture": "#3"},
				"west": {"uv": [10, 13, 11, 16], "texture": "#3"},
				"up": {"uv": [10, 13, 9, 12], "texture": "#3"},
				"down": {"uv": [11, 12, 10, 13], "texture": "#3"}
			}
		},
		{
			"name": "RightLeg",
			"from": [11.0562, 18.0693, 5.86506],
			"to": [14.7562, 20.0693, 8.06506],
			"rotation": {"angle": 45, "axis": "x", "origin": [14.325, 18.99655, 7.37966]},
			"faces": {
				"north": {"uv": [0, 0, 0, 0], "texture": "#4"},
				"east": {"uv": [16, 0, 0, 16], "texture": "#4"},
				"south": {"uv": [3.5, 0.75, 0.5, 3.25], "texture": "#4"},
				"west": {"uv": [3.5, 0.75, 0.5, 3.25], "texture": "#4"},
				"up": {"uv": [3.5, 0.75, 0.5, 3.25], "texture": "#4"},
				"down": {"uv": [3.5, 0.75, 0.5, 3.25], "texture": "#4"}
			}
		},
		{
			"name": "RightArm",
			"from": [11.2211, 13.89722, 5.14038],
			"to": [13.8211, 21.89722, 8.24038],
			"rotation": {"angle": 45, "axis": "x", "origin": [7, 19.24655, 4.87966]},
			"faces": {
				"north": {"uv": [11, 5, 12, 8], "texture": "#0"},
				"east": {"uv": [10, 5, 11, 8], "texture": "#0"},
				"south": {"uv": [13, 5, 14, 8], "texture": "#0"},
				"west": {"uv": [12, 5, 13, 8], "texture": "#0"},
				"up": {"uv": [12, 5, 11, 4], "texture": "#0"},
				"down": {"uv": [13, 4, 12, 5], "texture": "#0"}
			}
		},
		{
			"name": "RightArm",
			"from": [10.6211, 17.62222, 4.74038],
			"to": [14.2211, 21.89722, 8.74038],
			"rotation": {"angle": 45, "axis": "x", "origin": [7, 19.24655, 4.87966]},
			"faces": {
				"north": {"uv": [11, 5, 12, 8], "texture": "#0"},
				"east": {"uv": [10, 5, 11, 8], "texture": "#0"},
				"south": {"uv": [13, 5, 14, 8], "texture": "#0"},
				"west": {"uv": [12, 5, 13, 8], "texture": "#0"},
				"up": {"uv": [12, 5, 11, 4], "texture": "#0"},
				"down": {"uv": [13, 4, 12, 5], "texture": "#0"}
			}
		},
		{
			"name": "RightArm",
			"from": [10.6211, 13.69722, 4.94038],
			"to": [14.3211, 16.79722, 8.74038],
			"rotation": {"angle": 45, "axis": "x", "origin": [7, 19.24655, 4.87966]},
			"faces": {
				"north": {"uv": [11, 5, 12, 8], "texture": "#0"},
				"east": {"uv": [10, 5, 11, 8], "texture": "#0"},
				"south": {"uv": [13, 5, 14, 8], "texture": "#0"},
				"west": {"uv": [12, 5, 13, 8], "texture": "#0"},
				"up": {"uv": [12, 5, 11, 4], "texture": "#0"},
				"down": {"uv": [13, 4, 12, 5], "texture": "#0"}
			}
		},
		{
			"name": "RightArm",
			"from": [11.0211, 11.59121, 3.44595],
			"to": [14.0211, 17.69121, 6.34595],
			"rotation": {"angle": 45, "axis": "x", "origin": [7, 17.24655, 0.87966]},
			"faces": {
				"north": {"uv": [11, 5, 12, 8], "texture": "#0"},
				"east": {"uv": [10, 5, 11, 8], "texture": "#0"},
				"south": {"uv": [13, 5, 14, 8], "texture": "#0"},
				"west": {"uv": [12, 5, 13, 8], "texture": "#0"},
				"up": {"uv": [12, 5, 11, 4], "texture": "#0"},
				"down": {"uv": [13, 4, 12, 5], "texture": "#0"}
			}
		},
		{
			"name": "RightArm",
			"from": [10.65897, 11.5149, 2.99884],
			"to": [14.15897, 13.9899, 6.37384],
			"rotation": {"angle": 45, "axis": "x", "origin": [7, 17.24655, 0.87966]},
			"faces": {
				"north": {"uv": [11, 5, 12, 8], "texture": "#0"},
				"east": {"uv": [10, 5, 11, 8], "texture": "#0"},
				"south": {"uv": [13, 5, 14, 8], "texture": "#0"},
				"west": {"uv": [12, 5, 13, 8], "texture": "#0"},
				"up": {"uv": [12, 5, 11, 4], "texture": "#0"},
				"down": {"uv": [13, 4, 12, 5], "texture": "#0"}
			}
		},
		{
			"name": "RightArm",
			"from": [10.6211, 15.09121, 3.04595],
			"to": [14.3211, 16.79121, 6.64595],
			"rotation": {"angle": 45, "axis": "x", "origin": [7, 17.24655, 0.87966]},
			"faces": {
				"north": {"uv": [11, 5, 12, 8], "texture": "#0"},
				"east": {"uv": [10, 5, 11, 8], "texture": "#0"},
				"south": {"uv": [13, 5, 14, 8], "texture": "#0"},
				"west": {"uv": [12, 5, 13, 8], "texture": "#0"},
				"up": {"uv": [12, 5, 11, 4], "texture": "#0"},
				"down": {"uv": [13, 4, 12, 5], "texture": "#0"}
			}
		},
		{
			"name": "LeftLeg",
			"from": [3.8241, 5.25354, 9.90058],
			"to": [6.6241, 11.55354, 12.90058],
			"rotation": {"angle": 45, "axis": "x", "origin": [7, 19.24655, 4.87966]},
			"faces": {
				"north": {"uv": [5, 13, 6, 16], "texture": "#0"},
				"east": {"uv": [4, 13, 5, 16], "texture": "#0"},
				"south": {"uv": [7, 13, 8, 16], "texture": "#0"},
				"west": {"uv": [6, 13, 7, 16], "texture": "#0"},
				"up": {"uv": [6, 13, 5, 12], "texture": "#0"},
				"down": {"uv": [7, 12, 6, 13], "texture": "#0"}
			}
		},
		{
			"name": "LeftLeg",
			"from": [3.2241, 7.65354, 9.60058],
			"to": [7.1241, 11.55354, 13.40058],
			"rotation": {"angle": 45, "axis": "x", "origin": [7, 19.24655, 4.87966]},
			"faces": {
				"north": {"uv": [5, 13, 6, 16], "texture": "#0"},
				"east": {"uv": [4, 13, 5, 16], "texture": "#0"},
				"south": {"uv": [7, 13, 8, 16], "texture": "#0"},
				"west": {"uv": [6, 13, 7, 16], "texture": "#0"},
				"up": {"uv": [6, 13, 5, 12], "texture": "#0"},
				"down": {"uv": [7, 12, 6, 13], "texture": "#0"}
			}
		},
		{
			"name": "LeftLeg",
			"from": [3.1241, 9.05354, 10.30058],
			"to": [6.8241, 11.55354, 12.80058],
			"rotation": {"angle": 45, "axis": "x", "origin": [7, 19.24655, 4.87966]},
			"faces": {
				"north": {"uv": [0.5, 0.75, 3.5, 3.25], "texture": "#4"},
				"east": {"uv": [0.5, 0.75, 3.5, 3.25], "texture": "#4"},
				"south": {"uv": [0.5, 0.75, 3.5, 3.25], "texture": "#4"},
				"west": {"uv": [0.5, 0.75, 3.5, 3.25], "texture": "#4"},
				"up": {"uv": [0.5, 0.75, 3.5, 3.25], "texture": "#4"},
				"down": {"uv": [0.5, 0.75, 3.5, 3.25], "texture": "#4"}
			}
		},
		{
			"name": "RightLeg",
			"from": [7.6741, 10.01772, 11.44965],
			"to": [11.3741, 12.51772, 13.94965],
			"rotation": {"angle": 45, "axis": "x", "origin": [7.25, 19.24655, 4.87966]},
			"faces": {
				"north": {"uv": [3.5, 0.75, 0.5, 3.25], "texture": "#4"},
				"east": {"uv": [16, 0, 0, 16], "texture": "#4"},
				"south": {"uv": [3.5, 0.75, 0.5, 3.25], "texture": "#4"},
				"west": {"uv": [3.5, 0.75, 0.5, 3.25], "texture": "#4"},
				"up": {"uv": [3.5, 0.75, 0.5, 3.25], "texture": "#4"},
				"down": {"uv": [3.5, 0.75, 0.5, 3.25], "texture": "#4"}
			}
		},
		{
			"name": "LeftLeg",
			"from": [3.2241, 11.45354, 9.50058],
			"to": [10.9241, 14.75354, 13.50058],
			"rotation": {"angle": 45, "axis": "x", "origin": [7, 19.24655, 4.87966]},
			"faces": {
				"north": {"uv": [5, 13, 6, 16], "texture": "#0"},
				"east": {"uv": [4, 13, 5, 16], "texture": "#0"},
				"south": {"uv": [7, 13, 8, 16], "texture": "#0"},
				"west": {"uv": [6, 13, 7, 16], "texture": "#0"},
				"up": {"uv": [6, 13, 5, 12], "texture": "#0"},
				"down": {"uv": [7, 12, 6, 13], "texture": "#0"}
			}
		},
		{
			"name": "LeftLeg",
			"from": [3.19059, 6.75874, 3.76905],
			"to": [10.39059, 9.35874, 7.76905],
			"rotation": {"angle": 45, "axis": "x", "origin": [7.06097, 8.08767, 7.31921]},
			"faces": {
				"north": {"uv": [5, 13, 6, 16], "texture": "#0"},
				"east": {"uv": [4, 13, 5, 16], "texture": "#0"},
				"south": {"uv": [7, 13, 8, 16], "texture": "#0"},
				"west": {"uv": [6, 13, 7, 16], "texture": "#0"},
				"up": {"uv": [6, 13, 5, 12], "texture": "#0"},
				"down": {"uv": [7, 12, 6, 13], "texture": "#0"}
			}
		},
		{
			"name": "LeftLeg",
			"from": [6.58612, 9.82675, 5.50839],
			"to": [7.38612, 16.22675, 6.50839],
			"rotation": {"angle": 45, "axis": "x", "origin": [6.5, 8.34655, 6.47966]},
			"faces": {
				"north": {"uv": [2.75, 0.5, 1.75, 3.5], "texture": "#3"},
				"east": {"uv": [2.75, 0.5, 1.75, 3.5], "texture": "#3"},
				"south": {"uv": [2.75, 0.5, 1.75, 3.5], "texture": "#3"},
				"west": {"uv": [2.75, 0.5, 1.75, 3.5], "texture": "#3"},
				"up": {"uv": [2.75, 0.5, 1.75, 3.5], "texture": "#3"},
				"down": {"uv": [2.75, 0.5, 1.75, 3.5], "texture": "#3"}
			}
		},
		{
			"name": "LeftLeg",
			"from": [6.58612, 16.37528, 5.84946],
			"to": [7.38612, 17.37528, 12.24946],
			"rotation": {"angle": 45, "axis": "x", "origin": [6.5, 17.34655, 13.72966]},
			"faces": {
				"north": {"uv": [2.75, 0.5, 1.75, 3.5], "rotation": 180, "texture": "#3"},
				"east": {"uv": [2.75, 0.5, 1.75, 3.5], "rotation": 90, "texture": "#3"},
				"south": {"uv": [2.75, 0.5, 1.75, 3.5], "texture": "#3"},
				"west": {"uv": [2.75, 0.5, 1.75, 3.5], "rotation": 270, "texture": "#3"},
				"up": {"uv": [2.75, 0.5, 1.75, 3.5], "texture": "#3"},
				"down": {"uv": [2.75, 0.5, 1.75, 3.5], "rotation": 180, "texture": "#3"}
			}
		},
		{
			"name": "LeftLeg",
			"from": [4.0241, -0.28781, -2.06934],
			"to": [6.2241, 6.71219, 0.13066],
			"rotation": {"angle": 0, "axis": "x", "origin": [7, 19.24655, 4.87966]},
			"faces": {
				"north": {"uv": [5, 13, 6, 16], "texture": "#0"},
				"east": {"uv": [4, 13, 5, 16], "texture": "#0"},
				"south": {"uv": [7, 13, 8, 16], "texture": "#0"},
				"west": {"uv": [6, 13, 7, 16], "texture": "#0"},
				"up": {"uv": [6, 13, 5, 12], "texture": "#0"},
				"down": {"uv": [7, 12, 6, 13], "texture": "#0"}
			}
		},
		{
			"name": "LeftLeg",
			"from": [3.4241, 3.71219, -2.66934],
			"to": [6.8241, 7.11219, 1.03066],
			"rotation": {"angle": 0, "axis": "x", "origin": [7, 19.24655, 4.87966]},
			"faces": {
				"north": {"uv": [5, 13, 6, 16], "texture": "#0"},
				"east": {"uv": [4, 13, 5, 16], "texture": "#0"},
				"south": {"uv": [7, 13, 8, 16], "texture": "#0"},
				"west": {"uv": [6, 13, 7, 16], "texture": "#0"},
				"up": {"uv": [6, 13, 5, 12], "texture": "#0"},
				"down": {"uv": [7, 12, 6, 13], "texture": "#0"}
			}
		},
		{
			"name": "LeftLeg",
			"from": [3.6241, 1.21219, -2.46934],
			"to": [6.5241, 3.11219, 0.63066],
			"rotation": {"angle": 0, "axis": "x", "origin": [7, 19.24655, 4.87966]},
			"faces": {
				"north": {"uv": [5, 13, 6, 16], "texture": "#0"},
				"east": {"uv": [4, 13, 5, 16], "texture": "#0"},
				"south": {"uv": [7, 13, 8, 16], "texture": "#0"},
				"west": {"uv": [6, 13, 7, 16], "texture": "#0"},
				"up": {"uv": [6, 13, 5, 12], "texture": "#0"},
				"down": {"uv": [7, 12, 6, 13], "texture": "#0"}
			}
		},
		{
			"name": "LeftLeg",
			"from": [3.2241, -0.38781, -3.16934],
			"to": [6.9241, 1.11219, 0.93066],
			"rotation": {"angle": 0, "axis": "x", "origin": [7, 19.24655, 4.87966]},
			"faces": {
				"north": {"uv": [2.75, 0.5, 1.75, 3.5], "texture": "#3"},
				"east": {"uv": [2.75, 0.5, 1.75, 3.5], "texture": "#3"},
				"south": {"uv": [2.75, 0.5, 1.75, 3.5], "texture": "#3"},
				"west": {"uv": [2.75, 0.5, 1.75, 3.5], "texture": "#3"},
				"up": {"uv": [2.75, 0.5, 1.75, 3.5], "texture": "#3"},
				"down": {"uv": [2.75, 0.5, 1.75, 3.5], "texture": "#3"}
			}
		},
		{
			"name": "RightLeg",
			"from": [7.5241, 2.64069, 2.6969],
			"to": [10.6241, 10.64069, 5.6969],
			"rotation": {"angle": 0, "axis": "x", "origin": [7, 19.24655, 4.87966]},
			"faces": {
				"north": {"uv": [1, 5, 2, 8], "texture": "#0"},
				"east": {"uv": [0, 5, 1, 8], "texture": "#0"},
				"south": {"uv": [3, 5, 4, 8], "texture": "#0"},
				"west": {"uv": [2, 5, 3, 8], "texture": "#0"},
				"up": {"uv": [2, 5, 1, 4], "texture": "#0"},
				"down": {"uv": [3, 4, 2, 5], "texture": "#0"}
			}
		},
		{
			"name": "RightLeg",
			"from": [7.1241, 5.84069, 2.1969],
			"to": [11.0241, 10.64069, 6.1969],
			"rotation": {"angle": 0, "axis": "x", "origin": [7, 19.24655, 4.87966]},
			"faces": {
				"north": {"uv": [1, 5, 2, 8], "texture": "#0"},
				"east": {"uv": [0, 5, 1, 8], "texture": "#0"},
				"south": {"uv": [3, 5, 4, 8], "texture": "#0"},
				"west": {"uv": [2, 5, 3, 8], "texture": "#0"},
				"up": {"uv": [2, 5, 1, 4], "texture": "#0"},
				"down": {"uv": [3, 4, 2, 5], "texture": "#0"}
			}
		},
		{
			"name": "RightLeg",
			"from": [8.0241, 3.91941, -4.26183],
			"to": [10.3241, 11.91941, -2.36183],
			"rotation": {"angle": -45, "axis": "x", "origin": [7, 19.24655, 9.87966]},
			"faces": {
				"north": {"uv": [1, 5, 2, 8], "texture": "#0"},
				"east": {"uv": [0, 5, 1, 8], "texture": "#0"},
				"south": {"uv": [3, 5, 4, 8], "texture": "#0"},
				"west": {"uv": [2, 5, 3, 8], "texture": "#0"},
				"up": {"uv": [2, 5, 1, 4], "texture": "#0"},
				"down": {"uv": [3, 4, 2, 5], "texture": "#0"}
			}
		},
		{
			"name": "RightLeg",
			"from": [7.2241, 8.91941, -5.26183],
			"to": [10.9241, 12.21941, -1.66183],
			"rotation": {"angle": -45, "axis": "x", "origin": [7, 19.24655, 9.87966]},
			"faces": {
				"north": {"uv": [1, 5, 2, 8], "texture": "#0"},
				"east": {"uv": [0, 5, 1, 8], "texture": "#0"},
				"south": {"uv": [3, 5, 4, 8], "texture": "#0"},
				"west": {"uv": [2, 5, 3, 8], "texture": "#0"},
				"up": {"uv": [2, 5, 1, 4], "texture": "#0"},
				"down": {"uv": [3, 4, 2, 5], "texture": "#0"}
			}
		},
		{
			"name": "RightLeg",
			"from": [7.8241, 5.41941, -4.96183],
			"to": [10.6241, 8.21941, -1.96183],
			"rotation": {"angle": -45, "axis": "x", "origin": [7, 19.24655, 9.87966]},
			"faces": {
				"north": {"uv": [1, 5, 2, 8], "texture": "#0"},
				"east": {"uv": [0, 5, 1, 8], "texture": "#0"},
				"south": {"uv": [3, 5, 4, 8], "texture": "#0"},
				"west": {"uv": [2, 5, 3, 8], "texture": "#0"},
				"up": {"uv": [2, 5, 1, 4], "texture": "#0"},
				"down": {"uv": [3, 4, 2, 5], "texture": "#0"}
			}
		},
		{
			"name": "RightLeg",
			"from": [7.2241, 3.81941, -5.36183],
			"to": [10.9241, 5.31941, -1.56183],
			"rotation": {"angle": -45, "axis": "x", "origin": [7, 19.24655, 9.87966]},
			"faces": {
				"north": {"uv": [1.25, 1, 2.25, 4], "texture": "#3"},
				"east": {"uv": [0, 1, 1, 4], "texture": "#3"},
				"south": {"uv": [3, 1, 4, 4], "texture": "#3"},
				"west": {"uv": [2.75, 1, 3.75, 4], "texture": "#3"},
				"up": {"uv": [2.25, 4, 1.25, 3], "texture": "#3"},
				"down": {"uv": [3, 2.75, 2, 3.75], "texture": "#3"}
			}
		}
	],
	"display": {
		"thirdperson_righthand": {
			"translation": [1.5, -10.5, -3.75]
		},
		"head": {
			"translation": [-18.25, -15.25, 28.25],
			"scale": [1.99, 2.01, 1.96]
		}
	},
	"groups": [
		{
			"name": "root",
			"origin": [7, 17, 4],
			"color": 0,
			"children": [
				{
					"name": "Body",
					"origin": [20, 20.70959, -10.74107],
					"color": 0,
					"children": [
						{
							"name": "He",
							"origin": [20, 20.70959, -10.74107],
							"color": 0,
							"children": [0, 1, 2, 3, 4, 5, 6, 7, 8, 9, 10, 11, 12, 13, 14, 15, 16, 17, 18, 19, 20, 21]
						},
						22,
						23,
						24,
						25,
						26,
						27,
						28,
						29,
						30,
						31,
						32,
						33,
						34,
						35,
						36,
						37,
						38,
						39,
						40,
						41,
						42,
						43,
						44,
						45,
						46,
						47,
						48,
						49,
						50,
						51,
						52,
						53,
						54,
						55,
						56,
						{
							"name": "bone",
							"origin": [20, 10.70959, -12.04107],
							"color": 0,
							"children": [57, 58, 59, 60, 61, 62, 63, 64, 65, 66, 67, 68, 69, 70, 71, 72, 73, 74, 75, 76, 77, 78, 79, 80, 81, 82, 83]
						}
					]
				},
				{
					"name": "lefta",
					"origin": [15, 18.70959, -10.74107],
					"color": 0,
					"children": [84, 85, 86, 87, 88, 89, 90, 91, 92, 93, 94]
				},
				{
					"name": "righta",
					"origin": [25, 18.70959, -10.74107],
					"color": 0,
					"children": [95, 96, 97, 98, 99, 100, 101]
				},
				{
					"name": "leftl",
					"origin": [18.1, 8.70959, -10.74107],
					"color": 0,
					"children": [102, 103, 104, 105, 106, 107, 108, 109, 110, 111, 112, 113]
				},
				{
					"name": "rightl",
					"origin": [21.9, 8.70959, -10.74107],
					"color": 0,
					"children": [114, 115, 116, 117, 118, 119]
				}
			]
		}
	]
}